PassengerId,HomePlanet,CryoSleep,Cabin,Destination,Age,VIP,RoomService,FoodCourt,ShoppingMall,Spa,VRDeck,Name,Transported
2010_01,Earth,True,G/324/P,PSO J318.5-22,33.0,False,0.0,0.0,0.0,0.0,,Candyn Gregordy,True
3117_01,Earth,False,F/646/P,TRAPPIST-1e,32.0,False,0.0,0.0,47.0,857.0,23.0,,False
5848_01,Earth,False,E/377/S,,28.0,False,229.0,761.0,0.0,0.0,6.0,Eriana Benney,True
7785_01,Earth,False,G/1261/S,TRAPPIST-1e,13.0,False,406.0,0.0,52.0,0.0,387.0,Luise Bucklandez,False
8375_01,Earth,False,,PSO J318.5-22,15.0,False,64.0,0.0,0.0,0.0,640.0,Carlen Valezaley,True
9152_01,Earth,True,G/1491/P,TRAPPIST-1e,39.0,False,0.0,0.0,0.0,0.0,0.0,Jaimer Mirezavis,True
2912_01,Mars,True,E/178/P,TRAPPIST-1e,34.0,False,0.0,0.0,0.0,0.0,0.0,Beeres Kine,False
4903_01,Earth,False,F/995/P,55 Cancri e,23.0,False,62.0,0.0,0.0,1.0,2203.0,Arla Moodman,False
2162_01,Mars,True,F/425/S,PSO J318.5-22,27.0,False,0.0,0.0,0.0,0.0,0.0,Ral Graie,True
7596_01,Europa,True,C/283/S,55 Cancri e,40.0,False,0.0,0.0,0.0,0.0,0.0,Polaton Fralledic,True
4449_01,Mars,False,D/142/S,TRAPPIST-1e,43.0,False,130.0,0.0,870.0,31.0,26.0,Tyog Cla,True
8669_03,Earth,False,F/1677/S,TRAPPIST-1e,55.0,False,506.0,0.0,456.0,0.0,0.0,Leence Cartiz,False
0287_02,Europa,False,B/12/P,TRAPPIST-1e,28.0,False,0.0,587.0,32.0,6.0,1460.0,Alasym Bootty,False
3749_01,Europa,True,B/119/P,55 Cancri e,45.0,False,0.0,0.0,0.0,0.0,0.0,Enibik Fordulgaug,True
6400_01,Europa,False,A/76/S,55 Cancri e,40.0,False,0.0,1677.0,0.0,109.0,320.0,Eltard Slable,True
8122_02,Europa,False,C/302/S,TRAPPIST-1e,37.0,False,79.0,218.0,0.0,442.0,659.0,Arkaban Coning,True
1579_01,Earth,False,F/311/P,55 Cancri e,26.0,False,333.0,1819.0,0.0,1.0,0.0,Rankie Pughanders,True
6437_01,Earth,False,F/1228/S,55 Cancri e,24.0,False,14.0,0.0,1.0,528.0,109.0,Loree Drakeekss,True
4140_01,Earth,False,F/851/P,PSO J318.5-22,23.0,False,40.0,15.0,30.0,0.0,637.0,Shan Fitzgerson,False
6330_01,Earth,True,G/1027/S,PSO J318.5-22,38.0,False,0.0,0.0,0.0,0.0,0.0,Scotty Avidson,True
3847_01,Europa,False,C/126/P,TRAPPIST-1e,36.0,False,90.0,2050.0,0.0,15.0,1244.0,Gatrino Reshory,False
2112_01,Mars,False,F/418/P,TRAPPIST-1e,29.0,False,860.0,305.0,18.0,1415.0,0.0,Latsts Perty,False
1440_01,Earth,False,F/280/S,TRAPPIST-1e,27.0,False,0.0,1826.0,39.0,11.0,649.0,Jerek Mcleaney,False
4998_01,Earth,True,G/818/S,TRAPPIST-1e,43.0,False,0.0,0.0,0.0,0.0,0.0,Lison Willy,True
7585_03,Europa,False,C/281/S,TRAPPIST-1e,28.0,False,0.0,2674.0,1309.0,18.0,11.0,Unukath Admingried,True
3820_01,Mars,True,F/790/P,TRAPPIST-1e,21.0,False,0.0,0.0,0.0,0.0,0.0,Unchal Ecre,True
0310_01,Europa,False,,TRAPPIST-1e,67.0,False,,230.0,0.0,4476.0,241.0,Naviton Coudered,False
5788_01,Mars,False,F/1105/S,TRAPPIST-1e,27.0,False,850.0,0.0,681.0,1.0,0.0,Ves Birte,True
6991_02,Europa,True,B/233/P,TRAPPIST-1e,43.0,False,0.0,0.0,0.0,0.0,,Spurin Disivering,True
8620_01,Mars,False,F/1659/S,TRAPPIST-1e,35.0,True,1234.0,35.0,7.0,0.0,0.0,Cinets Crité,False
3070_01,Earth,True,G/501/P,TRAPPIST-1e,41.0,False,0.0,0.0,0.0,0.0,0.0,Bel Haydenez,True
2784_01,Earth,False,G/448/P,TRAPPIST-1e,46.0,False,0.0,0.0,1661.0,52.0,8.0,Monard Walterson,True
4763_01,Mars,False,F/969/P,TRAPPIST-1e,29.0,False,298.0,0.0,888.0,5.0,0.0,Spikes Dutty,True
8727_01,Earth,False,F/1797/P,55 Cancri e,28.0,False,34.0,0.0,0.0,0.0,658.0,Hencey Bulliamoses,False
4061_02,Mars,True,F/766/S,TRAPPIST-1e,0.0,False,0.0,0.0,0.0,0.0,0.0,Graw Kashe,True
5006_02,Europa,True,B/166/P,55 Cancri e,44.0,False,0.0,0.0,0.0,0.0,0.0,Alyat Stingive,True
0709_02,Europa,True,A/7/S,55 Cancri e,25.0,,0.0,,0.0,0.0,0.0,Thaban Missefle,True
3875_01,Earth,False,E/232/P,TRAPPIST-1e,19.0,False,0.0,0.0,3.0,785.0,0.0,Teremy Garzaley,False
1865_06,,False,G/292/S,TRAPPIST-1e,6.0,False,0.0,0.0,0.0,0.0,0.0,Racyle Roses,False
6582_01,Europa,False,A/66/P,55 Cancri e,25.0,False,0.0,1538.0,97.0,530.0,35.0,Sitron Platch,False
8616_02,Mars,True,F/1767/P,55 Cancri e,20.0,False,0.0,0.0,0.0,0.0,0.0,Skies Coune,True
3132_01,Mars,True,F/649/P,TRAPPIST-1e,31.0,False,0.0,0.0,0.0,0.0,0.0,Sce Meake,True
0835_01,Earth,False,G/124/S,55 Cancri e,14.0,False,77.0,0.0,9.0,424.0,166.0,Briane Frazie,False
1533_01,Earth,False,G/244/P,TRAPPIST-1e,53.0,False,1015.0,0.0,0.0,0.0,1.0,Tricky Potters,False
6127_01,Europa,False,E/404/S,TRAPPIST-1e,27.0,False,551.0,1436.0,0.0,462.0,309.0,Axionif Crueld,False
3959_01,Earth,False,G/646/P,TRAPPIST-1e,21.0,False,0.0,80.0,255.0,0.0,5190.0,Leahy Sullones,False
3014_01,Europa,False,C/115/S,55 Cancri e,40.0,False,82.0,1390.0,0.0,347.0,6237.0,Alduson Oilpuring,False
8783_01,Mars,False,D/276/P,,18.0,False,697.0,0.0,25.0,0.0,61.0,Pebix Wate,False
9107_01,Earth,True,G/1467/S,TRAPPIST-1e,36.0,False,0.0,0.0,0.0,0.0,0.0,Eriky Callowery,False
2890_01,Europa,False,B/89/P,TRAPPIST-1e,44.0,False,0.0,351.0,0.0,3.0,3447.0,Jabbab Cattyried,False
8841_01,Mars,True,F/1822/P,TRAPPIST-1e,28.0,False,0.0,0.0,0.0,0.0,0.0,Asinch Derry,True
5960_02,Europa,False,C/222/S,TRAPPIST-1e,29.0,False,3215.0,1211.0,4.0,7.0,417.0,Aliakan Dister,True
2215_02,Europa,False,A/27/S,TRAPPIST-1e,43.0,False,2.0,2229.0,33.0,6.0,198.0,,True
6848_01,Europa,True,D/214/P,TRAPPIST-1e,13.0,False,0.0,0.0,0.0,0.0,0.0,Marinon Ambleetive,True
2622_01,Earth,False,F/505/S,55 Cancri e,34.0,False,492.0,0.0,13.0,55.0,0.0,Tera Coley,False
4316_01,Earth,False,F/894/P,PSO J318.5-22,,False,0.0,22.0,0.0,1156.0,0.0,Marace Cleang,False
0167_02,Mars,False,F/35/S,TRAPPIST-1e,27.0,False,1365.0,0.0,48.0,22.0,137.0,Rios Floaf,False
3296_01,Earth,False,F/624/S,55 Cancri e,44.0,False,632.0,0.0,101.0,5.0,0.0,Ginia Villenson,True
7984_04,Mars,False,F/1653/P,TRAPPIST-1e,1.0,False,0.0,0.0,0.0,0.0,0.0,Guakes Birt,True
5014_02,Mars,True,F/1022/P,TRAPPIST-1e,5.0,False,0.0,0.0,0.0,0.0,0.0,Moste Porté,True
6821_01,Earth,False,F/1420/P,TRAPPIST-1e,43.0,False,142.0,1208.0,0.0,0.0,204.0,Landa Grifford,False
5960_01,Europa,False,C/222/S,TRAPPIST-1e,28.0,False,0.0,4780.0,1761.0,1.0,247.0,Eltares Dister,True
2601_01,Mars,True,F/536/P,TRAPPIST-1e,24.0,False,0.0,0.0,0.0,0.0,0.0,Ries Jamai,True
8992_01,Mars,False,D/283/P,TRAPPIST-1e,46.0,False,479.0,4.0,699.0,0.0,0.0,Tos Brin,False
9259_01,Earth,,F/1893/P,TRAPPIST-1e,44.0,False,1030.0,1015.0,0.0,11.0,,Annah Gilleyons,True
8902_01,Earth,False,G/1436/S,TRAPPIST-1e,19.0,False,16.0,1739.0,9.0,5.0,8.0,Enry Goodson,True
2336_02,Europa,False,A/30/S,TRAPPIST-1e,44.0,True,1409.0,910.0,17.0,1452.0,3782.0,Wezna Fulatorly,False
3169_01,Earth,False,F/598/S,TRAPPIST-1e,26.0,False,207.0,350.0,74.0,0.0,3.0,Lyn Leblanchez,True
3287_03,Earth,False,F/621/S,55 Cancri e,18.0,False,0.0,,14.0,625.0,0.0,Therie Carlsonney,False
1425_01,Earth,False,F/282/P,TRAPPIST-1e,24.0,False,711.0,0.0,0.0,59.0,57.0,Melvia Adavisons,False
2831_02,Europa,False,D/86/P,TRAPPIST-1e,19.0,False,0.0,1.0,0.0,2085.0,55.0,Naviton Impress,False
4874_02,Mars,True,F/925/S,TRAPPIST-1e,18.0,False,0.0,0.0,0.0,0.0,0.0,Cruses Cusa,True
7918_01,Mars,True,F/1640/P,TRAPPIST-1e,24.0,False,0.0,0.0,0.0,0.0,0.0,Allift Flé,True
4621_01,Mars,False,E/289/P,TRAPPIST-1e,28.0,False,0.0,79.0,2003.0,0.0,0.0,Nios Jaflé,True
8363_02,Europa,False,A/101/S,TRAPPIST-1e,26.0,False,0.0,690.0,1.0,1030.0,2273.0,Dira Crelaxle,False
8641_02,Mars,False,F/1667/S,TRAPPIST-1e,19.0,False,1146.0,0.0,3.0,0.0,0.0,Conth Mille,False
7850_01,Mars,True,E/514/S,TRAPPIST-1e,42.0,False,0.0,0.0,0.0,0.0,0.0,Womel Melie,False
0321_01,,False,F/61/S,TRAPPIST-1e,59.0,True,1018.0,0.0,209.0,0.0,0.0,Quites Bache,False
2456_01,Earth,True,G/399/P,PSO J318.5-22,13.0,False,0.0,0.0,0.0,0.0,0.0,Dorey Jarvey,False
0865_02,Europa,True,B/35/S,55 Cancri e,22.0,False,0.0,0.0,0.0,0.0,0.0,Neutria Sandul,True
1400_01,Earth,True,G/217/P,55 Cancri e,14.0,False,0.0,0.0,0.0,0.0,0.0,Hanne Colleruces,True
6254_02,Europa,True,B/243/S,TRAPPIST-1e,59.0,False,0.0,0.0,0.0,0.0,0.0,Sadra Pokeck,True
1123_01,Europa,False,B/40/P,TRAPPIST-1e,28.0,False,0.0,402.0,0.0,135.0,9010.0,Altanin Praded,False
5995_01,Earth,True,G/967/P,PSO J318.5-22,33.0,False,0.0,0.0,0.0,0.0,0.0,Raque Burtiz,True
0177_01,Europa,False,B/2/S,TRAPPIST-1e,38.0,False,0.0,10346.0,1.0,14970.0,2111.0,Toperon Iniouser,False
7803_01,Earth,False,G/1253/P,55 Cancri e,3.0,False,0.0,0.0,0.0,0.0,0.0,Stenny Tranklinay,False
6567_02,Earth,False,F/1365/P,TRAPPIST-1e,41.0,False,18.0,,35.0,0.0,845.0,Guadae Buchansen,False
1368_01,Earth,True,G/208/P,TRAPPIST-1e,27.0,False,0.0,0.0,0.0,0.0,0.0,Iandy Lanks,False
8708_01,Earth,False,G/1413/P,PSO J318.5-22,28.0,False,679.0,0.0,0.0,0.0,0.0,Annard Jacostaffey,False
4338_03,Europa,False,C/156/S,55 Cancri e,44.0,False,0.0,14201.0,0.0,22.0,584.0,Kleeiak Gealloyalt,True
0387_01,Earth,True,G/66/P,TRAPPIST-1e,49.0,False,0.0,0.0,0.0,0.0,0.0,Verek Merce,False
1086_02,Earth,False,G/166/P,TRAPPIST-1e,11.0,False,0.0,0.0,0.0,0.0,,Nancey Willangsey,False
6385_01,Mars,False,,PSO J318.5-22,21.0,False,435.0,0.0,422.0,16.0,0.0,Possh Duncy,False
8988_08,Earth,True,G/1448/S,TRAPPIST-1e,9.0,False,0.0,0.0,0.0,0.0,0.0,Neila Fowlesterez,False
6468_02,Mars,True,F/1339/P,TRAPPIST-1e,8.0,False,0.0,0.0,0.0,0.0,0.0,Guans Crité,True
7937_02,Europa,True,D/229/S,55 Cancri e,30.0,False,0.0,0.0,0.0,0.0,0.0,Sarino Skessid,True
3941_01,Earth,True,G/643/P,TRAPPIST-1e,55.0,False,0.0,0.0,0.0,0.0,0.0,Adanne Mejiaddox,False
0139_01,Europa,True,C/6/S,55 Cancri e,35.0,False,0.0,0.0,0.0,0.0,0.0,Charda Myling,True
3432_01,Earth,False,F/706/P,PSO J318.5-22,23.0,False,381.0,0.0,137.0,104.0,8.0,Bettie Miltongson,False
3912_01,Earth,False,F/737/S,TRAPPIST-1e,15.0,False,309.0,28.0,496.0,20.0,49.0,Carona Cartiz,True
1043_01,Earth,False,F/215/P,TRAPPIST-1e,49.0,False,0.0,0.0,1526.0,960.0,0.0,Gwenda Talls,False
6625_02,Earth,False,F/1379/P,55 Cancri e,15.0,False,3.0,854.0,23.0,0.0,0.0,Hughy Garden,False
7387_01,Europa,False,C/240/P,TRAPPIST-1e,40.0,False,0.0,3508.0,761.0,12.0,32.0,Okulas Blercat,True
5501_01,Earth,False,G/885/S,TRAPPIST-1e,35.0,False,702.0,104.0,5.0,76.0,0.0,Camily Alldson,True
8626_01,Earth,False,F/1770/P,TRAPPIST-1e,26.0,False,1.0,0.0,1.0,15.0,854.0,Alber Corman,False
7260_01,Earth,False,F/1398/S,TRAPPIST-1e,22.0,False,401.0,0.0,196.0,0.0,126.0,Sony Woodwardy,False
2834_01,Europa,False,C/105/S,TRAPPIST-1e,40.0,True,0.0,11.0,0.0,2205.0,1295.0,Bosonan Coniple,True
7353_03,Europa,False,,TRAPPIST-1e,58.0,False,0.0,1386.0,2.0,128.0,2577.0,Auvam Openduave,True
8239_01,Earth,False,F/1579/S,55 Cancri e,21.0,False,499.0,0.0,193.0,1.0,1.0,Marily Garnes,False
0503_02,Mars,False,F/90/S,TRAPPIST-1e,43.0,False,1821.0,0.0,47.0,29.0,0.0,Torms Fone,False
7019_02,Earth,False,F/1457/P,TRAPPIST-1e,20.0,False,0.0,750.0,957.0,0.0,722.0,Kurta Nasquez,False
2171_01,Earth,False,F/433/P,TRAPPIST-1e,24.0,False,388.0,0.0,7.0,409.0,0.0,Sergia Camerrison,False
2475_01,Europa,False,C/85/P,TRAPPIST-1e,,False,0.0,27.0,0.0,3573.0,3643.0,Golaron Folhal,False
6652_01,Earth,False,,PSO J318.5-22,39.0,False,0.0,69.0,29.0,424.0,18.0,Amyra Hersons,False
2466_01,Earth,False,F/472/S,TRAPPIST-1e,42.0,False,,1.0,61.0,897.0,0.0,Carley Harmond,False
7029_01,Earth,False,F/1458/P,TRAPPIST-1e,20.0,False,0.0,0.0,2330.0,120.0,0.0,Eriney Cardsay,True
5808_02,Earth,False,F/1204/P,TRAPPIST-1e,18.0,False,0.0,3.0,41.0,359.0,393.0,Ferry Josey,False
5876_03,Mars,True,F/1213/P,TRAPPIST-1e,22.0,False,0.0,0.0,0.0,0.0,0.0,Wal Cone,True
9225_01,Earth,False,F/1787/S,TRAPPIST-1e,45.0,False,1.0,197.0,0.0,660.0,15.0,Lynnon Meyersones,False
0212_01,Earth,False,E/9/P,TRAPPIST-1e,13.0,False,192.0,0.0,0.0,51.0,739.0,Inen Workmans,False
6674_05,Europa,False,E/426/P,TRAPPIST-1e,25.0,False,0.0,4.0,0.0,1525.0,475.0,Jihda Swirring,False
0179_01,Earth,False,G/26/P,TRAPPIST-1e,19.0,False,1.0,219.0,673.0,2.0,11.0,Elaney Webstephrey,True
8130_02,Earth,False,G/1308/S,55 Cancri e,4.0,False,0.0,0.0,0.0,0.0,0.0,Brie Mcbriddley,False
0378_06,Europa,False,B/11/S,TRAPPIST-1e,33.0,False,0.0,2491.0,6.0,1173.0,1059.0,Sollum Pirejus,False
0026_01,Europa,False,C/0/P,55 Cancri e,34.0,False,22.0,6073.0,0.0,1438.0,328.0,Anyoni Unconary,False
7853_03,Mars,True,F/1502/S,TRAPPIST-1e,9.0,False,0.0,0.0,0.0,0.0,0.0,Cranch Chpie,True
6744_01,Mars,False,F/1399/P,TRAPPIST-1e,21.0,False,1244.0,0.0,1119.0,0.0,3.0,Blakes Nan,False
5900_03,Mars,True,F/1220/P,TRAPPIST-1e,6.0,,0.0,0.0,0.0,0.0,0.0,Gonut Nutca,True
3521_02,Europa,True,B/135/S,TRAPPIST-1e,70.0,False,0.0,0.0,0.0,0.0,0.0,Atrinon Radisiouss,True
5822_01,Earth,True,G/939/P,TRAPPIST-1e,12.0,False,0.0,0.0,0.0,0.0,0.0,Joandy Chapmaney,True
3093_01,Mars,False,E/194/P,55 Cancri e,22.0,False,2229.0,0.0,1349.0,121.0,0.0,Berk Terte,True
1116_02,Earth,,,TRAPPIST-1e,36.0,False,0.0,3011.0,0.0,0.0,98.0,Evane Barnolaney,True
2708_01,Earth,False,F/522/S,PSO J318.5-22,23.0,False,3.0,548.0,37.0,0.0,12.0,Pattin Cardner,True
6829_03,Earth,True,G/1109/P,TRAPPIST-1e,32.0,False,0.0,0.0,0.0,0.0,0.0,Enryn Hubbarrison,False
0008_01,Europa,True,B/1/P,55 Cancri e,14.0,False,0.0,0.0,0.0,0.0,0.0,Erraiam Flatic,True
1661_04,Europa,False,A/20/S,TRAPPIST-1e,37.0,False,0.0,2390.0,0.0,1306.0,,Branev Fringh,False
1850_01,Earth,False,F/356/S,PSO J318.5-22,54.0,False,0.0,316.0,257.0,0.0,0.0,Troya Schwardson,False
1573_01,Mars,False,D/56/S,TRAPPIST-1e,55.0,False,938.0,0.0,82.0,0.0,162.0,Lychex Butte,False
3742_02,Earth,True,G/607/P,TRAPPIST-1e,24.0,False,0.0,0.0,0.0,0.0,0.0,Paulia Hickett,True
9199_01,Europa,True,E/590/P,55 Cancri e,33.0,False,0.0,0.0,0.0,0.0,0.0,Sterion Dianket,True
0337_02,Mars,False,F/63/S,TRAPPIST-1e,19.0,False,417.0,349.0,634.0,3.0,1057.0,Weros Perle,True
6760_01,Mars,False,F/1404/P,PSO J318.5-22,30.0,False,51.0,0.0,1373.0,0.0,5.0,Shex Pri,True
2986_01,Mars,False,E/197/S,TRAPPIST-1e,15.0,False,5711.0,0.0,2516.0,0.0,1370.0,Swaffs Dutty,False
4576_01,Earth,False,F/942/P,TRAPPIST-1e,37.0,False,661.0,876.0,0.0,3.0,13.0,Fayene Cartz,False
3619_01,Europa,False,B/114/P,TRAPPIST-1e,36.0,False,43.0,2.0,0.0,14.0,16337.0,Tauva Roureed,False
8098_03,Europa,True,B/269/P,55 Cancri e,18.0,False,0.0,,0.0,0.0,0.0,Minkark Mosteraked,True
1854_01,Europa,False,A/22/S,55 Cancri e,53.0,False,0.0,13527.0,0.0,0.0,771.0,Gorab Unprive,True
7987_01,Mars,False,D/248/P,TRAPPIST-1e,40.0,False,3809.0,0.0,21.0,0.0,1.0,Doulls Boyst,False
8719_02,Europa,False,A/104/S,55 Cancri e,54.0,False,0.0,1821.0,2370.0,949.0,46.0,Astrak Alcemblery,False
7565_03,Europa,False,B/247/P,55 Cancri e,25.0,False,0.0,772.0,0.0,125.0,5913.0,Matark Praded,False
2361_02,Earth,False,F/481/P,,29.0,False,0.0,0.0,792.0,0.0,0.0,Megany Belley,True
0108_03,Earth,False,G/19/S,TRAPPIST-1e,0.0,,0.0,0.0,0.0,0.0,0.0,Oline Handertiz,True
9256_01,Earth,True,G/1494/S,TRAPPIST-1e,28.0,False,0.0,0.0,0.0,0.0,0.0,Darley Franton,True
3715_03,Earth,False,G/602/P,TRAPPIST-1e,2.0,False,0.0,0.0,0.0,0.0,0.0,Vane Hubbarton,True
5108_01,Earth,True,G/825/P,PSO J318.5-22,17.0,False,,0.0,0.0,0.0,0.0,Louisy Hughriend,True
8604_02,Mars,True,F/1765/P,TRAPPIST-1e,21.0,False,0.0,0.0,0.0,0.0,0.0,Halesh Stité,True
8094_01,Europa,False,C/265/P,TRAPPIST-1e,60.0,False,19.0,7316.0,0.0,0.0,1781.0,Geonkaa Pokebox,True
3966_03,Earth,False,G/649/P,TRAPPIST-1e,0.0,False,0.0,0.0,0.0,0.0,0.0,Adriet Kerristicey,True
0111_01,Europa,True,E/6/S,TRAPPIST-1e,29.0,False,0.0,0.0,0.0,0.0,0.0,Aldera Supred,True
1063_01,,False,B/38/P,TRAPPIST-1e,38.0,False,0.0,3262.0,0.0,295.0,1374.0,Markar Ingwhed,True
0330_03,Europa,False,C/14/S,TRAPPIST-1e,33.0,False,443.0,317.0,0.0,148.0,1260.0,Hekaton Siveduced,False
2509_01,Earth,False,F/483/S,TRAPPIST-1e,43.0,False,0.0,9.0,1145.0,0.0,0.0,Wen Georgasey,False
6087_01,Earth,False,F/1160/S,TRAPPIST-1e,19.0,False,605.0,0.0,24.0,1.0,86.0,Nadie Rodger,False
8136_02,Europa,False,C/268/P,TRAPPIST-1e,60.0,False,0.0,5998.0,0.0,4794.0,8.0,Achium Inderad,False
5431_01,Earth,False,E/350/S,55 Cancri e,33.0,False,2.0,0.0,0.0,,720.0,Joycey Wheelez,True
5530_02,Mars,True,F/1144/P,TRAPPIST-1e,44.0,False,0.0,0.0,0.0,0.0,0.0,Mondax Mesty,True
6751_01,Mars,True,F/1290/S,TRAPPIST-1e,23.0,False,0.0,0.0,0.0,0.0,0.0,Trisp Berle,True
0628_01,Earth,False,F/133/P,TRAPPIST-1e,44.0,False,103.0,0.0,18.0,1197.0,1.0,Joela Gainebergan,True
0678_01,Earth,True,G/103/S,TRAPPIST-1e,37.0,False,0.0,0.0,0.0,0.0,0.0,Bettie Moodman,False
8382_01,Europa,False,C/277/P,TRAPPIST-1e,43.0,False,0.0,7269.0,0.0,2750.0,2367.0,,False
4497_01,Earth,True,G/737/P,TRAPPIST-1e,35.0,False,0.0,0.0,0.0,0.0,0.0,Rician Loway,False
0881_01,Europa,False,D/32/S,TRAPPIST-1e,41.0,False,3103.0,3.0,0.0,31.0,26.0,Gollux Reedall,False
3650_01,Earth,True,G/596/P,TRAPPIST-1e,37.0,False,0.0,0.0,0.0,0.0,0.0,Darrie Keithunts,True
7396_03,Europa,True,C/271/S,PSO J318.5-22,35.0,False,0.0,0.0,0.0,0.0,0.0,Elerops Monsintic,True
9034_04,Europa,False,D/288/P,TRAPPIST-1e,60.0,False,0.0,,947.0,668.0,1.0,,True
7093_01,Earth,True,G/1143/P,TRAPPIST-1e,32.0,False,0.0,0.0,0.0,0.0,0.0,Annya Patthews,False
9078_01,Earth,False,E/594/S,PSO J318.5-22,44.0,False,0.0,2.0,0.0,0.0,1556.0,Dondy Johnshines,False
8602_03,Earth,True,G/1396/P,,24.0,,0.0,0.0,0.0,0.0,0.0,Elson Weissey,False
4510_01,Europa,False,B/177/S,TRAPPIST-1e,57.0,False,0.0,0.0,0.0,0.0,0.0,Gluinom Siviothy,True
3680_02,Europa,True,C/121/P,55 Cancri e,23.0,False,0.0,0.0,0.0,0.0,0.0,,True
3209_01,Mars,True,F/672/P,TRAPPIST-1e,10.0,False,0.0,0.0,0.0,0.0,0.0,Ech Nutca,True
1540_02,Europa,False,C/55/P,TRAPPIST-1e,33.0,True,0.0,7139.0,22.0,0.0,553.0,Duhratz Clumshangs,True
8027_01,Earth,False,G/1297/S,TRAPPIST-1e,12.0,False,0.0,0.0,0.0,0.0,0.0,Garlie Kirks,False
4344_01,Earth,False,F/816/S,TRAPPIST-1e,18.0,False,0.0,35.0,661.0,0.0,63.0,Roydo Hammonton,True
2871_01,Europa,True,B/88/P,TRAPPIST-1e,17.0,False,0.0,0.0,0.0,,0.0,Acruxon Unregul,True
5908_01,Earth,False,F/1126/S,TRAPPIST-1e,42.0,False,84.0,392.0,300.0,0.0,0.0,Paulia Brooker,True
7289_01,Europa,False,A/78/P,55 Cancri e,52.0,False,360.0,1314.0,8.0,641.0,66.0,Naschab Purellliss,True
2298_01,Earth,False,F/467/P,PSO J318.5-22,33.0,False,270.0,412.0,1.0,,5.0,Thery Fredersend,False
1892_01,Europa,False,D/59/P,TRAPPIST-1e,50.0,False,5.0,809.0,0.0,309.0,731.0,Coxark Couseced,True
3724_01,Earth,True,G/609/S,TRAPPIST-1e,24.0,False,0.0,0.0,0.0,0.0,0.0,Yvonna Mcdowns,True
7650_03,Earth,True,G/1242/S,PSO J318.5-22,3.0,False,0.0,0.0,0.0,0.0,0.0,Meline Potters,True
5655_01,Earth,False,F/1172/P,PSO J318.5-22,42.0,False,1188.0,39.0,3.0,3.0,0.0,Laude Browlerson,False
7353_02,Europa,True,C/269/S,TRAPPIST-1e,46.0,False,0.0,0.0,0.0,0.0,0.0,Sularon Openduave,True
3276_01,Europa,False,A/29/P,TRAPPIST-1e,33.0,False,20.0,653.0,0.0,121.0,483.0,Prope Wirdley,False
1071_01,,False,T/0/P,TRAPPIST-1e,35.0,False,415.0,1328.0,0.0,14.0,60.0,Alraida Dingauge,False
7837_01,Europa,True,B/306/S,55 Cancri e,44.0,False,0.0,0.0,0.0,0.0,0.0,Taurah Kiling,True
3413_01,Earth,True,G/559/P,PSO J318.5-22,27.0,False,0.0,0.0,0.0,0.0,0.0,Weney Franton,False
8772_01,Europa,True,B/339/S,55 Cancri e,15.0,False,0.0,0.0,0.0,0.0,0.0,,True
1095_01,Europa,True,,TRAPPIST-1e,34.0,False,0.0,0.0,0.0,0.0,0.0,Alhail Drelcate,True
7395_01,Europa,True,B/277/S,55 Cancri e,17.0,False,0.0,0.0,0.0,0.0,0.0,Schelik Suasharic,True
4605_01,Earth,False,G/750/P,TRAPPIST-1e,45.0,False,0.0,0.0,0.0,774.0,0.0,Agnesa Loway,False
5868_01,Earth,False,E/379/S,TRAPPIST-1e,62.0,False,104.0,53.0,194.0,436.0,0.0,Yolace Blangibson,False
6706_02,Europa,True,B/224/P,TRAPPIST-1e,25.0,False,0.0,0.0,0.0,0.0,0.0,Arix Dishocatal,True
0446_01,Europa,True,B/21/P,55 Cancri e,22.0,False,0.0,0.0,0.0,0.0,0.0,Hadira Singmage,True
8694_02,Earth,False,G/1411/P,TRAPPIST-1e,10.0,False,0.0,0.0,0.0,0.0,0.0,Dixiel Lunapperts,False
0693_01,Europa,True,,55 Cancri e,35.0,False,0.0,0.0,0.0,,0.0,Mothab Dedometeel,True
4563_01,Europa,True,C/169/S,55 Cancri e,19.0,False,0.0,0.0,0.0,0.0,0.0,Altanin Switud,True
3904_01,Earth,False,G/637/S,TRAPPIST-1e,65.0,False,0.0,0.0,0.0,0.0,909.0,Joanie Charpelaney,False
1764_01,Mars,True,F/337/S,TRAPPIST-1e,59.0,False,0.0,0.0,0.0,0.0,0.0,Gies Laai,True
5207_02,Earth,False,F/998/S,TRAPPIST-1e,31.0,False,1364.0,0.0,0.0,0.0,21.0,Rossie Chanan,False
4218_02,Mars,False,F/867/P,TRAPPIST-1e,30.0,False,176.0,0.0,2310.0,0.0,,Relix Tert,True
5177_01,Europa,False,B/201/S,TRAPPIST-1e,26.0,True,0.0,0.0,0.0,0.0,0.0,Aldebah Gealably,True
3795_01,Europa,True,C/136/S,55 Cancri e,,False,0.0,0.0,0.0,0.0,0.0,Muonus Clinarfork,True
2045_01,Earth,True,G/324/S,55 Cancri e,42.0,False,0.0,0.0,0.0,0.0,,Gaylah Whitneyes,True
2945_01,Earth,True,G/479/P,55 Cancri e,39.0,False,0.0,0.0,0.0,0.0,0.0,Jeanie Moodsey,True
8821_01,Earth,False,E/565/P,TRAPPIST-1e,45.0,False,198.0,454.0,1.0,0.0,4.0,Heremy Lewinez,True
1821_01,Earth,False,G/298/P,TRAPPIST-1e,26.0,False,,4.0,361.0,0.0,19.0,Ronna Cohendright,False
3391_01,Europa,True,B/105/P,TRAPPIST-1e,25.0,False,0.0,0.0,0.0,0.0,0.0,Misaleh Ennalve,True
6077_01,Earth,True,G/985/P,TRAPPIST-1e,17.0,False,0.0,,0.0,0.0,0.0,Armene Lewintos,True
3353_06,Europa,False,C/125/S,TRAPPIST-1e,45.0,False,0.0,1897.0,0.0,880.0,605.0,Hamelik Reming,True
5861_01,Earth,False,G/949/S,TRAPPIST-1e,27.0,False,0.0,1774.0,0.0,17.0,13.0,Melica Browlerson,True
8521_01,Europa,False,A/102/S,TRAPPIST-1e,41.0,False,0.0,0.0,0.0,0.0,0.0,Castab Cuplial,False
1083_03,Mars,False,F/206/S,TRAPPIST-1e,18.0,False,556.0,0.0,0.0,852.0,6.0,Hion Sfin,True
8345_01,Earth,False,F/1602/S,PSO J318.5-22,18.0,False,0.0,0.0,1792.0,16.0,248.0,Glena Franton,False
8639_01,Mars,True,E/567/S,TRAPPIST-1e,21.0,False,0.0,0.0,0.0,0.0,0.0,Wifts Berle,False
0992_04,Europa,False,,55 Cancri e,35.0,True,8030.0,300.0,0.0,0.0,1436.0,Naosa Herpumble,False
4841_03,Europa,False,B/192/S,TRAPPIST-1e,25.0,False,21.0,2148.0,0.0,1966.0,12708.0,Cellus Prefule,False
3753_01,Earth,False,F/776/P,55 Cancri e,55.0,False,0.0,519.0,131.0,63.0,3.0,,False
6098_01,Earth,False,F/1163/S,55 Cancri e,27.0,False,0.0,0.0,0.0,2725.0,73.0,Essara Contrevins,False
8354_01,Europa,True,B/323/S,TRAPPIST-1e,15.0,False,0.0,0.0,0.0,0.0,0.0,Phargak Springht,True
0470_01,Mars,True,F/86/S,55 Cancri e,25.0,False,0.0,0.0,0.0,0.0,,Aptal Binie,True
0270_01,Earth,False,F/59/P,TRAPPIST-1e,63.0,False,0.0,25.0,128.0,0.0,1240.0,Cathya Fryersonis,False
6277_01,Earth,True,G/1014/S,TRAPPIST-1e,23.0,False,0.0,0.0,0.0,,0.0,Kylen Haynardy,True
6353_01,Europa,True,D/199/P,TRAPPIST-1e,53.0,False,0.0,0.0,0.0,0.0,0.0,,True
4113_01,Europa,True,B/129/P,55 Cancri e,16.0,False,0.0,0.0,0.0,0.0,0.0,Taraid Bradiary,True
1311_01,Mars,False,F/265/P,,1.0,False,0.0,0.0,0.0,0.0,0.0,Pios Make,True
3004_02,Earth,False,F/572/S,TRAPPIST-1e,32.0,False,0.0,53.0,0.0,744.0,0.0,Tin Clinantones,False
7148_01,Europa,False,A/87/S,55 Cancri e,51.0,True,0.0,287.0,0.0,1442.0,66.0,Ranark Patimonne,True
7524_02,Earth,True,G/1215/P,PSO J318.5-22,23.0,False,0.0,0.0,0.0,0.0,0.0,Britta Simpsonks,True
5128_01,Mars,False,F/1045/P,TRAPPIST-1e,65.0,False,56.0,0.0,1081.0,21.0,0.0,Forn Frazo,False
4853_01,Europa,False,C/153/P,TRAPPIST-1e,30.0,False,4531.0,212.0,10.0,157.0,12.0,Gimpus Inkcablel,False
3318_04,Europa,True,B/123/S,,44.0,False,,0.0,0.0,0.0,0.0,Diskeh Openduave,True
2427_01,Europa,True,B/94/S,TRAPPIST-1e,26.0,False,0.0,0.0,0.0,0.0,0.0,Marfak Geneltic,True
1879_01,Europa,False,D/58/P,TRAPPIST-1e,36.0,False,0.0,583.0,1789.0,19.0,1009.0,Alhair Inderly,False
9195_02,Mars,True,F/1779/S,,33.0,False,0.0,0.0,0.0,0.0,0.0,Ceros Purle,True
5825_01,Europa,False,B/198/P,TRAPPIST-1e,43.0,False,0.0,8808.0,0.0,580.0,0.0,Betenar Apenelexy,True
1979_01,Earth,False,F/376/S,TRAPPIST-1e,26.0,False,401.0,0.0,693.0,62.0,0.0,Delley Moodson,False
3423_01,Earth,True,G/561/P,TRAPPIST-1e,21.0,,0.0,0.0,0.0,0.0,0.0,Heald Johnsby,True
9127_01,Earth,False,G/1470/S,PSO J318.5-22,26.0,False,0.0,749.0,20.0,0.0,0.0,Yola Pittler,False
1796_01,Europa,True,C/67/S,TRAPPIST-1e,26.0,,0.0,0.0,0.0,0.0,0.0,Alcyon Hariourcal,True
6485_01,Earth,False,F/1238/S,55 Cancri e,78.0,False,0.0,213.0,202.0,288.0,0.0,Regory Haydenzier,True
9019_01,Earth,False,E/592/S,55 Cancri e,48.0,False,304.0,0.0,164.0,320.0,0.0,Valex Alldson,False
6511_02,Earth,True,G/1055/P,TRAPPIST-1e,31.0,False,0.0,0.0,0.0,0.0,0.0,Trick Gainney,False
8770_03,Earth,False,,PSO J318.5-22,14.0,False,476.0,14.0,0.0,328.0,8.0,Sony Morgerson,False
8760_01,Earth,False,F/1696/S,,22.0,False,804.0,0.0,0.0,0.0,0.0,Tance Alvasquez,False
3988_01,Mars,False,D/134/P,TRAPPIST-1e,26.0,False,1632.0,0.0,80.0,7.0,0.0,Beal Soun,False
0360_01,Earth,False,F/67/S,TRAPPIST-1e,15.0,False,358.0,212.0,33.0,0.0,112.0,Elancy Staffersby,False
4207_01,,True,B/163/S,TRAPPIST-1e,25.0,False,0.0,0.0,0.0,0.0,0.0,Scepton Perable,True
6490_02,Europa,False,C/201/P,55 Cancri e,29.0,False,0.0,889.0,0.0,4921.0,290.0,Phecca Ineded,False
1935_01,Earth,True,G/307/S,55 Cancri e,18.0,False,0.0,0.0,0.0,0.0,0.0,Sharie Gallenry,False
3196_01,Mars,False,F/667/P,TRAPPIST-1e,38.0,False,1046.0,0.0,1553.0,0.0,0.0,Flats Chate,False
0542_01,Earth,False,G/84/P,TRAPPIST-1e,26.0,False,9.0,0.0,0.0,0.0,878.0,Landa Ments,False
2302_01,Europa,False,A/18/P,TRAPPIST-1e,54.0,True,0.0,3381.0,0.0,4463.0,34.0,Sterion Dedometeel,False
7176_03,Europa,False,C/232/P,TRAPPIST-1e,25.0,False,0.0,3590.0,0.0,27.0,0.0,Sadlami Chhaft,True
5843_01,Earth,True,G/947/S,TRAPPIST-1e,58.0,False,0.0,0.0,0.0,0.0,0.0,Hughy Hessey,True
0597_02,Earth,True,G/91/P,TRAPPIST-1e,21.0,False,0.0,0.0,0.0,0.0,0.0,Bertle Roachoanand,False
8728_02,Earth,False,G/1416/P,TRAPPIST-1e,55.0,False,694.0,0.0,1.0,87.0,0.0,Eilan Fulloydez,False
1053_01,Earth,False,F/199/S,PSO J318.5-22,27.0,False,182.0,0.0,0.0,0.0,376.0,Rald Colleruces,False
3180_01,Earth,False,F/663/P,TRAPPIST-1e,22.0,False,,1.0,379.0,0.0,336.0,Hery Lewinez,False
8716_01,Earth,False,F/1793/P,PSO J318.5-22,20.0,False,426.0,0.0,220.0,2.0,0.0,Rankie Graneyes,False
8407_01,Earth,False,F/1613/S,TRAPPIST-1e,34.0,False,44.0,1290.0,51.0,0.0,9.0,Amandy Hessey,False
2384_06,Earth,,G/383/S,TRAPPIST-1e,30.0,False,0.0,0.0,0.0,0.0,0.0,Lerome Cleachrand,False
0441_01,Earth,False,F/79/S,55 Cancri e,32.0,False,0.0,0.0,0.0,722.0,0.0,Loree Hahnstonsen,False
0966_01,Earth,False,F/179/S,TRAPPIST-1e,29.0,False,1377.0,0.0,0.0,167.0,0.0,Duana Fulloydez,False
7761_01,Earth,False,F/1612/P,TRAPPIST-1e,23.0,False,1.0,0.0,0.0,237.0,553.0,Benja Watsongley,True
9247_01,Earth,True,G/1491/S,TRAPPIST-1e,33.0,False,0.0,0.0,0.0,0.0,,Phia Cleang,False
0770_01,Earth,True,G/117/S,TRAPPIST-1e,0.0,False,0.0,0.0,0.0,0.0,0.0,Alendy Mclardson,False
4999_01,Earth,False,F/950/S,TRAPPIST-1e,30.0,False,1120.0,0.0,0.0,0.0,794.0,Chelly Mckins,False
8796_01,Earth,False,G/1418/S,TRAPPIST-1e,6.0,False,0.0,0.0,0.0,0.0,0.0,Daisya Traverdy,True
0430_01,Earth,False,F/75/S,TRAPPIST-1e,29.0,False,0.0,1026.0,0.0,16.0,0.0,Eliana Jorden,True
4625_03,Europa,False,,TRAPPIST-1e,52.0,False,0.0,3275.0,111.0,51.0,18.0,Shaton Ineedeve,True
4453_01,Europa,False,D/149/P,TRAPPIST-1e,28.0,False,0.0,2560.0,0.0,134.0,307.0,Azhasim Inguel,False
2605_01,Mars,True,D/88/S,55 Cancri e,43.0,False,0.0,0.0,0.0,0.0,0.0,Vere Cone,True
2584_01,Earth,,G/417/P,PSO J318.5-22,21.0,False,0.0,0.0,,0.0,0.0,Lilace Woodwardy,False
4940_01,Earth,True,G/805/S,,19.0,False,0.0,0.0,0.0,0.0,0.0,Dony Vantonson,True
3318_02,Europa,True,B/123/S,55 Cancri e,32.0,False,0.0,0.0,0.0,0.0,0.0,Azhab Openduave,True
6073_01,Mars,True,F/1156/S,55 Cancri e,26.0,False,0.0,0.0,0.0,0.0,0.0,Bubbix Sau,True
1308_03,Europa,False,E/94/S,55 Cancri e,37.0,False,0.0,439.0,0.0,3198.0,6.0,Grafi Plegred,False
9252_02,Europa,True,B/301/P,55 Cancri e,19.0,False,0.0,0.0,0.0,0.0,0.0,Muonon Stranbeate,True
8374_01,Europa,True,,55 Cancri e,37.0,False,0.0,0.0,0.0,0.0,0.0,Gacrab Stubtlarle,True
5301_01,Europa,True,B/181/P,TRAPPIST-1e,21.0,False,0.0,0.0,0.0,0.0,0.0,Altara Pretive,True
6931_01,Europa,True,C/222/P,55 Cancri e,37.0,False,0.0,0.0,0.0,0.0,0.0,Spurin Amonsmane,True
6224_01,Earth,False,F/1191/S,TRAPPIST-1e,16.0,False,0.0,0.0,60.0,0.0,1963.0,Loree Rodger,False
6443_05,Earth,False,F/1229/S,TRAPPIST-1e,16.0,False,45.0,0.0,622.0,0.0,564.0,Kimena Cartyernan,False
0282_01,Earth,False,F/54/S,TRAPPIST-1e,21.0,False,0.0,918.0,0.0,0.0,0.0,Valex Baketton,True
5744_01,Earth,False,G/931/S,TRAPPIST-1e,23.0,False,0.0,37.0,859.0,9.0,1.0,Felice Hinglendez,True
5545_03,Earth,True,G/894/S,TRAPPIST-1e,0.0,False,0.0,0.0,0.0,0.0,0.0,Nance Rigginsen,True
5535_01,Earth,False,G/893/S,TRAPPIST-1e,20.0,,41.0,222.0,0.0,43.0,601.0,Nichad Arner,True
5497_02,Europa,False,B/210/S,TRAPPIST-1e,28.0,False,0.0,0.0,0.0,0.0,0.0,Edaron Covetive,True
8122_01,Europa,False,C/302/S,55 Cancri e,58.0,False,0.0,226.0,0.0,5481.0,,Sadiram Coning,False
4446_02,Europa,False,B/175/S,TRAPPIST-1e,37.0,False,0.0,3603.0,33.0,7113.0,1.0,Fomamak Chocaters,False
3572_01,Earth,False,G/584/P,TRAPPIST-1e,25.0,False,19.0,0.0,0.0,1679.0,0.0,Coren Bucknersony,False
2502_01,Earth,False,G/404/S,TRAPPIST-1e,24.0,False,873.0,12.0,1.0,0.0,3.0,Karlie Beckerson,False
7569_02,Mars,False,D/237/P,TRAPPIST-1e,50.0,True,828.0,0.0,572.0,1367.0,0.0,Oate Sune,False
0081_01,Earth,True,G/13/S,TRAPPIST-1e,13.0,False,0.0,0.0,0.0,0.0,0.0,Dellie Vinozarks,False
6664_01,Earth,False,G/1088/S,TRAPPIST-1e,18.0,False,0.0,0.0,827.0,0.0,0.0,Annaha Barnoldeney,True
3193_01,Mars,False,F/666/P,TRAPPIST-1e,27.0,True,309.0,,849.0,0.0,0.0,Golve Mushe,True
2096_02,Mars,False,F/412/S,TRAPPIST-1e,49.0,False,1624.0,0.0,68.0,,0.0,Weaffs Kinie,False
2709_01,Mars,True,F/523/S,TRAPPIST-1e,3.0,False,0.0,0.0,0.0,0.0,0.0,Pies Welto,True
0714_01,Earth,True,G/109/P,PSO J318.5-22,38.0,False,0.0,0.0,0.0,0.0,0.0,Erie Rilley,True
5983_02,Mars,True,F/1233/P,TRAPPIST-1e,47.0,False,0.0,0.0,0.0,0.0,0.0,Allots Knike,True
2832_01,Earth,False,E/173/P,TRAPPIST-1e,34.0,False,0.0,250.0,23.0,0.0,514.0,,False
7109_01,Europa,False,B/268/S,55 Cancri e,49.0,False,0.0,7683.0,0.0,13016.0,0.0,Goros Healted,False
3987_01,Earth,False,F/822/P,TRAPPIST-1e,17.0,False,103.0,2183.0,0.0,16.0,0.0,Irmark Briggston,True
3732_04,Europa,False,A/43/S,55 Cancri e,27.0,False,3340.0,588.0,,173.0,71.0,Duhra Scoudelle,False
5466_03,Europa,False,B/185/P,TRAPPIST-1e,6.0,False,0.0,0.0,0.0,0.0,0.0,Alballa Boltund,True
9203_01,Mars,True,F/1780/S,55 Cancri e,22.0,False,0.0,0.0,0.0,0.0,0.0,Kies Fort,True
5627_01,Earth,False,G/899/P,TRAPPIST-1e,31.0,False,0.0,0.0,0.0,0.0,0.0,Nelsie Stanters,False
8128_01,Mars,True,F/1682/P,TRAPPIST-1e,24.0,False,0.0,0.0,0.0,0.0,0.0,Mele Queke,True
3370_01,Mars,False,D/109/S,TRAPPIST-1e,18.0,False,2532.0,0.0,46.0,0.0,0.0,Par Port,False
9085_03,Europa,True,A/95/P,TRAPPIST-1e,57.0,False,0.0,0.0,0.0,0.0,0.0,Atrix Hometerval,True
5039_01,Mars,False,F/958/S,TRAPPIST-1e,16.0,False,1285.0,,14.0,1386.0,0.0,Jayrin Bate,False
0940_01,Earth,False,G/136/P,TRAPPIST-1e,38.0,False,55.0,741.0,0.0,0.0,13.0,Armen Byerton,True
2282_01,Earth,,F/461/P,TRAPPIST-1e,20.0,False,0.0,544.0,1.0,0.0,378.0,Ellena Burtiz,False
0809_02,Mars,False,F/151/S,TRAPPIST-1e,,False,1227.0,42.0,1.0,0.0,0.0,Crin Meake,False
6764_02,Mars,False,F/1294/S,TRAPPIST-1e,31.0,False,76.0,0.0,2398.0,102.0,23.0,Supix Rake,True
7499_01,Earth,False,F/1551/P,55 Cancri e,20.0,False,30.0,132.0,1121.0,0.0,0.0,Enrie Hayder,True
7626_01,Earth,False,E/496/P,TRAPPIST-1e,29.0,False,767.0,16.0,9.0,0.0,0.0,Nandy Stephendsey,False
0918_01,Earth,False,E/66/S,TRAPPIST-1e,24.0,False,47.0,0.0,10.0,139.0,1406.0,Caseye Fuenterson,False
6067_01,Earth,False,G/984/P,TRAPPIST-1e,23.0,False,0.0,0.0,0.0,44.0,1721.0,Dellie Perkinson,False
6478_01,Mars,False,E/412/P,TRAPPIST-1e,29.0,False,1290.0,0.0,6.0,1.0,0.0,Cole Hac,False
7077_01,Earth,False,F/1353/S,TRAPPIST-1e,36.0,False,21.0,0.0,844.0,0.0,0.0,Idarry Oneidson,False
5737_02,Europa,False,C/216/S,TRAPPIST-1e,35.0,False,0.0,7636.0,0.0,353.0,705.0,Lesaton Inicont,True
3254_01,Europa,False,C/121/S,TRAPPIST-1e,28.0,False,0.0,3315.0,0.0,594.0,85.0,Alphein Igmable,True
3853_01,Earth,False,F/725/S,PSO J318.5-22,18.0,False,16.0,6.0,735.0,0.0,0.0,Jeane Herreras,True
5930_03,Europa,True,B/227/S,55 Cancri e,19.0,False,0.0,0.0,0.0,0.0,0.0,Sarich Geakerat,True
2670_01,Earth,False,G/432/P,TRAPPIST-1e,20.0,False,4.0,790.0,0.0,15.0,0.0,Glenna Leodger,False
7258_01,Earth,False,F/1502/P,TRAPPIST-1e,43.0,False,473.0,1390.0,0.0,0.0,0.0,,True
4207_02,Europa,True,B/163/S,55 Cancri e,46.0,False,0.0,0.0,0.0,0.0,0.0,Astonon Perable,True
3417_01,,False,F/703/P,TRAPPIST-1e,28.0,False,0.0,1376.0,4.0,0.0,0.0,Denis Fisheparks,True
8808_01,Earth,False,F/1816/P,TRAPPIST-1e,38.0,False,0.0,2532.0,0.0,204.0,0.0,Pristy Folemonley,True
5323_01,Mars,True,F/1091/P,TRAPPIST-1e,38.0,False,0.0,0.0,0.0,,0.0,Coakey Cort,True
2515_01,Europa,False,B/96/S,55 Cancri e,28.0,True,2.0,2144.0,0.0,435.0,5872.0,Zauri Forous,False
0560_03,,False,F/103/S,TRAPPIST-1e,44.0,False,1440.0,293.0,74.0,32.0,0.0,Annah Josey,True
2384_05,Earth,True,G/383/S,TRAPPIST-1e,17.0,False,0.0,0.0,0.0,,0.0,Ronia Pollarkeeks,False
1617_01,Mars,False,D/53/P,PSO J318.5-22,37.0,False,295.0,1575.0,19.0,515.0,0.0,Ots Blan,False
8552_02,Mars,False,F/1756/P,TRAPPIST-1e,17.0,False,387.0,0.0,28.0,2183.0,0.0,Mins Hapie,False
4000_03,Earth,True,G/658/S,TRAPPIST-1e,0.0,False,0.0,0.0,0.0,0.0,0.0,Samie Burraymons,True
3867_01,Earth,False,F/798/P,TRAPPIST-1e,56.0,False,3.0,,768.0,0.0,,Tyle Guerson,True
6292_01,Earth,False,G/1020/S,PSO J318.5-22,22.0,False,0.0,0.0,0.0,48.0,653.0,Verly Chardsons,True
0737_01,Europa,False,C/28/S,55 Cancri e,65.0,False,0.0,835.0,0.0,38.0,,Charmus Inghtal,False
4498_08,Earth,False,G/734/S,TRAPPIST-1e,7.0,False,0.0,0.0,0.0,0.0,0.0,Kendy Munozanson,False
0875_01,Earth,False,G/131/S,TRAPPIST-1e,38.0,False,0.0,0.0,0.0,0.0,0.0,,False
8735_01,Earth,False,F/1799/P,TRAPPIST-1e,20.0,False,227.0,0.0,1.0,0.0,707.0,Glasey Ryanglasey,False
2781_01,Earth,True,G/447/P,TRAPPIST-1e,38.0,False,0.0,0.0,0.0,0.0,0.0,Marice Williotters,False
4726_05,Europa,False,C/187/S,TRAPPIST-1e,37.0,False,8.0,21.0,0.0,56.0,2167.0,Arraiam Inghtal,True
2196_04,Europa,False,B/65/P,55 Cancri e,42.0,False,0.0,1180.0,0.0,2677.0,283.0,Alrairk Veriedeezy,False
7853_01,,False,F/1502/S,TRAPPIST-1e,42.0,False,1227.0,773.0,14.0,0.0,0.0,Gran Chpie,False
4892_01,Earth,False,G/796/S,TRAPPIST-1e,52.0,False,44.0,,0.0,42.0,1731.0,Branda Colomonson,False
7576_01,Europa,False,D/239/P,TRAPPIST-1e,23.0,False,30.0,2237.0,1.0,49.0,52.0,Mergas Alenat,True
6369_01,Earth,False,F/1318/P,PSO J318.5-22,19.0,False,577.0,169.0,0.0,7.0,0.0,Dian Holcompson,True
1295_01,Earth,,,TRAPPIST-1e,19.0,False,68.0,0.0,0.0,719.0,0.0,Nica Vaught,False
8602_01,Earth,True,G/1396/P,TRAPPIST-1e,3.0,False,0.0,0.0,0.0,0.0,0.0,Robina Weissey,False
0714_05,Earth,True,G/109/P,PSO J318.5-22,25.0,False,0.0,0.0,0.0,0.0,0.0,Jeanny Rilley,False
3523_01,,True,F/664/S,TRAPPIST-1e,21.0,False,0.0,0.0,0.0,0.0,0.0,Frohs Tité,True
5040_02,Europa,False,C/195/S,55 Cancri e,39.0,False,10.0,199.0,0.0,6216.0,101.0,Alsha Dynigic,False
6094_03,Europa,True,C/227/S,55 Cancri e,28.0,False,0.0,0.0,0.0,0.0,0.0,Tautrix Brathful,True
6511_01,Earth,False,F/1348/P,TRAPPIST-1e,22.0,False,151.0,6.0,26.0,0.0,533.0,Katen Gainney,False
0968_01,Earth,False,E/53/P,TRAPPIST-1e,20.0,False,792.0,0.0,0.0,0.0,0.0,Tyrona Figuez,False
5344_01,Europa,False,C/168/P,55 Cancri e,38.0,False,0.0,439.0,0.0,434.0,10074.0,Sargin Prieress,False
4581_02,Europa,False,B/181/S,55 Cancri e,37.0,False,0.0,2337.0,0.0,204.0,76.0,Neutrin Entedraved,True
7947_01,Mars,False,F/1646/P,TRAPPIST-1e,28.0,False,1811.0,1.0,57.0,0.0,0.0,Guark Shbre,False
2363_01,Europa,False,C/85/S,TRAPPIST-1e,28.0,False,2416.0,8926.0,41.0,1.0,462.0,Castab Unregul,True
5836_01,Europa,True,B/222/S,55 Cancri e,31.0,False,0.0,0.0,0.0,0.0,0.0,Phah Irintious,True
0619_01,Europa,True,C/24/S,TRAPPIST-1e,39.0,,0.0,0.0,0.0,0.0,0.0,Scellus Holatirint,True
6992_03,Earth,True,G/1131/P,TRAPPIST-1e,27.0,False,0.0,0.0,0.0,0.0,0.0,Murie Bakerrison,True
1501_01,Earth,False,G/243/P,TRAPPIST-1e,63.0,False,0.0,216.0,0.0,594.0,0.0,Julin Fryan,False
8506_01,Earth,False,F/1746/P,TRAPPIST-1e,18.0,False,490.0,0.0,54.0,195.0,0.0,Stal Benney,False
9197_01,Europa,,C/308/P,55 Cancri e,44.0,False,0.0,0.0,0.0,0.0,0.0,Bellus Platch,True
5522_03,Earth,False,F/1059/S,TRAPPIST-1e,27.0,False,508.0,585.0,9.0,,0.0,Elanie Hinglendez,True
6779_01,Europa,False,B/258/S,TRAPPIST-1e,37.0,False,0.0,7920.0,270.0,1.0,322.0,Terope Busive,True
8218_01,Europa,True,B/272/P,TRAPPIST-1e,33.0,False,0.0,0.0,0.0,0.0,0.0,Tauvaah Aloubtled,True
8824_01,Earth,False,F/1819/P,TRAPPIST-1e,29.0,False,128.0,0.0,130.0,132.0,473.0,Ruthy Whiters,False
2489_01,Europa,True,B/72/P,TRAPPIST-1e,27.0,False,0.0,0.0,0.0,0.0,0.0,Alraida Purellliss,True
8302_01,Earth,False,G/1340/S,TRAPPIST-1e,0.0,False,0.0,0.0,0.0,0.0,0.0,Leenny Burchrison,True
2763_01,Earth,False,E/168/P,TRAPPIST-1e,31.0,False,91.0,756.0,0.0,0.0,12.0,Sony Reynoldez,True
2287_01,Earth,False,F/464/P,TRAPPIST-1e,37.0,False,0.0,1.0,0.0,219.0,,Shally Reyersendry,False
1552_01,Earth,True,G/240/S,TRAPPIST-1e,37.0,False,0.0,0.0,0.0,0.0,0.0,Millie Batestonley,False
6430_01,Earth,True,G/1037/P,TRAPPIST-1e,18.0,False,0.0,0.0,0.0,0.0,0.0,Rancy Byerton,False
5619_01,Earth,True,G/908/S,55 Cancri e,28.0,False,0.0,0.0,0.0,0.0,0.0,Gordo Freder,True
4176_06,Mars,True,F/859/P,TRAPPIST-1e,13.0,False,0.0,0.0,0.0,0.0,0.0,Wafros Fla,True
8238_02,Earth,True,G/1328/S,55 Cancri e,19.0,False,0.0,0.0,0.0,0.0,0.0,Allara Thomason,False
7249_01,,False,E/482/S,TRAPPIST-1e,21.0,False,1046.0,1.0,0.0,1.0,0.0,Poloos Burle,False
2406_01,Mars,True,F/465/S,TRAPPIST-1e,18.0,False,0.0,0.0,0.0,0.0,0.0,Cornys Pie,True
0461_03,Earth,False,G/66/S,55 Cancri e,1.0,False,0.0,0.0,0.0,0.0,0.0,Len Yorkland,True
3271_02,Earth,False,G/532/P,55 Cancri e,8.0,False,0.0,0.0,0.0,0.0,0.0,Alley Micknightt,True
0806_01,Earth,False,F/149/S,TRAPPIST-1e,31.0,False,183.0,0.0,32.0,0.0,1171.0,Deaney Nieldson,False
3499_04,Earth,False,G/574/P,TRAPPIST-1e,0.0,False,0.0,0.0,0.0,0.0,0.0,Allene Mccarveymon,False
6302_01,Earth,False,F/1305/P,TRAPPIST-1e,40.0,False,0.0,175.0,0.0,11.0,537.0,Idacey Mullon,False
1402_01,Earth,True,G/215/S,PSO J318.5-22,23.0,False,0.0,0.0,0.0,0.0,0.0,Darlie Blacks,True
6736_01,Mars,False,D/203/S,,33.0,False,1373.0,0.0,23.0,920.0,6.0,Frunk Erry,True
1783_01,Earth,False,G/281/S,55 Cancri e,42.0,False,28.0,0.0,0.0,0.0,591.0,Carma Garnettiz,False
8288_01,Mars,False,D/259/P,TRAPPIST-1e,,False,1852.0,0.0,870.0,0.0,7.0,Rooses Sache,False
7385_01,Earth,False,F/1417/S,PSO J318.5-22,19.0,False,40.0,0.0,77.0,572.0,0.0,Coracy Reyerson,False
5465_02,,False,F/1132/P,TRAPPIST-1e,49.0,False,226.0,11.0,2.0,1580.0,0.0,Cings Chité,False
3292_01,Europa,True,B/121/S,TRAPPIST-1e,52.0,False,0.0,0.0,0.0,0.0,0.0,Sarino Dianket,True
5446_01,Earth,True,G/876/P,TRAPPIST-1e,32.0,False,0.0,0.0,,0.0,0.0,Jandy Bucknersony,True
5368_01,Earth,False,G/870/S,TRAPPIST-1e,18.0,False,0.0,0.0,55.0,2288.0,1.0,,False
0267_01,Earth,False,F/51/S,TRAPPIST-1e,13.0,False,118.0,0.0,0.0,754.0,1.0,Lilace Sancockett,False
1630_01,Earth,True,G/252/S,PSO J318.5-22,1.0,False,0.0,0.0,0.0,0.0,0.0,Rayne Cofferson,True
1088_01,Earth,True,G/169/S,PSO J318.5-22,20.0,False,0.0,0.0,0.0,0.0,0.0,Kayd Pottney,False
9131_02,Europa,True,C/303/P,TRAPPIST-1e,23.0,False,0.0,0.0,0.0,0.0,0.0,Grafirk Wirybody,True
4415_01,Mars,False,F/833/S,TRAPPIST-1e,45.0,False,941.0,281.0,36.0,12.0,39.0,Froon Parta,False
9231_01,Mars,True,F/1888/P,55 Cancri e,2.0,False,0.0,0.0,0.0,0.0,0.0,Denuts Paie,True
8668_01,Mars,True,F/1783/P,TRAPPIST-1e,6.0,False,0.0,0.0,0.0,0.0,0.0,Mall Rapie,True
3438_01,Earth,True,G/564/P,TRAPPIST-1e,0.0,False,0.0,0.0,0.0,0.0,0.0,Shaele Pottney,True
0822_01,Earth,False,F/156/S,TRAPPIST-1e,19.0,False,0.0,561.0,10.0,0.0,161.0,Scotte Sweeton,True
5761_01,Europa,True,B/220/S,TRAPPIST-1e,55.0,False,0.0,0.0,0.0,0.0,0.0,Weino Icablebat,True
6482_01,Mars,False,F/1237/S,55 Cancri e,26.0,False,414.0,239.0,681.0,352.0,0.0,Chtios Letie,False
4005_05,Earth,True,G/657/P,PSO J318.5-22,40.0,False,0.0,0.0,0.0,0.0,0.0,Lorian River,True
1384_03,Earth,False,F/269/S,TRAPPIST-1e,22.0,False,0.0,442.0,0.0,0.0,368.0,Fredy Mayods,True
7179_01,Earth,False,E/460/P,TRAPPIST-1e,53.0,False,3.0,2251.0,0.0,95.0,12.0,Denis Mullon,True
5254_03,Europa,True,,TRAPPIST-1e,28.0,False,0.0,0.0,0.0,0.0,0.0,Sargah Pressive,True
4762_01,Mars,True,F/968/P,TRAPPIST-1e,35.0,False,0.0,0.0,0.0,0.0,0.0,Wealke Opie,True
1154_01,Europa,True,B/43/P,TRAPPIST-1e,25.0,False,0.0,,0.0,,0.0,Celeb Ingascomet,True
5950_01,Earth,False,E/378/P,TRAPPIST-1e,32.0,False,,5.0,0.0,64.0,0.0,Therry Fowlesterez,False
4261_01,Mars,False,D/137/S,55 Cancri e,56.0,False,412.0,492.0,9.0,117.0,33.0,Vivers Fatte,True
3873_01,Earth,False,F/800/P,TRAPPIST-1e,29.0,False,2478.0,0.0,31.0,4.0,11.0,Violey Pearsalason,False
2231_01,Mars,False,E/159/S,TRAPPIST-1e,32.0,False,2.0,416.0,26.0,510.0,0.0,Hon Late,False
4538_01,Earth,False,F/935/P,TRAPPIST-1e,44.0,False,0.0,121.0,0.0,748.0,0.0,Karia Hammons,False
1325_03,Earth,True,E/97/S,TRAPPIST-1e,42.0,False,0.0,0.0,0.0,0.0,0.0,Lilasa Barbes,True
4543_01,Mars,False,F/936/P,PSO J318.5-22,20.0,True,14.0,0.0,59.0,1777.0,0.0,Quakes Winie,False
8144_01,Europa,True,B/270/P,55 Cancri e,45.0,False,0.0,0.0,0.0,0.0,0.0,Graston Donotaked,True
3931_01,Earth,False,F/811/P,55 Cancri e,42.0,False,0.0,218.0,0.0,481.0,2.0,Denis Sandry,False
4793_01,Europa,False,E/310/S,55 Cancri e,36.0,False,13.0,1480.0,1.0,1439.0,1955.0,Enifark Brailidy,False
1959_03,Europa,False,C/66/P,55 Cancri e,29.0,False,0.0,433.0,4899.0,393.0,260.0,Menchah Exibuctich,True
3710_01,Earth,False,G/601/P,55 Cancri e,35.0,False,432.0,0.0,377.0,0.0,0.0,Brie Loverceson,False
0380_01,Europa,True,,55 Cancri e,26.0,False,0.0,0.0,0.0,0.0,0.0,Zinopus Fuelddid,True
0378_01,Europa,False,B/11/S,55 Cancri e,18.0,False,17.0,215.0,4.0,5132.0,697.0,Bram Pirejus,False
3966_02,Earth,False,G/649/P,TRAPPIST-1e,27.0,False,0.0,0.0,1020.0,0.0,,Fanna Kerristicey,True
5216_01,Earth,True,G/843/P,TRAPPIST-1e,30.0,False,0.0,0.0,0.0,0.0,0.0,Clard Hardson,False
4184_01,Earth,False,F/860/P,55 Cancri e,19.0,False,558.0,0.0,353.0,0.0,8.0,Thel Wilsoney,False
5254_01,Europa,True,B/202/S,TRAPPIST-1e,31.0,False,0.0,0.0,0.0,0.0,0.0,Celeon Pressive,True
6985_01,,False,G/1138/S,TRAPPIST-1e,32.0,False,0.0,243.0,0.0,0.0,776.0,Erie Barris,False
3715_04,Earth,True,G/602/P,TRAPPIST-1e,16.0,False,0.0,0.0,0.0,0.0,0.0,Hen Hubbarton,False
6036_03,Europa,False,C/225/S,TRAPPIST-1e,27.0,False,0.0,1857.0,0.0,778.0,587.0,Hekab Stpingepid,True
7824_01,Earth,False,F/1624/P,PSO J318.5-22,18.0,False,0.0,76.0,0.0,993.0,6.0,Samie Polliamposs,False
7583_01,Mars,False,F/1574/P,TRAPPIST-1e,36.0,False,32.0,355.0,1826.0,9.0,0.0,Pebuts Pert,True
8658_01,Mars,False,E/568/S,TRAPPIST-1e,49.0,False,0.0,1.0,1364.0,226.0,0.0,Ney Forne,True
2693_03,Europa,False,A/22/P,TRAPPIST-1e,55.0,False,0.0,846.0,0.0,263.0,2024.0,Castram Geousty,False
0754_01,Europa,True,D/31/P,55 Cancri e,22.0,False,0.0,0.0,0.0,0.0,,Atikard Fusimodent,True
5985_01,Earth,False,F/1234/P,TRAPPIST-1e,24.0,False,276.0,0.0,0.0,0.0,489.0,Judya Wooterston,True
1243_01,Europa,False,A/9/P,TRAPPIST-1e,41.0,False,0.0,4224.0,0.0,1374.0,1281.0,Tautrix Drivery,False
7507_02,Earth,False,E/499/S,TRAPPIST-1e,6.0,False,0.0,0.0,0.0,0.0,0.0,Joela Santin,True
5421_01,Earth,False,G/873/S,TRAPPIST-1e,37.0,False,389.0,0.0,1.0,3369.0,3.0,Carlie Steinardson,False
8744_01,Earth,False,E/570/S,TRAPPIST-1e,53.0,False,1613.0,0.0,0.0,0.0,7.0,Jilly Holton,False
3811_01,Mars,True,F/786/P,TRAPPIST-1e,54.0,False,0.0,0.0,0.0,0.0,0.0,Fisps Frasp,True
4933_02,,False,F/938/S,TRAPPIST-1e,16.0,False,2083.0,0.0,10.0,0.0,0.0,Mites Sacre,False
1048_01,Earth,False,F/216/P,TRAPPIST-1e,20.0,False,0.0,537.0,612.0,3.0,0.0,Deany Mcdon,True
1874_01,Earth,True,G/305/P,TRAPPIST-1e,0.0,False,0.0,0.0,0.0,0.0,0.0,Armene Woodgezalez,False
7040_01,Earth,True,G/1150/S,TRAPPIST-1e,16.0,False,0.0,0.0,0.0,0.0,0.0,Gileen Mcphernard,True
8064_03,Mars,True,E/534/S,TRAPPIST-1e,33.0,False,0.0,0.0,0.0,0.0,0.0,Chees Swin,False
6858_04,Europa,False,B/229/P,,8.0,False,0.0,0.0,0.0,0.0,0.0,Taura Spandisket,True
7205_01,Mars,False,F/1386/S,TRAPPIST-1e,,False,1030.0,0.0,158.0,0.0,28.0,Chees Flake,False
5305_01,Earth,False,F/1084/P,TRAPPIST-1e,23.0,False,0.0,2891.0,0.0,6.0,0.0,Elindy Simmonders,True
6546_01,Earth,False,G/1060/P,TRAPPIST-1e,34.0,False,228.0,0.0,150.0,15.0,1.0,Bretty Pottonalden,False
8644_01,Earth,False,F/1668/S,TRAPPIST-1e,27.0,False,20.0,0.0,11.0,0.0,848.0,Shawne Dunnisey,False
4271_01,Europa,True,A/38/P,TRAPPIST-1e,25.0,False,0.0,0.0,0.0,0.0,0.0,Tabih Dissper,True
3029_02,Europa,,C/103/P,TRAPPIST-1e,14.0,False,0.0,0.0,0.0,0.0,0.0,Charga Disgul,True
2752_03,Earth,False,E/165/P,TRAPPIST-1e,58.0,False,0.0,82.0,0.0,758.0,0.0,Thel Ballocks,True
0070_01,Earth,False,F/13/P,TRAPPIST-1e,19.0,False,190.0,0.0,5.0,1.0,726.0,Meremy Brighttt,False
4256_06,Earth,True,G/698/P,TRAPPIST-1e,24.0,False,0.0,0.0,0.0,0.0,0.0,Everly Garnes,False
5202_01,Earth,True,G/840/P,TRAPPIST-1e,14.0,False,0.0,0.0,0.0,0.0,0.0,Jeret Berges,True
2137_01,Mars,True,F/423/P,TRAPPIST-1e,27.0,False,0.0,0.0,0.0,0.0,0.0,Lopedo Ruité,True
1829_05,Europa,True,D/56/P,55 Cancri e,23.0,False,0.0,0.0,0.0,0.0,0.0,Atrinon Persed,True
9173_01,Earth,False,F/1876/P,PSO J318.5-22,33.0,False,0.0,688.0,2.0,0.0,426.0,Anda Cartez,False
6137_01,Earth,False,G/994/S,TRAPPIST-1e,2.0,False,0.0,0.0,0.0,0.0,0.0,Camily Serry,True
0375_01,Earth,False,E/22/P,TRAPPIST-1e,20.0,False,0.0,0.0,558.0,0.0,230.0,Luzel Vincenton,False
3814_01,Europa,True,D/129/P,TRAPPIST-1e,57.0,False,0.0,0.0,0.0,0.0,0.0,Etair Calazy,True
2454_01,Earth,False,F/510/P,TRAPPIST-1e,19.0,False,0.0,0.0,0.0,157.0,644.0,Jeandy Monroellynn,False
4103_01,Earth,True,G/674/P,TRAPPIST-1e,31.0,False,0.0,0.0,0.0,0.0,0.0,Ally Sterreray,False
4450_02,Europa,False,C/140/P,55 Cancri e,65.0,False,0.0,7194.0,0.0,6.0,,Ranons Clugete,True
6672_03,Mars,False,E/424/P,PSO J318.5-22,30.0,False,77.0,71.0,1147.0,0.0,0.0,Sweal Deva,False
0603_01,Earth,False,F/126/P,TRAPPIST-1e,21.0,False,0.0,0.0,12.0,0.0,747.0,Lyny Scheron,False
8068_01,Earth,False,F/1545/S,TRAPPIST-1e,20.0,False,0.0,52.0,0.0,110.0,614.0,Eduard Mcfarmerson,False
4951_01,Mars,False,F/1010/P,TRAPPIST-1e,43.0,False,11.0,0.0,1297.0,38.0,0.0,Peefox Ruica,True
8573_01,Earth,False,F/1652/S,TRAPPIST-1e,34.0,,10.0,4.0,1.0,0.0,791.0,Marine Harry,True
8559_02,Mars,False,F/1758/P,TRAPPIST-1e,3.0,False,0.0,0.0,0.0,0.0,0.0,Eclass Make,True
0540_01,Mars,True,F/95/S,TRAPPIST-1e,31.0,False,0.0,0.0,0.0,0.0,0.0,Jell Conie,True
6032_03,Earth,True,G/982/S,55 Cancri e,0.0,False,0.0,0.0,0.0,0.0,0.0,Celina Hurchez,True
0683_01,Mars,False,F/144/P,TRAPPIST-1e,30.0,False,269.0,96.0,252.0,0.0,0.0,Wheals Parté,False
8904_01,Earth,False,G/1442/P,TRAPPIST-1e,35.0,False,522.0,0.0,1.0,324.0,60.0,Troya Welles,False
6372_04,Europa,True,B/216/P,55 Cancri e,18.0,False,,0.0,0.0,0.0,0.0,Hadaton Reelest,True
1865_04,Earth,False,G/292/S,TRAPPIST-1e,7.0,False,0.0,0.0,0.0,0.0,,,False
4822_04,Mars,False,F/981/P,TRAPPIST-1e,0.0,False,0.0,0.0,0.0,0.0,0.0,,True
4673_01,Earth,False,F/950/P,,19.0,False,35.0,2.0,481.0,121.0,,Willy Dicksons,False
0609_01,Mars,False,F/128/P,TRAPPIST-1e,33.0,False,149.0,0.0,,0.0,109.0,Guteda Sacle,False
8383_03,Earth,False,G/1368/P,TRAPPIST-1e,3.0,False,0.0,0.0,0.0,0.0,0.0,Garry Gibbsonton,True
9157_06,Earth,False,G/1476/S,TRAPPIST-1e,12.0,False,0.0,0.0,0.0,0.0,0.0,Pamont Navages,False
0513_01,Earth,True,G/78/P,PSO J318.5-22,21.0,False,0.0,0.0,0.0,0.0,0.0,Rayley Blandez,True
2730_03,Earth,True,G/433/S,TRAPPIST-1e,16.0,False,0.0,,0.0,0.0,0.0,Elancy Douglasen,True
3412_02,Europa,True,B/107/P,55 Cancri e,25.0,False,0.0,0.0,0.0,0.0,0.0,Bosonon Ainserfle,True
2581_01,Earth,False,E/156/P,TRAPPIST-1e,20.0,False,496.0,20.0,16.0,0.0,254.0,Eulah Conney,False
4427_02,Europa,False,D/141/S,TRAPPIST-1e,31.0,False,0.0,46.0,0.0,209.0,2908.0,Cheleon Dedentive,False
1500_04,Earth,,G/230/S,55 Cancri e,35.0,False,0.0,0.0,0.0,0.0,0.0,Andrey Cooperkins,True
1829_01,Europa,False,D/56/P,55 Cancri e,48.0,False,0.0,3578.0,80.0,123.0,,,True
8985_01,Earth,False,F/1842/P,55 Cancri e,22.0,False,0.0,0.0,626.0,0.0,14.0,Robyny Blancoy,False
4448_01,Earth,False,F/913/P,TRAPPIST-1e,40.0,False,0.0,0.0,2414.0,0.0,0.0,Elody Flowensley,True
5603_01,,False,E/365/S,TRAPPIST-1e,34.0,False,170.0,1256.0,0.0,3926.0,7121.0,Kocha Cluitty,False
1391_02,Mars,False,F/276/P,TRAPPIST-1e,21.0,False,1072.0,79.0,46.0,16.0,0.0,Cines Apie,False
3903_04,Earth,False,G/636/P,PSO J318.5-22,6.0,False,0.0,0.0,0.0,0.0,0.0,Deanne Emenez,False
8212_01,Earth,False,F/1569/S,PSO J318.5-22,29.0,False,487.0,0.0,60.0,12.0,0.0,Mollie Tersimpson,False
7089_01,Europa,False,D/218/S,TRAPPIST-1e,20.0,False,1040.0,2487.0,0.0,174.0,182.0,Antinon Inging,True
8192_01,Earth,False,F/1566/S,TRAPPIST-1e,18.0,False,539.0,2.0,3.0,900.0,0.0,Herry Mcphernard,False
2291_03,Earth,False,F/445/S,55 Cancri e,46.0,False,426.0,37.0,0.0,0.0,568.0,,False
4401_01,Earth,,G/716/S,55 Cancri e,16.0,False,0.0,0.0,0.0,0.0,0.0,Tonyan Loverthyo,True
8572_01,Europa,False,A/89/P,TRAPPIST-1e,33.0,False,0.0,739.0,0.0,140.0,6901.0,Eltaird Hoorherve,False
3128_01,Earth,False,G/512/P,55 Cancri e,15.0,False,62.0,57.0,2646.0,1104.0,312.0,Heila Gordond,False
4981_03,Earth,False,G/814/S,TRAPPIST-1e,24.0,False,530.0,0.0,0.0,0.0,179.0,Brank Brenney,False
6898_01,Europa,False,,55 Cancri e,27.0,False,146.0,3786.0,490.0,0.0,18.0,Gemmark Bootious,True
2552_01,Earth,False,F/492/S,TRAPPIST-1e,19.0,False,0.0,1124.0,4.0,0.0,0.0,Arlen Vincenton,True
7044_01,Mars,False,D/221/P,TRAPPIST-1e,24.0,False,235.0,0.0,1642.0,1042.0,229.0,Losp Reake,False
7218_01,Europa,False,B/271/S,,53.0,False,0.0,0.0,0.0,0.0,0.0,Bosoneb Urablele,True
8383_07,Earth,False,G/1368/P,TRAPPIST-1e,11.0,False,0.0,0.0,0.0,0.0,0.0,Elica Gibbsonton,False
8087_01,Europa,False,B/268/P,TRAPPIST-1e,62.0,False,33.0,3518.0,0.0,394.0,0.0,Sarthim Ousious,True
2592_01,Mars,False,D/75/P,TRAPPIST-1e,29.0,True,803.0,0.0,0.0,58.0,0.0,Conk Flé,False
0764_01,Earth,,G/115/S,TRAPPIST-1e,22.0,False,0.0,0.0,0.0,0.0,0.0,Danna Toddleton,False
1391_03,Mars,False,F/276/P,,44.0,False,485.0,2.0,210.0,0.0,351.0,Frunch Apie,False
0572_01,Earth,False,F/105/S,TRAPPIST-1e,19.0,False,1911.0,0.0,21.0,854.0,0.0,Lesley Lamberguson,False
4303_01,Earth,False,F/803/S,55 Cancri e,15.0,False,36.0,841.0,0.0,0.0,0.0,Adamy Dayers,True
8379_01,Earth,False,F/1609/S,TRAPPIST-1e,24.0,False,462.0,0.0,0.0,0.0,240.0,Toniel Heney,False
6285_02,Europa,False,B/245/S,TRAPPIST-1e,43.0,False,2.0,5329.0,0.0,7.0,0.0,Shail Whealeed,True
3475_02,Europa,False,C/126/S,TRAPPIST-1e,33.0,False,0.0,590.0,,3.0,6569.0,Caphirk Spoilling,False
3711_02,Mars,False,F/700/S,TRAPPIST-1e,31.0,False,3471.0,0.0,232.0,0.0,0.0,Poot Quart,False
2560_01,Earth,True,G/412/P,PSO J318.5-22,0.0,False,0.0,0.0,0.0,0.0,0.0,Pennie Loway,True
0926_02,Europa,False,B/39/S,TRAPPIST-1e,30.0,False,0.0,760.0,234.0,2761.0,81.0,Alkeson Asticit,False
7475_02,Mars,True,F/1545/P,TRAPPIST-1e,36.0,False,0.0,0.0,0.0,0.0,0.0,Lies Leste,True
0576_01,Earth,False,F/107/S,,21.0,False,0.0,,625.0,110.0,0.0,Melice Herry,False
8753_01,Earth,False,F/1805/P,TRAPPIST-1e,27.0,False,0.0,0.0,0.0,545.0,89.0,Lynnee Sellentry,False
1384_02,Earth,True,G/210/S,TRAPPIST-1e,6.0,False,0.0,0.0,0.0,0.0,0.0,Berty Mayods,False
0224_01,Mars,False,F/42/S,TRAPPIST-1e,32.0,True,181.0,0.0,5.0,1634.0,0.0,Blues Queen,False
2099_01,Mars,False,D/71/S,,45.0,False,10.0,1095.0,1474.0,0.0,0.0,Cupers Boste,True
2288_01,Earth,False,E/163/S,TRAPPIST-1e,22.0,False,12.0,746.0,802.0,58.0,0.0,Dia Figuez,False
5204_01,Earth,False,F/1061/P,PSO J318.5-22,46.0,False,0.0,153.0,,0.0,397.0,Jodip Hughriend,False
0014_01,Mars,False,F/3/P,55 Cancri e,27.0,False,1286.0,122.0,,0.0,0.0,Flats Eccle,False
3527_01,Mars,False,F/729/P,TRAPPIST-1e,18.0,True,733.0,0.0,688.0,1.0,0.0,Cindee Terte,False
4778_01,Europa,False,A/58/S,TRAPPIST-1e,31.0,False,588.0,1261.0,0.0,228.0,6.0,Furus Skenginne,False
6344_02,Earth,True,G/1023/P,TRAPPIST-1e,14.0,False,0.0,0.0,0.0,0.0,0.0,Jonald Reynoldez,True
2590_03,Earth,True,G/420/P,PSO J318.5-22,35.0,False,0.0,0.0,0.0,0.0,0.0,Judya River,True
0665_01,,False,F/141/P,TRAPPIST-1e,28.0,False,,0.0,7104.0,0.0,0.0,Cineys Winie,True
8411_01,Earth,False,F/1726/P,TRAPPIST-1e,15.0,False,0.0,3137.0,0.0,0.0,0.0,Therry Parsoney,True
1645_01,,True,,55 Cancri e,18.0,False,0.0,0.0,0.0,0.0,0.0,Andace Thonyderson,False
3449_01,Earth,False,G/556/S,TRAPPIST-1e,29.0,False,0.0,4.0,0.0,0.0,904.0,Virgie Chardsons,False
7687_01,Earth,False,F/1596/P,PSO J318.5-22,20.0,False,0.0,0.0,8.0,1.0,1175.0,Dwin Hortez,False
1191_01,Earth,False,F/229/S,TRAPPIST-1e,36.0,False,0.0,0.0,0.0,0.0,1583.0,Annah Santry,False
8433_01,Earth,False,F/1729/P,TRAPPIST-1e,25.0,False,341.0,608.0,2.0,2.0,16.0,Royce Gilesonston,True
7127_01,Europa,False,B/237/P,TRAPPIST-1e,,False,0.0,4155.0,0.0,1368.0,42.0,Dira Belstrut,False
7452_02,Europa,False,B/281/S,55 Cancri e,26.0,False,286.0,3387.0,575.0,213.0,548.0,Mirfark Sloweber,True
4058_01,Earth,False,G/669/S,TRAPPIST-1e,36.0,False,437.0,442.0,0.0,2.0,1.0,Nance Hinesh,False
5730_01,Earth,False,F/1187/P,TRAPPIST-1e,25.0,False,2029.0,1.0,0.0,0.0,121.0,Karlen Moodman,False
4329_01,Earth,False,F/812/S,,22.0,False,39.0,0.0,63.0,3.0,654.0,Colly Benderez,False
8301_01,Europa,False,C/275/P,TRAPPIST-1e,28.0,False,1722.0,5063.0,0.0,87.0,920.0,Bosonon Horbox,False
1311_02,Mars,False,F/265/P,TRAPPIST-1e,17.0,False,948.0,47.0,292.0,0.0,0.0,Wale Make,False
3996_01,Earth,False,F/826/P,PSO J318.5-22,24.0,False,16.0,0.0,1136.0,0.0,40.0,Willy Meyersones,True
6168_01,Earth,True,G/999/S,PSO J318.5-22,16.0,False,0.0,0.0,0.0,0.0,0.0,Karie Gordond,True
0589_01,Earth,False,E/35/P,TRAPPIST-1e,23.0,False,234.0,1.0,551.0,0.0,1.0,Maya Hardley,False
8261_01,Earth,True,G/1343/P,PSO J318.5-22,38.0,False,0.0,0.0,0.0,0.0,0.0,Blance Kiddley,False
4915_01,Earth,True,G/793/P,PSO J318.5-22,49.0,False,0.0,0.0,0.0,0.0,0.0,Mon Lamberguson,False
0566_01,Mars,True,E/37/S,TRAPPIST-1e,13.0,False,0.0,0.0,0.0,0.0,0.0,Muls Mish,True
8157_03,Earth,False,G/1313/S,TRAPPIST-1e,45.0,False,0.0,0.0,2778.0,1910.0,0.0,Leneva Morelly,False
2215_03,Europa,True,A/27/S,TRAPPIST-1e,32.0,False,0.0,0.0,0.0,0.0,0.0,Grafi Quidedbolt,True
1246_01,Earth,False,G/185/P,TRAPPIST-1e,30.0,False,0.0,192.0,0.0,565.0,0.0,Valey Schmondez,False
3114_01,Mars,False,D/97/P,TRAPPIST-1e,50.0,False,1598.0,0.0,155.0,26.0,0.0,Yapich Sad,False
4787_01,Earth,False,G/780/S,TRAPPIST-1e,19.0,False,2.0,0.0,,9.0,754.0,Milyla Lancock,False
7888_01,Earth,False,E/518/S,TRAPPIST-1e,29.0,False,37.0,0.0,644.0,0.0,177.0,Erie Woodwinez,True
2319_01,,True,G/373/P,PSO J318.5-22,57.0,False,0.0,0.0,0.0,0.0,0.0,Evendy Estron,False
7334_01,Earth,False,E/490/S,TRAPPIST-1e,22.0,False,0.0,0.0,787.0,1.0,,Essara Schwardson,False
4594_04,Europa,False,C/144/P,TRAPPIST-1e,,False,0.0,4516.0,0.0,6167.0,5308.0,Furus Coudered,False
5012_01,Earth,True,G/811/P,55 Cancri e,24.0,False,0.0,0.0,0.0,0.0,0.0,Benny Joynewtonks,True
7060_01,Earth,False,G/1155/S,TRAPPIST-1e,35.0,False,2224.0,,105.0,1.0,0.0,Dorie Rigginson,False
6508_01,Earth,False,F/1242/S,PSO J318.5-22,32.0,False,397.0,0.0,7.0,182.0,5.0,Tonyn Braymon,False
1284_01,Mars,True,F/247/S,,,False,0.0,,0.0,0.0,0.0,Hal Knité,True
1389_01,Earth,True,G/212/S,55 Cancri e,38.0,False,0.0,0.0,0.0,0.0,0.0,Hatty Lowelliott,True
9074_02,Earth,False,G/1460/S,PSO J318.5-22,27.0,False,0.0,468.0,0.0,59.0,309.0,Janee Trerady,False
3238_01,Mars,True,E/215/S,TRAPPIST-1e,26.0,False,0.0,0.0,0.0,0.0,0.0,Walles Reste,False
4594_01,Europa,False,C/144/P,TRAPPIST-1e,64.0,False,77.0,2424.0,0.0,3001.0,127.0,Tabius Folhal,False
3488_01,Europa,False,D/110/P,TRAPPIST-1e,26.0,False,0.0,0.0,0.0,0.0,0.0,Luxab Hoorbaring,False
2461_01,,True,G/396/S,TRAPPIST-1e,69.0,False,0.0,0.0,0.0,0.0,0.0,Idary Leeves,False
7945_01,Mars,True,F/1522/S,TRAPPIST-1e,21.0,False,0.0,0.0,0.0,0.0,0.0,Mitch Vloaf,True
5767_01,Earth,True,G/936/S,PSO J318.5-22,33.0,False,0.0,0.0,0.0,0.0,0.0,Jonaye Josesh,True
3754_01,Earth,True,G/611/P,TRAPPIST-1e,43.0,False,0.0,0.0,0.0,0.0,,Naomin Sterson,True
0428_01,Europa,False,C/16/S,TRAPPIST-1e,29.0,False,0.0,4118.0,0.0,715.0,3139.0,Chargin Chocaters,True
6729_03,Europa,False,A/82/S,TRAPPIST-1e,27.0,False,2664.0,15.0,0.0,109.0,2.0,Rassias Brathful,False
5973_01,Mars,False,F/1139/S,TRAPPIST-1e,43.0,False,1086.0,4.0,202.0,401.0,0.0,,False
5541_01,Mars,True,F/1147/P,TRAPPIST-1e,20.0,False,0.0,0.0,0.0,0.0,,Cornys Kra,True
6968_01,Earth,False,F/1447/P,TRAPPIST-1e,13.0,False,0.0,114.0,682.0,0.0,7.0,Dandra Yanton,False
2477_02,Europa,True,C/86/P,55 Cancri e,50.0,False,0.0,0.0,0.0,0.0,0.0,Hasich Suptibler,True
2624_01,Earth,False,F/542/P,TRAPPIST-1e,15.0,False,0.0,0.0,875.0,3.0,,Annard Armstromez,False
3688_02,Mars,False,F/697/S,TRAPPIST-1e,0.0,False,0.0,0.0,0.0,0.0,0.0,Pants Onbre,True
6462_02,Mars,False,F/1233/S,TRAPPIST-1e,21.0,False,899.0,1.0,1686.0,13.0,0.0,Gibers Cure,True
0550_01,Earth,False,F/99/S,TRAPPIST-1e,23.0,False,13.0,12.0,0.0,762.0,0.0,Maen Cleminglas,True
8681_02,Mars,False,F/1787/P,TRAPPIST-1e,1.0,False,0.0,0.0,0.0,0.0,0.0,Rionk Facle,True
1269_01,Mars,False,E/80/P,TRAPPIST-1e,21.0,False,2066.0,0.0,15.0,0.0,1.0,Gorn Pane,False
2272_01,Earth,False,G/367/P,TRAPPIST-1e,3.0,False,0.0,0.0,0.0,0.0,0.0,,True
0417_03,Europa,True,B/18/P,TRAPPIST-1e,59.0,False,0.0,0.0,0.0,0.0,0.0,Enifik Unhearfus,True
0612_01,Europa,True,B/25/P,TRAPPIST-1e,27.0,True,0.0,0.0,0.0,0.0,0.0,Achyon Ranaly,True
2560_03,Earth,False,G/412/P,TRAPPIST-1e,2.0,False,0.0,0.0,0.0,0.0,0.0,Ireene Loway,False
8574_04,Mars,False,F/1653/S,TRAPPIST-1e,54.0,False,1763.0,0.0,11.0,0.0,0.0,Ceros Welte,False
7082_01,Earth,False,E/473/S,TRAPPIST-1e,44.0,False,143.0,47.0,0.0,717.0,87.0,Benew Carezquez,False
0066_01,Earth,False,G/6/P,TRAPPIST-1e,62.0,False,1.0,153.0,197.0,0.0,460.0,Diandy Pecketton,False
7085_03,Mars,True,F/1466/P,TRAPPIST-1e,1.0,False,0.0,0.0,0.0,0.0,0.0,Latsts Purle,True
8226_03,Mars,True,F/1572/S,TRAPPIST-1e,1.0,False,0.0,0.0,0.0,0.0,0.0,Crunde Mille,True
4594_02,Europa,False,C/144/P,TRAPPIST-1e,31.0,False,0.0,6670.0,217.0,625.0,20336.0,Tabiton Folhal,False
0205_01,Earth,False,G/34/S,TRAPPIST-1e,29.0,False,0.0,2.0,66.0,0.0,705.0,Carma Oneiles,False
3079_01,Earth,False,F/642/P,55 Cancri e,22.0,False,35.0,0.0,36.0,581.0,0.0,Charly Booters,False
6572_01,Earth,False,F/1256/S,TRAPPIST-1e,24.0,False,0.0,4.0,336.0,304.0,0.0,Geney Rothewson,False
4108_02,Europa,,B/158/S,TRAPPIST-1e,47.0,False,27.0,2651.0,538.0,18.0,0.0,Tachium Aroodint,True
0477_01,Earth,False,E/30/P,TRAPPIST-1e,22.0,False,0.0,5.0,0.0,1619.0,0.0,Benny Moongton,False
0405_01,Earth,False,F/89/P,55 Cancri e,17.0,False,177.0,,0.0,310.0,7.0,Denis Flowensley,False
1324_01,Earth,True,G/199/S,55 Cancri e,2.0,False,0.0,0.0,0.0,0.0,0.0,Carona Gilleyons,False
3667_01,Europa,True,A/42/S,55 Cancri e,26.0,False,0.0,0.0,0.0,0.0,0.0,Marinon Bewarsecal,True
0193_01,Mars,True,F/41/P,TRAPPIST-1e,2.0,False,0.0,0.0,0.0,0.0,0.0,Sps Raf,True
1332_01,Earth,False,E/98/S,TRAPPIST-1e,29.0,False,28.0,0.0,561.0,203.0,0.0,Kayd Hurchez,False
8012_03,Mars,True,F/1531/S,TRAPPIST-1e,28.0,False,0.0,0.0,0.0,0.0,0.0,Mesh Bache,True
5133_08,Earth,False,F/1046/P,TRAPPIST-1e,35.0,False,0.0,116.0,51.0,0.0,701.0,Lawren Josey,False
2941_01,Earth,False,G/477/P,TRAPPIST-1e,16.0,,24.0,0.0,13.0,717.0,0.0,Coreee Beasleyes,False
7679_01,Earth,True,G/1232/P,TRAPPIST-1e,33.0,False,0.0,0.0,0.0,0.0,0.0,Kyley Valezaley,False
7930_01,Earth,True,,TRAPPIST-1e,13.0,False,0.0,0.0,0.0,0.0,0.0,Joela Bardsey,True
8975_01,Earth,False,G/1456/P,TRAPPIST-1e,35.0,False,503.0,236.0,2.0,0.0,68.0,Penne Goffey,False
8988_03,Earth,True,G/1448/S,55 Cancri e,0.0,False,0.0,0.0,0.0,0.0,0.0,Catha Fowlesterez,True
3849_01,Earth,False,G/631/P,TRAPPIST-1e,27.0,False,0.0,253.0,0.0,79.0,421.0,Timmy Santry,False
4218_01,Mars,True,F/867/P,TRAPPIST-1e,29.0,False,0.0,0.0,0.0,0.0,0.0,Gops Tert,True
2774_01,Earth,False,F/575/P,TRAPPIST-1e,29.0,False,3.0,0.0,3.0,0.0,697.0,Coreen Bushins,False
3579_01,Earth,False,F/675/S,PSO J318.5-22,20.0,False,0.0,0.0,1.0,0.0,2260.0,Joycey Cartez,False
6380_01,Earth,False,F/1322/P,TRAPPIST-1e,37.0,False,0.0,959.0,8.0,20.0,169.0,Thel Fryersonis,False
4862_01,Earth,False,G/783/P,TRAPPIST-1e,24.0,False,0.0,871.0,17.0,0.0,0.0,Jone Cruzaley,False
4440_01,,False,F/911/P,TRAPPIST-1e,23.0,False,,282.0,0.0,0.0,71.0,Aarone Sweett,True
8732_01,Earth,False,F/1691/S,TRAPPIST-1e,19.0,False,193.0,251.0,0.0,165.0,0.0,Lestie Jacostaffey,False
4260_01,Earth,True,G/696/S,TRAPPIST-1e,27.0,False,0.0,0.0,0.0,0.0,0.0,Chelly Kaney,True
8796_05,Earth,False,F/1704/S,TRAPPIST-1e,37.0,False,63.0,0.0,0.0,0.0,661.0,Berna Jorden,False
5610_01,Europa,True,B/214/S,TRAPPIST-1e,61.0,False,0.0,0.0,0.0,0.0,0.0,Tach Dicely,True
2562_02,Mars,False,F/526/P,TRAPPIST-1e,20.0,False,2502.0,0.0,96.0,0.0,0.0,Snoles Brele,False
5389_01,Mars,False,F/1106/P,TRAPPIST-1e,27.0,False,2.0,0.0,1320.0,0.0,26.0,Rose Prity,True
5188_03,Earth,True,G/838/P,TRAPPIST-1e,12.0,False,0.0,0.0,0.0,0.0,0.0,Wally Bootez,False
8366_03,Earth,True,G/1364/P,TRAPPIST-1e,2.0,False,0.0,0.0,0.0,0.0,0.0,Jodia Russon,True
8315_01,Earth,False,F/1598/S,TRAPPIST-1e,21.0,False,380.0,177.0,161.0,0.0,85.0,Lette Mcneiley,False
0826_01,Earth,False,,TRAPPIST-1e,27.0,False,174.0,653.0,0.0,0.0,0.0,Danna Hoopez,True
5475_01,Earth,False,F/1134/P,TRAPPIST-1e,43.0,False,0.0,0.0,1.0,,0.0,Stelle Lowelliott,False
5802_01,Mars,False,D/175/S,TRAPPIST-1e,44.0,False,815.0,219.0,22.0,0.0,0.0,Terry Killé,True
1075_02,Europa,True,B/41/S,TRAPPIST-1e,27.0,False,0.0,0.0,0.0,0.0,0.0,Duhra Objeciane,True
6207_02,Mars,False,F/1278/P,TRAPPIST-1e,4.0,False,,0.0,0.0,0.0,0.0,Cinkes Brity,True
8918_01,Earth,False,G/1448/P,TRAPPIST-1e,20.0,False,0.0,1.0,32.0,755.0,21.0,Brada Hayder,False
5060_03,Europa,False,C/157/P,55 Cancri e,27.0,False,0.0,867.0,0.0,20.0,1371.0,Segino Honatte,False
2480_01,Earth,False,F/476/S,55 Cancri e,41.0,False,682.0,0.0,0.0,0.0,17.0,Allara Llovers,False
1052_01,Earth,False,F/198/S,55 Cancri e,22.0,False,,0.0,21.0,0.0,0.0,Leenny Gallard,False
8606_02,Earth,False,F/1658/S,TRAPPIST-1e,24.0,False,13.0,221.0,0.0,1154.0,0.0,Gerry Wolffy,False
6054_01,Mars,True,F/1151/S,TRAPPIST-1e,28.0,,0.0,0.0,0.0,0.0,0.0,Frus Kie,True
6216_01,Mars,False,F/1282/P,TRAPPIST-1e,43.0,False,24.0,1.0,1167.0,0.0,0.0,Wolous Perta,True
5174_01,Europa,True,C/159/P,55 Cancri e,44.0,False,0.0,0.0,0.0,0.0,0.0,Hekark Alenter,True
2449_02,Mars,True,E/146/P,TRAPPIST-1e,27.0,False,0.0,0.0,0.0,0.0,0.0,Tark Nacke,False
1350_03,Earth,False,G/206/S,PSO J318.5-22,42.0,False,491.0,106.0,8.0,202.0,0.0,Mamina Cleang,False
4237_01,Earth,False,E/277/S,TRAPPIST-1e,18.0,False,0.0,0.0,774.0,0.0,13.0,Kerryn Mirezavis,True
5906_01,Earth,False,G/957/P,,51.0,False,0.0,0.0,207.0,347.0,262.0,Dwin Santin,False
6003_01,Earth,False,G/970/P,TRAPPIST-1e,36.0,False,9.0,247.0,0.0,482.0,16.0,Delley Spencervan,False
0457_03,Earth,False,G/72/P,TRAPPIST-1e,7.0,False,0.0,0.0,0.0,0.0,0.0,Joela Poperez,False
5561_04,Europa,False,A/51/P,TRAPPIST-1e,43.0,False,7.0,494.0,2473.0,443.0,71.0,Ankab Fueling,False
8827_01,Earth,False,F/1820/P,55 Cancri e,37.0,False,88.0,0.0,719.0,88.0,0.0,Rickie Mclarseney,True
0615_01,Earth,True,G/92/S,TRAPPIST-1e,58.0,False,0.0,0.0,0.0,0.0,0.0,Blancy Pollarkeeks,False
6799_01,Europa,True,C/252/S,55 Cancri e,40.0,False,0.0,0.0,0.0,0.0,0.0,Terops Namsheary,True
4632_02,Europa,True,C/176/S,TRAPPIST-1e,68.0,False,0.0,0.0,0.0,0.0,0.0,Azhasim Dightent,True
5959_01,Europa,False,D/181/S,TRAPPIST-1e,29.0,False,1.0,2809.0,97.0,61.0,1227.0,Schabik Praugnox,False
8335_01,Mars,False,E/531/P,TRAPPIST-1e,30.0,False,697.0,0.0,602.0,0.0,0.0,Gons Flell,False
7731_01,Europa,True,B/255/P,55 Cancri e,39.0,False,0.0,0.0,0.0,0.0,0.0,Keidus Suarging,True
1925_01,Earth,True,G/304/S,TRAPPIST-1e,50.0,False,0.0,0.0,0.0,0.0,0.0,Olgary Matts,False
8615_01,Earth,False,E/565/S,55 Cancri e,50.0,False,0.0,0.0,117.0,712.0,0.0,Kris Buckentry,True
2339_01,Mars,False,F/475/P,TRAPPIST-1e,46.0,False,1290.0,0.0,57.0,0.0,0.0,Book Shrie,False
8459_01,Earth,True,G/1355/S,PSO J318.5-22,43.0,False,0.0,0.0,0.0,0.0,0.0,Dorice Morandry,False
8978_01,Mars,False,F/1841/P,TRAPPIST-1e,53.0,False,24.0,0.0,1105.0,0.0,0.0,Hule Perne,False
3851_01,Europa,False,C/127/P,TRAPPIST-1e,57.0,False,205.0,4415.0,0.0,1589.0,305.0,Alino Namsheary,False
0593_01,Mars,False,D/24/P,TRAPPIST-1e,,,43.0,152.0,182.0,1.0,2005.0,Hon Kra,False
8324_01,Earth,True,G/1353/P,PSO J318.5-22,24.0,False,0.0,0.0,0.0,0.0,0.0,Edgary Sextones,False
5402_01,Mars,False,F/1034/S,TRAPPIST-1e,40.0,,1269.0,0.0,75.0,0.0,4.0,Cupers Erpie,False
8057_01,Europa,True,B/267/P,TRAPPIST-1e,65.0,False,0.0,0.0,0.0,0.0,0.0,Wimplas Sersocatic,True
4026_01,Europa,True,B/154/S,55 Cancri e,42.0,False,0.0,0.0,0.0,0.0,0.0,Azham Chsere,True
8454_01,Earth,False,G/1354/S,TRAPPIST-1e,19.0,False,112.0,0.0,265.0,396.0,0.0,Elle Workmans,False
2092_01,Mars,False,D/70/S,TRAPPIST-1e,18.0,False,29.0,0.0,2315.0,0.0,1.0,Muffs Blan,True
2701_01,Earth,True,G/428/S,PSO J318.5-22,20.0,False,0.0,0.0,0.0,0.0,0.0,Cliney Thorney,True
4147_01,Europa,False,C/149/S,TRAPPIST-1e,54.0,False,0.0,,0.0,3200.0,0.0,Caphact Lendly,True
2880_01,Earth,True,G/468/P,PSO J318.5-22,32.0,False,0.0,0.0,0.0,0.0,0.0,Lynnee Wooterston,False
1056_01,,True,F/218/P,TRAPPIST-1e,38.0,False,0.0,0.0,0.0,0.0,0.0,Cineys Ble,True
7446_01,Earth,False,G/1204/P,TRAPPIST-1e,18.0,False,960.0,672.0,0.0,0.0,168.0,Mamina Hopez,False
7408_01,Mars,False,F/1420/S,TRAPPIST-1e,32.0,False,193.0,,1116.0,0.0,0.0,Plat Katte,False
8458_06,Europa,False,C/319/S,TRAPPIST-1e,26.0,True,1.0,5610.0,0.0,5.0,119.0,Minopus Bealvewd,True
8842_01,Europa,False,D/267/S,TRAPPIST-1e,24.0,False,3.0,2910.0,0.0,112.0,36.0,Hekaron Amspring,True
3439_02,Europa,,B/130/S,TRAPPIST-1e,17.0,False,0.0,0.0,0.0,0.0,0.0,Alrais Modent,True
6076_01,Earth,,G/988/S,TRAPPIST-1e,18.0,False,14.0,2.0,144.0,610.0,0.0,Therry Cames,True
4219_01,Mars,True,F/868/P,TRAPPIST-1e,3.0,False,0.0,0.0,0.0,,0.0,Unfly Min,True
0474_01,Earth,True,G/69/S,55 Cancri e,15.0,False,0.0,0.0,0.0,0.0,0.0,Nicey Chardst,True
1430_01,Earth,False,F/283/P,TRAPPIST-1e,14.0,False,360.0,0.0,2116.0,1.0,8.0,Lina Popez,False
6708_01,Europa,False,A/67/P,TRAPPIST-1e,0.0,False,0.0,0.0,0.0,0.0,0.0,Muonons Sysilstict,True
3755_02,Earth,True,G/612/P,PSO J318.5-22,8.0,False,0.0,0.0,0.0,0.0,0.0,,False
3145_01,Mars,True,F/652/P,TRAPPIST-1e,49.0,False,0.0,0.0,0.0,0.0,0.0,Spies Gency,True
5276_01,Europa,False,B/179/P,55 Cancri e,39.0,True,0.0,2868.0,0.0,5.0,1968.0,Neutrak Poustive,True
8015_01,Europa,,B/315/S,TRAPPIST-1e,2.0,False,0.0,0.0,0.0,0.0,,Kitauon Pulgaly,True
1116_01,Earth,False,G/174/S,TRAPPIST-1e,9.0,False,0.0,0.0,0.0,0.0,0.0,Rickie Barnolaney,True
5367_02,,False,C/209/S,TRAPPIST-1e,34.0,False,0.0,3195.0,0.0,102.0,1469.0,Dnocese Fruidy,True
1370_01,Earth,False,E/102/S,TRAPPIST-1e,21.0,False,965.0,0.0,23.0,3.0,0.0,Timmy Waterson,False
6718_01,Earth,False,G/1088/P,TRAPPIST-1e,37.0,False,18.0,238.0,0.0,528.0,0.0,Dawne Mcfaddoxter,False
7903_01,Earth,False,F/1638/P,TRAPPIST-1e,39.0,False,472.0,0.0,0.0,173.0,0.0,Ricard Weberton,False
0770_05,Earth,False,G/117/S,55 Cancri e,0.0,False,0.0,0.0,0.0,0.0,0.0,Harlen Mclardson,True
4205_01,Earth,False,F/789/S,TRAPPIST-1e,37.0,False,0.0,886.0,0.0,58.0,441.0,Ebonya Dillips,False
6363_03,Earth,True,G/1026/P,TRAPPIST-1e,9.0,False,0.0,0.0,0.0,,0.0,Isaacy Gouldensen,False
3930_01,Earth,False,F/740/S,55 Cancri e,29.0,False,0.0,0.0,0.0,1819.0,1.0,Dell Mcguirez,False
4473_01,Mars,False,F/841/S,55 Cancri e,13.0,False,2244.0,31.0,507.0,0.0,142.0,,False
1345_01,Earth,False,F/260/S,TRAPPIST-1e,25.0,False,1174.0,0.0,18.0,721.0,0.0,Mistie Flowensley,False
3936_01,Earth,False,G/644/S,TRAPPIST-1e,24.0,False,3537.0,0.0,0.0,0.0,0.0,Carley Sancasey,False
0714_03,Earth,False,G/109/P,,12.0,False,0.0,0.0,,0.0,0.0,Sony Rilley,True
2073_01,Earth,False,F/401/S,TRAPPIST-1e,23.0,False,177.0,0.0,7.0,0.0,448.0,Landa Rivanseney,False
4016_01,Earth,False,E/268/S,55 Cancri e,34.0,False,309.0,542.0,0.0,0.0,55.0,Dorene Mclainez,False
4001_04,Earth,True,G/659/S,55 Cancri e,2.0,False,0.0,0.0,0.0,0.0,0.0,Carley Lowelliott,False
7227_01,Mars,False,F/1497/P,TRAPPIST-1e,22.0,False,741.0,0.0,1028.0,0.0,0.0,Widin Vlake,False
1878_01,Earth,False,F/375/P,TRAPPIST-1e,49.0,False,0.0,0.0,0.0,724.0,0.0,Fanna Chenson,False
1590_01,Europa,False,D/57/S,TRAPPIST-1e,37.0,False,0.0,1336.0,2.0,12.0,7.0,Neutrin Crakenecal,True
5550_01,Earth,False,G/895/S,TRAPPIST-1e,33.0,False,127.0,745.0,9.0,0.0,0.0,Robyna Poperez,True
7510_01,Mars,False,F/1435/S,55 Cancri e,18.0,False,1092.0,0.0,208.0,150.0,0.0,Pars Horte,False
4223_01,Mars,False,F/790/S,55 Cancri e,19.0,False,1184.0,88.0,0.0,0.0,334.0,Manth Grean,True
4676_01,Earth,False,G/760/P,TRAPPIST-1e,42.0,False,0.0,0.0,1677.0,65.0,62.0,Andie Campson,True
7022_02,Europa,False,D/215/S,TRAPPIST-1e,46.0,False,0.0,664.0,0.0,2.0,2177.0,Mesonon Bleling,False
6526_01,Earth,True,G/1056/P,TRAPPIST-1e,21.0,False,0.0,0.0,0.0,0.0,0.0,Raulia Larks,True
8852_01,Mars,True,D/278/P,TRAPPIST-1e,76.0,False,0.0,0.0,0.0,0.0,0.0,Aark Homin,True
8637_02,Mars,False,F/1773/P,TRAPPIST-1e,25.0,False,987.0,0.0,6221.0,141.0,0.0,Varz Spien,True
3322_01,Earth,True,G/542/P,TRAPPIST-1e,42.0,False,0.0,0.0,0.0,0.0,0.0,Man Philliames,True
9080_01,Earth,False,F/1857/P,TRAPPIST-1e,22.0,False,34.0,0.0,0.0,711.0,0.0,Willah Kenzierry,False
3686_01,Earth,False,F/696/S,TRAPPIST-1e,24.0,False,25.0,284.0,0.0,330.0,64.0,Meremy Hineyley,False
5404_01,Earth,False,F/1111/P,TRAPPIST-1e,38.0,False,766.0,38.0,0.0,0.0,0.0,Bettie Gentledges,False
5174_02,Europa,False,C/159/P,TRAPPIST-1e,29.0,False,6.0,5.0,0.0,6235.0,434.0,Mesarid Alenter,False
5756_07,Earth,False,,TRAPPIST-1e,25.0,False,12.0,6.0,2817.0,342.0,0.0,Shanie Garden,False
0015_01,Earth,False,F/4/P,55 Cancri e,24.0,False,0.0,1.0,0.0,0.0,637.0,Carry Hughriend,False
7843_01,Mars,True,,TRAPPIST-1e,75.0,False,0.0,0.0,0.0,0.0,0.0,Weet Petie,True
4782_02,Europa,False,C/189/S,TRAPPIST-1e,53.0,False,50.0,11552.0,0.0,2998.0,4334.0,Errak Maxled,False
4836_01,Mars,True,,TRAPPIST-1e,29.0,False,0.0,,0.0,0.0,0.0,Galowl Sidne,True
8168_03,Earth,False,F/1561/S,TRAPPIST-1e,21.0,False,644.0,0.0,0.0,0.0,2.0,Briane Carpentley,False
0815_01,Earth,False,E/59/S,TRAPPIST-1e,13.0,False,2.0,1.0,30.0,,0.0,Wenise Meyersones,False
5608_01,Earth,False,F/1164/P,TRAPPIST-1e,14.0,False,30.0,757.0,115.0,0.0,0.0,Son Mclainez,True
2234_06,Mars,True,F/448/P,55 Cancri e,17.0,False,0.0,0.0,0.0,0.0,0.0,Shood Gen,True
9205_01,Europa,True,B/300/P,55 Cancri e,37.0,False,0.0,0.0,0.0,0.0,0.0,Thaldah Brakeng,True
3292_03,Europa,True,B/121/S,55 Cancri e,14.0,False,,0.0,0.0,,0.0,Coxak Brakepined,True
2617_01,Earth,False,G/424/P,PSO J318.5-22,32.0,False,59.0,0.0,469.0,0.0,0.0,Yolas Peckerson,False
8865_01,Earth,False,F/1826/P,TRAPPIST-1e,24.0,False,121.0,10.0,341.0,307.0,47.0,Bettie Sancockett,False
5120_01,Mars,False,E/320/P,TRAPPIST-1e,20.0,False,0.0,0.0,0.0,0.0,0.0,Flams Bate,False
7284_01,Earth,False,G/1174/P,TRAPPIST-1e,17.0,False,,647.0,49.0,74.0,0.0,Rayle Walterson,False
5939_01,,False,E/385/S,TRAPPIST-1e,30.0,False,628.0,0.0,544.0,0.0,126.0,Life Queke,False
4030_04,Earth,True,G/661/S,TRAPPIST-1e,21.0,False,0.0,0.0,0.0,0.0,0.0,Beula Carpennels,False
8343_01,Earth,False,F/1717/P,TRAPPIST-1e,27.0,False,1403.0,169.0,1081.0,0.0,0.0,Raceky Norrison,False
3299_01,Earth,,G/524/S,TRAPPIST-1e,24.0,False,0.0,0.0,0.0,0.0,0.0,Verney Dillestron,False
4350_02,Earth,False,G/709/S,PSO J318.5-22,39.0,False,0.0,0.0,1.0,0.0,2330.0,Darrie Strongers,False
7865_01,Europa,True,C/293/S,PSO J318.5-22,30.0,False,0.0,0.0,0.0,0.0,0.0,Celava Secont,True
8159_01,Earth,False,F/1687/P,,26.0,False,0.0,0.0,0.0,622.0,8.0,Blancy Guerson,False
8388_01,Earth,False,F/1724/P,TRAPPIST-1e,20.0,False,781.0,0.0,33.0,,0.0,Stany Ricks,True
6820_01,Earth,False,F/1419/P,TRAPPIST-1e,31.0,False,,0.0,0.0,1490.0,0.0,Dianie Dickman,False
8071_01,Earth,False,F/1546/S,TRAPPIST-1e,53.0,False,0.0,0.0,716.0,0.0,0.0,Olly Klindsey,True
5354_02,Mars,False,E/339/S,TRAPPIST-1e,28.0,False,0.0,0.0,0.0,0.0,0.0,Bares Kraie,False
5251_01,Mars,False,F/1071/P,TRAPPIST-1e,33.0,False,705.0,0.0,1905.0,13.0,0.0,Murs Nanie,True
0991_01,Earth,True,G/152/S,TRAPPIST-1e,27.0,,0.0,0.0,0.0,0.0,0.0,Bethew Acobsond,False
2657_01,Earth,False,F/514/S,TRAPPIST-1e,20.0,False,0.0,27.0,1.0,686.0,1.0,Ricard Gainney,False
3283_04,Earth,False,G/521/S,TRAPPIST-1e,38.0,False,0.0,0.0,0.0,846.0,0.0,Brank Hoopez,False
4929_01,Mars,True,F/1004/P,55 Cancri e,13.0,False,0.0,0.0,0.0,0.0,0.0,Guink Reake,True
3927_02,Europa,False,C/142/S,55 Cancri e,42.0,False,0.0,1249.0,0.0,1313.0,1148.0,Alar Tionstious,True
4941_01,Mars,False,F/1008/P,TRAPPIST-1e,35.0,False,988.0,0.0,830.0,2.0,0.0,Waffes Buche,False
4474_02,Earth,True,G/730/S,TRAPPIST-1e,24.0,False,0.0,0.0,0.0,0.0,0.0,Stancy Garden,True
6117_01,Europa,False,B/234/S,TRAPPIST-1e,56.0,False,679.0,1126.0,0.0,33.0,3230.0,Anchira Spassive,False
7521_01,Earth,False,F/1560/P,TRAPPIST-1e,44.0,False,657.0,0.0,103.0,0.0,394.0,Hard Mcintons,False
7833_02,Europa,False,B/305/S,TRAPPIST-1e,34.0,False,11.0,3299.0,0.0,1013.0,15.0,Altan Spandisket,True
5595_01,Earth,False,F/1067/S,TRAPPIST-1e,30.0,False,0.0,1.0,0.0,870.0,0.0,Sonard Craftstens,False
2693_02,Europa,False,A/22/P,55 Cancri e,36.0,True,11.0,79.0,0.0,210.0,1895.0,Jabbab Geousty,False
5818_01,Earth,False,G/938/P,,21.0,False,3553.0,5.0,0.0,0.0,2.0,Jeroy Mullericer,False
7226_01,Mars,False,E/481/S,TRAPPIST-1e,20.0,False,3191.0,0.0,211.0,21.0,117.0,Naffsh Reke,False
0164_02,Earth,True,G/28/S,PSO J318.5-22,17.0,False,0.0,0.0,0.0,0.0,0.0,Ianya Hutchinton,False
6858_02,Europa,True,B/229/P,TRAPPIST-1e,14.0,False,0.0,0.0,0.0,0.0,0.0,Kabiak Spandisket,True
2144_01,Earth,True,,TRAPPIST-1e,56.0,False,0.0,0.0,0.0,0.0,0.0,Helley Philliames,False
0902_01,Earth,False,F/188/P,TRAPPIST-1e,18.0,False,200.0,124.0,0.0,413.0,0.0,Duana Jacostaney,True
1390_01,Earth,True,G/215/P,PSO J318.5-22,1.0,False,0.0,0.0,,0.0,0.0,Mathy Meltoney,True
0297_01,Earth,False,G/47/P,TRAPPIST-1e,24.0,False,90.0,2.0,1324.0,17.0,0.0,Ernice Gardonadox,True
0925_01,Mars,False,F/191/P,TRAPPIST-1e,34.0,False,379.0,0.0,1626.0,0.0,0.0,Skix Kraie,False
7793_01,,False,F/1617/P,TRAPPIST-1e,18.0,False,0.0,0.0,0.0,0.0,2141.0,Isa Anthompson,False
0243_01,Earth,True,G/37/S,TRAPPIST-1e,21.0,False,0.0,0.0,0.0,0.0,0.0,Lilace Cartyernan,False
3195_05,Earth,False,,55 Cancri e,0.0,False,0.0,0.0,0.0,0.0,0.0,Allena Litthews,False
5504_01,Earth,False,F/1140/P,TRAPPIST-1e,22.0,False,142.0,1307.0,0.0,0.0,0.0,Greggy Benderez,False
4770_02,Earth,True,F/900/S,PSO J318.5-22,18.0,False,0.0,0.0,0.0,0.0,0.0,Joyn Stantiagord,True
0438_01,Europa,True,B/13/S,TRAPPIST-1e,40.0,False,,0.0,0.0,0.0,0.0,Dyonon Diateous,True
0726_01,Earth,True,G/111/P,TRAPPIST-1e,20.0,False,0.0,0.0,0.0,0.0,0.0,Verly Fitzgerson,False
4091_01,Earth,False,F/772/S,TRAPPIST-1e,26.0,False,0.0,586.0,1.0,0.0,58.0,Ginald Pecketton,True
4450_04,Europa,False,C/140/P,TRAPPIST-1e,28.0,False,0.0,3627.0,0.0,31.0,3263.0,Altar Clugete,False
8959_01,Europa,True,C/298/P,TRAPPIST-1e,32.0,False,0.0,0.0,0.0,0.0,0.0,Wimps Unhearfus,True
5281_01,Earth,False,F/1080/P,TRAPPIST-1e,30.0,False,0.0,6.0,621.0,,433.0,Emmax Haynard,False
1846_01,Earth,False,F/366/P,TRAPPIST-1e,20.0,False,0.0,0.0,0.0,788.0,16.0,Elicia Mejiamsey,False
0002_01,Earth,False,F/0/S,TRAPPIST-1e,24.0,False,109.0,9.0,25.0,549.0,44.0,Juanna Vines,True
7157_01,Mars,True,,TRAPPIST-1e,27.0,False,0.0,0.0,0.0,0.0,0.0,Unchex Must,True
4933_04,Mars,True,F/938/S,TRAPPIST-1e,1.0,False,0.0,0.0,0.0,0.0,0.0,Clakey Gin,True
6137_04,Earth,True,G/994/S,TRAPPIST-1e,3.0,False,0.0,0.0,0.0,0.0,0.0,Sadine Serry,True
0010_01,Earth,False,G/1/S,TRAPPIST-1e,48.0,False,719.0,1.0,65.0,0.0,24.0,Reney Baketton,False
0715_01,Europa,,,55 Cancri e,54.0,False,0.0,0.0,0.0,0.0,0.0,Izarfik Unconary,True
4958_01,Earth,False,G/810/S,TRAPPIST-1e,32.0,False,0.0,235.0,0.0,474.0,0.0,Ivanna Flemaney,False
1865_03,Earth,False,G/292/S,TRAPPIST-1e,8.0,False,0.0,0.0,0.0,0.0,0.0,Idary Owery,True
5521_01,Earth,False,F/1058/S,TRAPPIST-1e,28.0,False,0.0,0.0,0.0,676.0,124.0,Ireene Boltertley,False
6252_01,Mars,False,F/1201/S,TRAPPIST-1e,54.0,False,630.0,298.0,418.0,312.0,0.0,Gork Chort,False
8605_03,Europa,True,C/324/S,55 Cancri e,13.0,,0.0,0.0,0.0,0.0,0.0,Spuri Netshaless,True
6691_01,Earth,False,F/1390/P,TRAPPIST-1e,28.0,False,62.0,202.0,542.0,0.0,,Pamont Schwardson,True
0548_01,Earth,False,E/36/S,TRAPPIST-1e,24.0,False,0.0,86.0,704.0,0.0,1.0,Kariel Webstes,True
5594_01,Earth,False,F/1163/P,TRAPPIST-1e,17.0,False,0.0,823.0,0.0,1168.0,14.0,Verney Lewinton,False
8818_01,Earth,True,G/1427/P,PSO J318.5-22,28.0,False,0.0,0.0,0.0,0.0,0.0,Andyn Ballocks,True
3188_01,Mars,True,E/209/S,55 Cancri e,31.0,False,0.0,0.0,0.0,0.0,0.0,Mass Reau,False
9170_01,Earth,,E/587/P,TRAPPIST-1e,33.0,False,1060.0,403.0,1.0,0.0,145.0,Jeandy Ewins,False
1167_01,Mars,True,F/236/P,TRAPPIST-1e,28.0,False,0.0,0.0,,0.0,0.0,Sugbix Terry,True
3788_01,Mars,False,D/127/P,TRAPPIST-1e,25.0,False,519.0,0.0,284.0,0.0,0.0,Pikes Sesa,False
2409_01,Earth,False,F/492/P,55 Cancri e,22.0,False,292.0,395.0,0.0,0.0,3.0,Briam Pottonalden,False
3512_01,Earth,False,F/662/S,55 Cancri e,28.0,False,1.0,0.0,857.0,0.0,0.0,Wallyn Holcompson,False
8860_02,,True,F/1825/P,TRAPPIST-1e,7.0,False,0.0,0.0,0.0,0.0,0.0,Guls Vloaf,True
1190_01,Earth,False,E/72/P,TRAPPIST-1e,52.0,False,0.0,243.0,464.0,71.0,8.0,Melica Carpennels,True
6422_04,Mars,False,E/408/P,TRAPPIST-1e,34.0,False,801.0,0.0,246.0,1.0,0.0,Unchre Panie,False
5886_02,Mars,True,E/373/P,TRAPPIST-1e,30.0,False,0.0,0.0,0.0,0.0,0.0,Cird Fate,False
1323_01,Earth,True,F/267/P,55 Cancri e,23.0,False,0.0,0.0,0.0,0.0,0.0,Jilla Gamberson,True
0714_04,Earth,True,G/109/P,PSO J318.5-22,2.0,False,0.0,0.0,0.0,0.0,0.0,Charry Rilley,False
0462_01,Earth,True,G/67/S,,50.0,False,0.0,0.0,0.0,0.0,0.0,Ronia Sosanturney,False
7801_01,,False,,55 Cancri e,21.0,False,1720.0,2337.0,0.0,1.0,335.0,Eliana Coopezmaney,False
7741_01,Earth,False,G/1252/S,TRAPPIST-1e,3.0,False,0.0,0.0,0.0,0.0,0.0,Lilly Matts,False
0952_01,Mars,False,F/175/S,TRAPPIST-1e,45.0,False,877.0,0.0,1383.0,0.0,0.0,Grios Colle,False
3047_01,Mars,True,E/190/P,PSO J318.5-22,17.0,False,0.0,,0.0,0.0,0.0,Jack Quart,True
9130_01,Mars,True,F/1765/S,,41.0,False,0.0,0.0,0.0,0.0,0.0,Blers Corte,True
5888_01,Mars,False,F/1218/P,55 Cancri e,27.0,False,1331.0,0.0,0.0,0.0,0.0,Yogal Blate,False
1682_01,Mars,True,F/331/P,TRAPPIST-1e,38.0,False,0.0,0.0,0.0,0.0,0.0,Miten Watte,True
5921_02,Earth,False,F/1224/P,TRAPPIST-1e,22.0,False,0.0,0.0,859.0,62.0,0.0,Brance Campson,False
4005_03,Earth,False,G/657/P,TRAPPIST-1e,4.0,False,0.0,0.0,0.0,0.0,0.0,Cliney Castannison,False
6378_01,Earth,True,G/1034/S,PSO J318.5-22,16.0,False,0.0,0.0,0.0,0.0,0.0,Margio Foxter,True
4586_01,Mars,False,F/943/P,55 Cancri e,31.0,False,22.0,0.0,,1.0,524.0,Goats Emead,False
0912_01,Europa,False,B/37/S,TRAPPIST-1e,31.0,False,0.0,7461.0,0.0,369.0,450.0,Dyonon Imprank,True
2470_02,Earth,False,G/398/S,TRAPPIST-1e,26.0,False,0.0,,0.0,543.0,,Nance Bookst,False
2056_02,Earth,False,F/407/P,TRAPPIST-1e,14.0,False,16.0,0.0,0.0,712.0,149.0,Claura Hanghanson,False
2559_01,Europa,False,,TRAPPIST-1e,51.0,False,0.0,1949.0,0.0,2549.0,39.0,Castab Clarty,False
3021_01,Earth,False,G/476/S,TRAPPIST-1e,31.0,False,517.0,1.0,301.0,60.0,4.0,Deanny Spencervan,False
6035_01,Earth,False,E/386/P,TRAPPIST-1e,18.0,False,0.0,0.0,0.0,1.0,827.0,Doria Morsentley,True
6751_02,Mars,True,E/446/S,TRAPPIST-1e,31.0,False,0.0,0.0,0.0,0.0,0.0,Fal Berle,False
1114_02,Mars,False,E/79/S,TRAPPIST-1e,31.0,False,0.0,0.0,0.0,0.0,0.0,Apple Kidne,False
6001_01,Earth,True,G/969/P,TRAPPIST-1e,50.0,,0.0,0.0,0.0,0.0,0.0,Greggy Coolez,False
3640_02,Earth,True,G/589/S,TRAPPIST-1e,41.0,False,0.0,0.0,0.0,0.0,0.0,Troya Schwardson,False
6276_01,Earth,True,G/1011/P,55 Cancri e,23.0,False,0.0,0.0,0.0,0.0,0.0,Coracy Grifford,True
8611_01,Earth,False,F/1766/P,55 Cancri e,24.0,False,2.0,644.0,0.0,0.0,0.0,Rice Mejiaddox,False
5145_01,Earth,True,G/841/S,TRAPPIST-1e,18.0,False,0.0,0.0,0.0,0.0,0.0,Shaele Mathison,True
8089_01,Earth,False,F/1671/P,TRAPPIST-1e,19.0,False,0.0,0.0,1761.0,0.0,36.0,Erie Peter,True
4571_01,Earth,True,G/745/S,TRAPPIST-1e,24.0,False,0.0,0.0,0.0,0.0,0.0,Ricia Crosbornes,True
2153_01,Earth,True,G/347/P,TRAPPIST-1e,21.0,False,0.0,0.0,0.0,0.0,,Alvia Daviddley,False
8112_01,Earth,False,F/1553/S,PSO J318.5-22,23.0,False,90.0,4.0,0.0,7.0,588.0,Benda Dickley,False
1918_01,Europa,True,A/23/S,TRAPPIST-1e,0.0,False,0.0,0.0,0.0,0.0,0.0,Nesham Assibler,False
7144_01,Earth,True,G/1150/P,TRAPPIST-1e,48.0,False,0.0,0.0,0.0,0.0,0.0,Heald Snowaney,False
7113_02,Earth,False,F/1361/S,55 Cancri e,23.0,False,9.0,1.0,0.0,492.0,109.0,Ivanne Simstravery,True
0167_01,Mars,True,F/35/S,TRAPPIST-1e,13.0,False,0.0,0.0,0.0,0.0,0.0,Miten Floaf,True
0564_01,Europa,True,B/24/P,55 Cancri e,32.0,False,0.0,0.0,0.0,0.0,0.0,Bath Dinsprody,True
1333_01,Earth,False,F/269/P,PSO J318.5-22,32.0,False,0.0,486.0,0.0,229.0,26.0,Elindy Fryes,False
3705_01,Earth,False,F/769/P,TRAPPIST-1e,19.0,False,238.0,1.0,28.0,207.0,119.0,Murie Hubert,False
6561_01,Europa,False,B/253/S,TRAPPIST-1e,29.0,False,19.0,4900.0,6.0,6324.0,2056.0,Aldeba Ainserfle,False
5757_01,Earth,False,F/1195/P,TRAPPIST-1e,23.0,False,0.0,0.0,0.0,558.0,1.0,Dianya Salin,False
4980_01,Earth,False,G/805/P,TRAPPIST-1e,28.0,False,0.0,0.0,0.0,882.0,0.0,Lelah Potterry,False
0225_01,Earth,True,G/38/P,PSO J318.5-22,58.0,False,0.0,0.0,0.0,0.0,0.0,Carly Hortis,True
8137_01,Earth,False,G/1314/P,TRAPPIST-1e,18.0,False,0.0,297.0,0.0,588.0,23.0,Antone Fielson,False
5968_01,Earth,False,F/1229/P,TRAPPIST-1e,,False,17.0,0.0,0.0,49.0,867.0,Hanry Dayers,False
0172_01,Earth,True,G/24/P,TRAPPIST-1e,32.0,False,0.0,0.0,0.0,0.0,0.0,Hanna Johnshines,True
5360_01,Mars,True,F/1100/P,TRAPPIST-1e,38.0,False,0.0,0.0,0.0,0.0,0.0,Morms Nake,True
4883_01,,True,G/788/P,TRAPPIST-1e,38.0,False,0.0,0.0,0.0,0.0,0.0,Darley Carrishley,True
5485_01,Earth,False,G/880/P,TRAPPIST-1e,20.0,False,0.0,9.0,82.0,14.0,704.0,Kennie Portananney,False
5451_01,,False,F/1127/P,PSO J318.5-22,21.0,False,0.0,697.0,0.0,0.0,0.0,Adrie Rodger,True
1933_01,Earth,False,E/118/P,TRAPPIST-1e,45.0,False,10.0,0.0,0.0,,0.0,Timyra Hammons,True
3850_02,Europa,True,C/137/S,55 Cancri e,19.0,False,0.0,0.0,0.0,0.0,0.0,Astula Unteckery,True
0539_05,Europa,False,C/18/P,TRAPPIST-1e,38.0,False,0.0,1793.0,479.0,9.0,4987.0,Mardyon Nalanet,False
5885_05,Earth,True,G/954/S,55 Cancri e,23.0,False,0.0,0.0,0.0,0.0,0.0,Philda Oneiles,True
4311_01,Earth,False,F/807/S,TRAPPIST-1e,22.0,False,563.0,521.0,364.0,0.0,0.0,Delley Stannondez,False
5126_01,Europa,True,C/200/S,55 Cancri e,59.0,False,0.0,0.0,0.0,0.0,0.0,Isotone Unaring,True
7761_02,Earth,True,G/1246/P,55 Cancri e,5.0,False,0.0,0.0,0.0,0.0,0.0,Stevey Water,True
4713_01,Earth,False,F/885/S,TRAPPIST-1e,20.0,False,0.0,0.0,111.0,39.0,1094.0,Lorian Flemaney,False
0024_01,Europa,True,C/2/S,TRAPPIST-1e,62.0,False,0.0,0.0,,0.0,0.0,Penton Fullided,True
1674_01,Earth,True,G/260/S,PSO J318.5-22,20.0,False,0.0,0.0,0.0,0.0,0.0,,False
9112_01,Mars,False,D/290/P,TRAPPIST-1e,28.0,False,,0.0,0.0,0.0,0.0,Wealke Brin,False
0992_03,Europa,False,D/35/S,55 Cancri e,46.0,False,1192.0,1736.0,17.0,21.0,0.0,Matan Herpumble,True
6070_01,Mars,False,D/186/S,TRAPPIST-1e,49.0,False,2209.0,42.0,109.0,23.0,0.0,Aptal Fate,False
8663_02,Earth,True,,55 Cancri e,40.0,,0.0,0.0,0.0,0.0,0.0,Donnie Hurchrisong,True
0305_01,Europa,False,C/7/P,55 Cancri e,23.0,False,0.0,584.0,0.0,20.0,2469.0,Suhelik Geousker,False
1926_01,,True,G/305/S,TRAPPIST-1e,20.0,False,0.0,0.0,0.0,0.0,0.0,Billey Conney,False
0178_01,Mars,False,D/6/S,TRAPPIST-1e,38.0,False,3414.0,0.0,161.0,28.0,119.0,Wees Knik,False
1401_01,Earth,,G/218/P,TRAPPIST-1e,18.0,False,0.0,0.0,599.0,59.0,152.0,Guyne Burtiz,False
2785_01,Europa,True,C/102/S,TRAPPIST-1e,58.0,False,,0.0,0.0,0.0,0.0,Wasaleh Clindy,True
1511_03,Europa,False,B/63/S,TRAPPIST-1e,36.0,False,0.0,2345.0,0.0,1966.0,27.0,Maham Spandisket,False
0290_04,Europa,False,B/7/S,55 Cancri e,9.0,False,0.0,0.0,0.0,0.0,0.0,Atino Excialing,True
1426_01,Europa,True,D/46/P,55 Cancri e,28.0,False,0.0,0.0,0.0,0.0,0.0,Duhrid Drelcate,True
4181_04,Europa,True,C/133/P,TRAPPIST-1e,44.0,False,0.0,0.0,0.0,0.0,0.0,Ashir Frattyring,True
9268_01,Earth,True,G/1505/P,TRAPPIST-1e,31.0,False,0.0,0.0,0.0,0.0,0.0,Agnesa Baldson,True
0518_01,,True,F/92/S,TRAPPIST-1e,35.0,False,0.0,0.0,0.0,0.0,0.0,Soyos Parta,True
3757_01,Earth,True,G/617/S,TRAPPIST-1e,38.0,False,0.0,0.0,0.0,0.0,0.0,Loresa Hubbarrison,True
4465_02,Europa,False,A/54/S,TRAPPIST-1e,43.0,False,31.0,76.0,0.0,1353.0,1713.0,Terons Diabysid,False
3552_02,Europa,True,B/136/S,TRAPPIST-1e,18.0,False,0.0,0.0,0.0,0.0,0.0,Canonon Castery,True
7601_01,Earth,False,G/1232/S,TRAPPIST-1e,17.0,False,214.0,552.0,0.0,241.0,0.0,Amela Starkers,False
2948_01,Europa,False,C/112/S,TRAPPIST-1e,55.0,False,0.0,1971.0,77.0,577.0,1050.0,Tabiton Prearright,True
6141_02,Earth,False,,,21.0,False,28.0,0.0,0.0,662.0,0.0,,False
2243_01,Earth,False,G/362/P,TRAPPIST-1e,22.0,False,38.0,483.0,80.0,47.0,121.0,Thondy Booness,True
3995_02,Earth,False,F/825/P,PSO J318.5-22,40.0,False,0.0,0.0,310.0,1.0,421.0,Charly Casonston,False
0126_01,Mars,True,F/27/S,TRAPPIST-1e,67.0,False,0.0,0.0,0.0,0.0,0.0,Milly Mish,True
1940_01,Mars,False,F/386/P,TRAPPIST-1e,27.0,False,120.0,0.0,1476.0,3.0,0.0,Wins Bate,False
4001_05,Earth,False,F/758/S,,34.0,False,0.0,847.0,14.0,0.0,0.0,Brancy Lowelliott,True
1423_02,Europa,True,B/61/S,TRAPPIST-1e,39.0,False,0.0,0.0,0.0,0.0,0.0,Beneb Asoppor,True
7634_01,Earth,True,G/1239/S,,27.0,False,0.0,0.0,0.0,0.0,0.0,Johna Byerry,True
5287_01,Earth,False,G/861/S,PSO J318.5-22,42.0,False,0.0,,0.0,214.0,50.0,Shanya Webstephrey,True
0848_01,Mars,True,F/175/P,TRAPPIST-1e,30.0,False,0.0,0.0,0.0,0.0,0.0,Sts Raca,True
1144_03,Earth,False,G/177/S,TRAPPIST-1e,55.0,False,412.0,97.0,3.0,0.0,,Landa Barnolderg,False
7904_02,Earth,False,G/1277/P,TRAPPIST-1e,26.0,False,485.0,8.0,3958.0,0.0,0.0,Hilia Pughlinsons,True
5182_01,Earth,True,G/836/P,TRAPPIST-1e,4.0,False,0.0,0.0,0.0,0.0,0.0,Crisey Georgasey,True
4531_01,Europa,True,C/142/P,TRAPPIST-1e,54.0,False,0.0,0.0,0.0,0.0,0.0,Thabius Stelative,True
5194_01,Europa,True,B/176/P,TRAPPIST-1e,18.0,False,0.0,0.0,0.0,0.0,0.0,Sabi Ainatint,True
9073_02,Europa,True,B/347/S,55 Cancri e,53.0,False,0.0,0.0,,0.0,0.0,Wimpha Shricatory,True
6075_01,Europa,True,B/206/P,TRAPPIST-1e,26.0,False,0.0,0.0,0.0,0.0,0.0,Wasalm Sofraten,True
2666_02,Mars,False,E/184/S,55 Cancri e,18.0,False,1874.0,0.0,260.0,0.0,0.0,All Curle,False
6816_04,Earth,False,G/1108/P,TRAPPIST-1e,10.0,False,0.0,0.0,0.0,0.0,0.0,Troyce Ewiseston,True
5406_01,,False,F/1035/S,PSO J318.5-22,22.0,,2.0,46.0,0.0,483.0,67.0,Shally Langatein,False
2191_01,Mars,True,F/431/S,TRAPPIST-1e,48.0,False,0.0,0.0,0.0,0.0,0.0,Barkix Sidie,True
3830_01,Earth,False,G/627/S,55 Cancri e,34.0,False,71.0,0.0,242.0,393.0,0.0,Racey Powery,False
5472_01,Earth,False,F/1047/S,PSO J318.5-22,37.0,False,0.0,0.0,559.0,11.0,0.0,Jacque Andley,True
5880_01,Earth,True,G/953/P,TRAPPIST-1e,11.0,False,0.0,0.0,0.0,0.0,0.0,Leneva Pooley,True
1612_02,Europa,True,E/101/P,TRAPPIST-1e,47.0,False,0.0,0.0,0.0,0.0,0.0,Arraid Entenedy,True
7861_01,Earth,True,G/1265/P,TRAPPIST-1e,6.0,,0.0,0.0,0.0,0.0,0.0,Krisa Wheelez,False
2634_01,Mars,True,F/508/S,TRAPPIST-1e,39.0,False,0.0,0.0,0.0,0.0,,Apies Pine,True
8447_01,Earth,False,F/1734/P,TRAPPIST-1e,25.0,False,1.0,0.0,1.0,14.0,1491.0,Erine Joyneidez,False
3325_01,Earth,True,G/543/P,PSO J318.5-22,31.0,False,0.0,0.0,0.0,0.0,0.0,Blanda Fitzgerson,True
7051_01,Mars,False,D/223/P,TRAPPIST-1e,39.0,False,42.0,0.0,352.0,1.0,369.0,Jele Mad,False
7872_05,Earth,True,G/1267/P,TRAPPIST-1e,1.0,False,0.0,0.0,0.0,0.0,0.0,Chesty Wardendez,True
0705_01,Earth,False,F/149/P,55 Cancri e,43.0,False,0.0,0.0,722.0,0.0,0.0,Denny Mccarveymon,True
0927_01,Earth,False,G/140/S,TRAPPIST-1e,25.0,False,0.0,,699.0,43.0,22.0,Emmax Avisnydes,False
4592_03,Mars,True,F/862/S,,29.0,False,0.0,0.0,0.0,0.0,0.0,Phios Carté,True
3293_01,Mars,False,F/623/S,TRAPPIST-1e,20.0,False,915.0,12.0,25.0,205.0,311.0,Wings Part,True
5205_02,Earth,False,G/845/S,TRAPPIST-1e,2.0,False,0.0,0.0,0.0,0.0,0.0,Juanna Roachez,True
1175_01,Mars,True,F/223/S,TRAPPIST-1e,34.0,False,0.0,0.0,0.0,0.0,0.0,Ers Brin,True
4680_02,Mars,True,F/952/P,TRAPPIST-1e,2.0,False,0.0,0.0,0.0,0.0,0.0,Watros Colte,True
6184_01,Earth,True,G/1003/S,PSO J318.5-22,4.0,False,0.0,0.0,0.0,0.0,0.0,Kimmie Lopelases,True
8822_01,Europa,False,A/92/P,55 Cancri e,25.0,False,0.0,145.0,1359.0,492.0,205.0,Taram Spopting,False
9169_01,Mars,False,D/295/P,TRAPPIST-1e,38.0,False,48.0,2318.0,5.0,11.0,0.0,Los Iccle,True
2818_01,Mars,False,F/585/P,TRAPPIST-1e,0.0,False,0.0,0.0,0.0,0.0,0.0,Krus Betie,True
8083_01,Earth,False,F/1669/P,TRAPPIST-1e,18.0,False,595.0,134.0,7.0,0.0,0.0,Chrisa Wolferton,False
4401_02,Earth,True,G/716/S,PSO J318.5-22,18.0,False,0.0,0.0,0.0,0.0,0.0,Eriana Loverthyo,True
2888_01,Mars,False,F/597/P,TRAPPIST-1e,71.0,True,901.0,0.0,1698.0,0.0,0.0,Kad Gele,False
2992_01,,False,F/570/S,PSO J318.5-22,49.0,False,0.0,,0.0,160.0,528.0,Dont Sterreray,False
7210_01,Earth,False,F/1493/P,TRAPPIST-1e,25.0,False,0.0,0.0,879.0,0.0,0.0,Jonard Puckenton,False
4400_02,Mars,False,F/830/S,55 Cancri e,0.0,False,0.0,0.0,0.0,0.0,0.0,Conk Sepie,True
0183_01,Earth,False,F/36/S,TRAPPIST-1e,37.0,False,17.0,146.0,426.0,0.0,232.0,Stany Weaves,True
4251_01,Earth,False,F/879/P,TRAPPIST-1e,29.0,False,715.0,0.0,,698.0,106.0,Dorice Connelson,False
6048_01,Mars,True,,,25.0,False,0.0,0.0,0.0,0.0,0.0,Mele Clake,False
5925_01,Europa,False,B/226/S,TRAPPIST-1e,29.0,False,0.0,1644.0,0.0,0.0,3780.0,Anchird Rotter,False
3063_01,Earth,True,G/499/P,PSO J318.5-22,19.0,False,0.0,0.0,0.0,0.0,0.0,Jerrye Daughttley,True
1569_01,Mars,True,F/308/P,TRAPPIST-1e,25.0,False,0.0,0.0,0.0,0.0,0.0,Tors Hac,True
2196_02,Europa,False,B/65/P,55 Cancri e,26.0,False,26.0,4587.0,0.0,102.0,0.0,Zinonon Veriedeezy,True
7207_01,Earth,True,G/1160/P,TRAPPIST-1e,28.0,False,0.0,0.0,0.0,0.0,0.0,Lynney Burksson,True
6137_03,Earth,True,G/994/S,TRAPPIST-1e,32.0,False,0.0,0.0,0.0,0.0,0.0,Hary Serry,True
5679_03,Earth,True,G/920/S,TRAPPIST-1e,20.0,False,0.0,0.0,0.0,0.0,0.0,Jennya Casonston,True
7502_01,Europa,False,C/241/P,55 Cancri e,45.0,False,66.0,5974.0,0.0,0.0,625.0,Gatrin Clutolded,True
1147_01,Europa,True,B/42/P,TRAPPIST-1e,49.0,False,0.0,0.0,0.0,0.0,0.0,Solam Semageary,True
2595_04,Mars,False,F/533/P,TRAPPIST-1e,8.0,False,0.0,0.0,0.0,0.0,0.0,Treynx Fle,True
2876_01,Earth,False,G/456/S,TRAPPIST-1e,42.0,False,173.0,656.0,0.0,0.0,23.0,Andyn Brenney,False
2640_01,Earth,False,F/510/S,TRAPPIST-1e,19.0,False,0.0,0.0,0.0,0.0,1051.0,Helean Wagnerray,False
7665_01,Earth,True,G/1229/P,,40.0,False,0.0,0.0,0.0,0.0,0.0,Marynk Wellierras,True
3634_01,Earth,False,E/242/S,TRAPPIST-1e,29.0,False,25.0,692.0,0.0,0.0,1.0,Greggy Merce,True
8938_02,Mars,True,F/1729/S,TRAPPIST-1e,35.0,False,0.0,0.0,0.0,0.0,0.0,Jumars Must,True
3323_02,Europa,True,C/110/P,55 Cancri e,53.0,False,0.0,0.0,0.0,0.0,0.0,Jihoton Fliblerolt,True
5132_01,Earth,False,G/828/P,TRAPPIST-1e,42.0,False,5049.0,477.0,0.0,0.0,0.0,Veremy Ellson,False
4149_01,Earth,False,G/682/P,55 Cancri e,33.0,,,0.0,589.0,2.0,255.0,Benew Saundez,True
2088_01,Earth,False,F/409/S,55 Cancri e,38.0,False,0.0,717.0,0.0,0.0,0.0,Eriey Weaves,False
1792_01,Mars,False,F/352/P,TRAPPIST-1e,73.0,False,27.0,2.0,71.0,1208.0,0.0,Duckes Brazo,False
3292_02,Europa,False,,55 Cancri e,52.0,False,13.0,6074.0,0.0,10385.0,299.0,Auvab Dianket,False
6598_01,Mars,True,F/1263/S,TRAPPIST-1e,35.0,False,0.0,0.0,0.0,0.0,0.0,Panter Mepie,True
0234_01,Earth,False,F/50/P,TRAPPIST-1e,43.0,False,,888.0,0.0,0.0,0.0,Keitha Josey,False
1956_01,Mars,False,D/68/S,TRAPPIST-1e,37.0,False,2765.0,0.0,1134.0,0.0,0.0,,False
0633_01,Mars,False,D/25/P,PSO J318.5-22,31.0,True,629.0,0.0,0.0,150.0,0.0,Cakes Gread,False
7367_02,Mars,False,F/1523/P,TRAPPIST-1e,55.0,False,1236.0,0.0,52.0,0.0,0.0,Melios Letty,False
0588_01,Earth,True,G/89/P,PSO J318.5-22,20.0,False,0.0,0.0,0.0,0.0,0.0,Camiet Delazarson,False
4257_01,Earth,False,F/881/P,TRAPPIST-1e,19.0,False,0.0,265.0,882.0,2.0,293.0,Jeanie Serraynardy,False
6428_01,Europa,True,C/198/P,55 Cancri e,20.0,False,,0.0,0.0,0.0,0.0,Nesch Pumbody,True
1865_01,Earth,True,G/292/S,TRAPPIST-1e,4.0,,0.0,0.0,0.0,0.0,0.0,Elanda Roses,False
7716_01,Europa,True,E/500/P,55 Cancri e,49.0,False,0.0,0.0,0.0,0.0,0.0,Marazha Panspic,True
5776_01,Earth,False,F/1102/S,TRAPPIST-1e,21.0,False,0.0,128.0,209.0,4.0,383.0,Luise Saundez,False
7714_01,Earth,False,G/1239/P,TRAPPIST-1e,19.0,False,0.0,28.0,62.0,24.0,1686.0,Morrie Shieldson,False
9012_01,Earth,False,G/1460/P,TRAPPIST-1e,43.0,False,224.0,0.0,623.0,0.0,62.0,,False
3739_01,Earth,False,G/615/S,TRAPPIST-1e,19.0,False,0.0,312.0,2.0,76.0,418.0,Francy Johnsby,False
5610_02,Europa,False,B/214/S,55 Cancri e,54.0,True,0.0,7996.0,0.0,4549.0,10206.0,Atinon Dicely,False
2672_01,Earth,False,F/555/P,PSO J318.5-22,21.0,False,970.0,0.0,213.0,8.0,86.0,Lillia Waltonson,False
2114_01,Europa,True,B/87/S,55 Cancri e,40.0,False,0.0,0.0,0.0,0.0,0.0,Gollux Folhal,True
5527_01,Earth,False,G/886/P,TRAPPIST-1e,19.0,False,1.0,1.0,,0.0,1755.0,Pamiea Dickman,False
5512_02,Europa,False,B/211/S,55 Cancri e,,False,0.0,8162.0,1044.0,699.0,46.0,Sadaron Chsere,True
6964_01,Earth,False,F/1444/P,55 Cancri e,35.0,False,0.0,71.0,631.0,0.0,0.0,Lilasa Thonyderson,False
6321_01,Europa,True,C/194/P,55 Cancri e,58.0,False,0.0,0.0,0.0,0.0,0.0,Batomam Pusive,True
8605_02,Europa,True,,TRAPPIST-1e,28.0,False,0.0,0.0,0.0,0.0,0.0,Mera Netshaless,True
5704_01,Earth,True,G/913/P,TRAPPIST-1e,22.0,False,0.0,0.0,,0.0,0.0,Melara Callowery,True
0221_05,Mars,False,E/13/S,TRAPPIST-1e,41.0,False,1230.0,0.0,301.0,43.0,1023.0,Panbug Reke,False
7678_01,Earth,False,G/1231/P,TRAPPIST-1e,42.0,False,1132.0,0.0,0.0,77.0,608.0,Nelly Rocknight,False
7285_01,Earth,True,G/1185/S,PSO J318.5-22,36.0,False,0.0,0.0,0.0,0.0,0.0,Francy Gainney,True
6152_01,Europa,True,B/235/S,TRAPPIST-1e,33.0,False,0.0,,0.0,0.0,0.0,Dhenah Motled,True
6118_02,Mars,True,E/391/P,TRAPPIST-1e,39.0,False,0.0,0.0,0.0,0.0,0.0,Tyog Pité,False
0703_01,Earth,True,G/108/S,TRAPPIST-1e,18.0,False,0.0,0.0,0.0,0.0,0.0,Brank Estein,True
2374_01,Mars,False,E/166/S,TRAPPIST-1e,20.0,False,464.0,0.0,1432.0,0.0,0.0,Gers Sames,True
0045_02,Mars,True,F/10/P,,19.0,False,0.0,0.0,0.0,0.0,0.0,Mass Chmad,True
7459_01,Europa,False,B/282/S,TRAPPIST-1e,33.0,False,0.0,397.0,0.0,1249.0,845.0,Menkin Dratembid,False
3103_01,Europa,False,B/102/P,TRAPPIST-1e,52.0,True,0.0,7452.0,0.0,1158.0,7979.0,Aldibah Baleful,False
5606_02,Europa,False,B/213/S,TRAPPIST-1e,31.0,False,0.0,1219.0,7.0,104.0,1082.0,Brab Dectory,True
0811_03,Mars,False,F/152/S,TRAPPIST-1e,0.0,False,0.0,0.0,0.0,0.0,0.0,Phams Nutte,True
8233_02,Earth,False,F/1575/S,TRAPPIST-1e,37.0,False,72.0,0.0,18.0,0.0,809.0,Stevey Balderts,False
4498_01,Earth,False,G/734/S,55 Cancri e,11.0,False,0.0,0.0,0.0,0.0,0.0,Valex Munozanson,False
5088_01,Earth,False,F/972/S,55 Cancri e,22.0,False,0.0,0.0,0.0,1600.0,168.0,Jonard Horndley,True
5480_01,Europa,False,,TRAPPIST-1e,37.0,False,31.0,9307.0,0.0,904.0,11213.0,Avijava Ellcefulve,False
4050_01,Europa,False,A/35/P,55 Cancri e,36.0,False,0.0,1302.0,0.0,2067.0,10173.0,Decruxa Dissper,False
5450_01,Earth,True,G/877/P,PSO J318.5-22,16.0,False,0.0,0.0,0.0,0.0,0.0,Samany Keithunts,True
1027_03,Mars,False,F/211/P,TRAPPIST-1e,31.0,False,231.0,0.0,,279.0,9.0,Basps Dal,False
3210_03,Europa,False,E/211/S,TRAPPIST-1e,37.0,False,76.0,2804.0,0.0,1287.0,1229.0,Axionif Heeroling,False
0454_03,Europa,True,B/15/S,TRAPPIST-1e,43.0,False,0.0,0.0,0.0,0.0,0.0,Hallux Geoconne,True
1775_01,Earth,False,G/277/S,TRAPPIST-1e,43.0,False,0.0,0.0,870.0,0.0,14.0,Murie Mejiaddox,True
4693_01,Europa,False,B/186/S,TRAPPIST-1e,29.0,True,0.0,920.0,0.0,2052.0,3687.0,Atrino Rewmid,False
5560_01,Mars,False,D/168/S,TRAPPIST-1e,57.0,False,1696.0,0.0,1006.0,0.0,27.0,Tyog Birte,False
3068_01,Earth,False,G/500/P,TRAPPIST-1e,62.0,False,379.0,453.0,0.0,7.0,0.0,Tyrona Mcfarley,False
8770_01,Earth,False,F/1808/P,TRAPPIST-1e,6.0,False,0.0,0.0,0.0,0.0,0.0,Hughan Waderoachez,False
6043_01,Earth,False,G/978/P,TRAPPIST-1e,28.0,False,0.0,292.0,1039.0,1.0,489.0,Thell Reilline,False
7881_01,Earth,False,F/1507/S,TRAPPIST-1e,46.0,False,248.0,,0.0,4.0,0.0,Rald Crosbornes,False
5343_01,Mars,False,E/332/P,TRAPPIST-1e,17.0,False,13.0,0.0,565.0,367.0,1.0,Rahars Resty,False
7116_01,Earth,True,G/1146/P,PSO J318.5-22,26.0,False,0.0,0.0,0.0,0.0,0.0,Allyny Burchard,False
6562_01,Earth,False,F/1364/P,TRAPPIST-1e,27.0,False,0.0,0.0,23.0,30.0,815.0,Beathy Stephendsey,False
5059_01,Earth,False,F/1030/P,55 Cancri e,21.0,False,639.0,0.0,0.0,0.0,0.0,Nancis Ryanga,False
3608_02,Europa,True,D/122/P,TRAPPIST-1e,16.0,False,0.0,0.0,0.0,0.0,0.0,Alhail Mormonized,True
3176_01,Europa,False,E/196/P,TRAPPIST-1e,77.0,False,0.0,9032.0,0.0,128.0,1464.0,Ankalik Nateansive,True
0767_01,Earth,False,G/116/S,TRAPPIST-1e,49.0,False,0.0,6.0,679.0,15.0,187.0,Francy Meltonway,False
1901_01,Europa,True,A/14/P,55 Cancri e,42.0,False,0.0,0.0,0.0,0.0,0.0,Castork Tractive,True
0313_01,Earth,False,F/68/P,PSO J318.5-22,60.0,False,7.0,540.0,1.0,0.0,4.0,Briney Mckinsond,True
7742_02,Mars,True,F/1477/S,TRAPPIST-1e,18.0,False,0.0,0.0,0.0,0.0,0.0,Croo Nake,True
1717_02,Earth,False,E/105/P,TRAPPIST-1e,38.0,False,4.0,0.0,0.0,0.0,1679.0,Yola Fielsenders,False
6215_02,Europa,False,B/239/S,55 Cancri e,37.0,False,0.0,90.0,0.0,3282.0,11.0,Suhelik Sterly,False
2348_01,Europa,False,D/78/S,55 Cancri e,44.0,True,0.0,1223.0,78.0,1418.0,1239.0,Asellux Alaring,False
4482_02,Earth,False,G/732/S,TRAPPIST-1e,9.0,False,0.0,0.0,0.0,0.0,0.0,Idave Anthompson,True
9097_01,Mars,True,F/1863/P,TRAPPIST-1e,34.0,False,0.0,0.0,0.0,0.0,0.0,Hon Mille,True
1395_01,Earth,False,G/214/S,TRAPPIST-1e,7.0,False,0.0,0.0,0.0,0.0,0.0,Willah Fryes,True
3973_01,Europa,True,E/240/P,,29.0,False,0.0,0.0,0.0,0.0,0.0,Astorux Reedectied,True
2928_01,Europa,False,B/92/P,55 Cancri e,54.0,True,0.0,2062.0,2.0,19.0,1618.0,Menkibi Mander,False
6944_01,Europa,True,C/223/P,TRAPPIST-1e,29.0,False,0.0,0.0,0.0,0.0,0.0,Alzird Gented,True
1985_01,Mars,True,F/394/P,55 Cancri e,19.0,False,0.0,0.0,0.0,0.0,0.0,Apuffs Facle,True
6334_07,Earth,False,G/1028/S,55 Cancri e,2.0,False,0.0,0.0,0.0,0.0,0.0,Gailia Jenson,True
6096_02,Mars,False,F/1162/S,TRAPPIST-1e,13.0,False,1119.0,11.0,1326.0,0.0,0.0,Muls Wooes,True
8759_02,Mars,False,F/1695/S,TRAPPIST-1e,45.0,False,74.0,0.0,0.0,1130.0,22.0,Crios Chate,False
4856_01,Earth,False,F/920/S,TRAPPIST-1e,39.0,False,12.0,8.0,0.0,4.0,753.0,Geneen Sullones,True
7544_01,Earth,False,E/501/S,TRAPPIST-1e,54.0,False,118.0,0.0,0.0,669.0,0.0,Jasony Brightez,False
4037_01,Earth,True,G/663/S,PSO J318.5-22,14.0,False,0.0,0.0,0.0,0.0,0.0,Luisy Gardsondez,True
0813_01,Mars,True,F/169/P,TRAPPIST-1e,59.0,False,0.0,0.0,0.0,0.0,0.0,Frouse Katte,True
0910_01,Earth,True,G/137/S,TRAPPIST-1e,19.0,False,0.0,0.0,0.0,0.0,0.0,Violey Burryerson,True
7647_01,Earth,False,G/1240/S,TRAPPIST-1e,24.0,False,0.0,7.0,127.0,639.0,37.0,Eulah Lopelases,False
0528_01,Europa,False,C/17/P,TRAPPIST-1e,46.0,False,0.0,1119.0,0.0,3427.0,6595.0,Alasmon Stiven,False
2720_02,Earth,False,G/439/P,TRAPPIST-1e,11.0,False,0.0,0.0,0.0,0.0,0.0,Rancy Beckeey,False
7842_01,Mars,False,E/513/S,TRAPPIST-1e,46.0,False,52.0,0.0,1185.0,61.0,0.0,Coves Gepie,True
9011_01,Earth,False,F/1746/S,TRAPPIST-1e,45.0,False,2.0,338.0,307.0,64.0,0.0,Billex Anthompson,False
7879_01,Earth,False,G/1270/P,TRAPPIST-1e,25.0,False,0.0,478.0,71.0,11.0,162.0,Stancy Horthy,False
4772_01,Earth,False,F/971/P,55 Cancri e,22.0,False,256.0,0.0,0.0,0.0,373.0,Coley Shephendry,False
0870_01,Earth,False,G/126/P,PSO J318.5-22,,False,112.0,473.0,0.0,92.0,0.0,Dessie Maynardner,False
4866_01,Earth,False,F/922/S,TRAPPIST-1e,17.0,False,0.0,0.0,1875.0,142.0,2.0,Lewise Hoodgers,True
0286_01,Earth,False,F/65/P,55 Cancri e,57.0,False,3.0,1281.0,29.0,162.0,13.0,Carita Jimes,False
5514_04,Earth,False,G/889/S,TRAPPIST-1e,0.0,False,0.0,0.0,0.0,0.0,,Jodip Monroellynn,True
1187_01,Earth,False,F/228/S,TRAPPIST-1e,30.0,False,0.0,575.0,180.0,4.0,44.0,Erick Matts,False
8989_04,Europa,False,B/291/P,55 Cancri e,29.0,False,80.0,3707.0,0.0,1465.0,1320.0,Minon Invebodene,False
6323_02,Europa,False,C/235/S,TRAPPIST-1e,33.0,False,2.0,4742.0,0.0,34.0,0.0,Arinon Unkcal,True
3019_01,Mars,False,E/187/P,TRAPPIST-1e,51.0,False,1644.0,0.0,234.0,157.0,64.0,Yakers Peake,False
6471_01,Earth,False,G/1050/S,TRAPPIST-1e,12.0,False,0.0,0.0,0.0,0.0,0.0,Adria Cardners,True
4652_01,Earth,False,,TRAPPIST-1e,27.0,False,0.0,89.0,874.0,34.0,0.0,Sta Robins,True
3681_01,Europa,True,B/144/S,55 Cancri e,23.0,False,0.0,0.0,0.0,0.0,0.0,Tarrak Irived,True
7450_01,Earth,False,G/1205/P,TRAPPIST-1e,23.0,False,509.0,0.0,193.0,0.0,2.0,Armene Sykess,False
1089_01,,True,D/41/P,55 Cancri e,33.0,False,0.0,0.0,0.0,0.0,0.0,Sheleon Pronfraked,True
2595_03,Mars,False,D/76/P,TRAPPIST-1e,28.0,False,938.0,61.0,0.0,53.0,4.0,Res Fle,False
5437_01,Mars,False,F/1123/P,TRAPPIST-1e,44.0,False,1267.0,18.0,0.0,3.0,0.0,Naffsh Soun,True
4240_01,Europa,,C/152/S,TRAPPIST-1e,31.0,False,0.0,0.0,0.0,0.0,0.0,Sadiram Roustorly,True
2724_02,Mars,False,F/564/P,TRAPPIST-1e,48.0,False,1200.0,0.0,38.0,48.0,0.0,Manth Merte,False
2628_02,Europa,False,A/21/P,55 Cancri e,51.0,False,0.0,6.0,0.0,2085.0,67.0,Sadlam Amoutake,False
7605_01,Mars,False,F/1452/S,55 Cancri e,28.0,False,2484.0,136.0,42.0,0.0,0.0,Othawk Crité,False
3924_01,Earth,False,E/263/S,55 Cancri e,19.0,False,0.0,47.0,0.0,263.0,384.0,Nance Reenon,True
0829_01,Earth,False,F/170/P,PSO J318.5-22,21.0,False,15.0,0.0,2695.0,2.0,0.0,Myrace Carverson,True
3104_02,Earth,True,G/507/P,TRAPPIST-1e,22.0,False,0.0,,0.0,0.0,0.0,Lorice Fowles,True
7584_03,,False,B/288/S,TRAPPIST-1e,31.0,False,0.0,1000.0,0.0,19.0,1776.0,Mesaton Swingse,False
9139_01,Mars,False,F/1766/S,TRAPPIST-1e,25.0,False,410.0,32.0,14.0,1239.0,10.0,Poselk Paste,False
3584_01,Earth,False,F/676/S,TRAPPIST-1e,55.0,False,42.0,4.0,1215.0,0.0,3.0,Gayla Leonzaley,True
0851_01,Earth,False,F/176/P,55 Cancri e,23.0,False,217.0,378.0,19.0,1.0,12.0,Iandy Sarios,False
4893_01,Earth,True,G/797/S,55 Cancri e,31.0,False,0.0,0.0,0.0,0.0,0.0,Joya Singlents,True
6323_01,Europa,False,C/235/S,55 Cancri e,48.0,False,3.0,4089.0,0.0,4368.0,147.0,Aldeba Tionstious,False
2521_01,Mars,True,E/151/P,TRAPPIST-1e,43.0,,0.0,0.0,0.0,0.0,0.0,Stey Cry,False
5208_02,Europa,False,C/163/P,55 Cancri e,41.0,False,717.0,641.0,2.0,1559.0,4828.0,Alcorix Unressind,False
5160_01,Earth,False,G/832/P,TRAPPIST-1e,37.0,False,732.0,,,156.0,0.0,Ricke Hayersents,False
6016_02,Earth,False,G/973/P,TRAPPIST-1e,20.0,False,3.0,0.0,0.0,806.0,0.0,Norahe Gardonadox,False
6162_01,Earth,False,F/1181/S,55 Cancri e,22.0,False,0.0,0.0,1.0,575.0,0.0,Bonyan Hineyley,False
4535_02,Earth,False,G/742/P,TRAPPIST-1e,20.0,False,25.0,0.0,796.0,44.0,44.0,Jerrye Cardners,False
2266_01,Mars,False,F/457/P,TRAPPIST-1e,30.0,False,616.0,0.0,185.0,210.0,475.0,Dow Conca,False
5434_01,Earth,True,G/874/P,TRAPPIST-1e,,,0.0,0.0,0.0,0.0,0.0,Harvin Garnes,True
3357_01,Earth,True,G/535/S,PSO J318.5-22,18.0,False,0.0,0.0,0.0,0.0,0.0,Kerrie Pollarkeeks,False
0403_01,Mars,False,D/13/P,TRAPPIST-1e,43.0,True,353.0,896.0,0.0,0.0,2.0,Push Wate,True
0615_02,Earth,False,G/92/S,TRAPPIST-1e,7.0,False,0.0,0.0,0.0,0.0,0.0,Elina Hodes,True
9272_02,Earth,False,F/1894/P,TRAPPIST-1e,21.0,False,86.0,3.0,149.0,208.0,329.0,Gordo Simson,False
7810_01,Earth,False,F/1494/S,TRAPPIST-1e,22.0,,769.0,0.0,0.0,1.0,729.0,Delley Coopelandez,False
6611_01,Earth,False,E/421/P,55 Cancri e,41.0,False,635.0,0.0,7.0,0.0,0.0,Breney Philloway,True
2910_01,Earth,False,F/602/P,PSO J318.5-22,32.0,False,0.0,0.0,736.0,0.0,0.0,Celis Bucknersony,False
1292_02,Europa,False,B/55/S,TRAPPIST-1e,43.0,False,105.0,368.0,268.0,842.0,13.0,Izarino Conale,True
0598_01,Earth,True,G/89/S,TRAPPIST-1e,19.0,False,0.0,0.0,,0.0,,Gabrin Buckeelez,False
7452_03,Europa,True,B/281/S,55 Cancri e,36.0,False,0.0,0.0,0.0,,0.0,Aino Sloweber,True
4066_02,Europa,True,B/155/S,TRAPPIST-1e,22.0,False,0.0,0.0,0.0,0.0,0.0,Diramak Objeciane,True
7999_01,Europa,True,B/262/P,55 Cancri e,26.0,False,0.0,0.0,0.0,0.0,0.0,Arraiam Bealvewd,True
7913_01,Earth,True,G/1278/S,TRAPPIST-1e,,False,0.0,0.0,0.0,0.0,0.0,Almara Whitakers,True
4382_01,Earth,False,F/901/P,PSO J318.5-22,23.0,False,65.0,94.0,0.0,0.0,445.0,Nicey Alentonway,True
5416_04,Mars,False,F/1114/P,55 Cancri e,0.0,False,0.0,0.0,,0.0,0.0,Toats Saf,True
8638_02,Earth,False,G/1402/P,TRAPPIST-1e,4.0,False,0.0,0.0,0.0,0.0,0.0,Janee Holliams,True
0368_01,Mars,False,F/82/P,TRAPPIST-1e,26.0,False,2832.0,107.0,4447.0,15.0,4.0,Resers Perte,False
2075_01,Earth,False,F/402/S,55 Cancri e,29.0,False,270.0,0.0,0.0,25.0,343.0,Janne Yatters,False
1498_01,Earth,False,F/295/P,TRAPPIST-1e,30.0,False,0.0,495.0,,0.0,153.0,Karay Talls,False
1755_01,Earth,True,G/273/S,TRAPPIST-1e,26.0,False,0.0,0.0,0.0,0.0,0.0,Leneva Mulley,False
1697_01,Earth,False,G/274/P,TRAPPIST-1e,23.0,,0.0,13.0,0.0,773.0,0.0,Hollie Blainson,False
1968_01,Earth,True,G/319/P,PSO J318.5-22,38.0,False,0.0,0.0,0.0,0.0,0.0,Delody Traverdy,True
0878_01,Mars,False,D/31/S,PSO J318.5-22,37.0,True,381.0,0.0,3.0,447.0,0.0,Sceres Bancy,False
4472_02,Earth,False,F/920/P,TRAPPIST-1e,27.0,False,110.0,0.0,638.0,0.0,0.0,Kerrie Bartez,False
3945_01,Earth,True,G/644/P,TRAPPIST-1e,28.0,False,0.0,0.0,0.0,0.0,0.0,Ivanne Lambles,False
0006_01,Earth,False,F/2/S,TRAPPIST-1e,26.0,False,42.0,1539.0,3.0,0.0,0.0,Billex Jacostaffey,True
4710_02,Mars,False,E/293/P,TRAPPIST-1e,,False,179.0,0.0,1805.0,131.0,0.0,Crunde Cread,False
6896_03,Mars,False,F/1320/S,TRAPPIST-1e,9.0,False,0.0,0.0,0.0,0.0,0.0,Dies Khake,True
9192_01,Earth,False,F/1880/P,PSO J318.5-22,24.0,False,,599.0,,0.0,0.0,Norahe Drakeekss,True
0989_01,Earth,False,G/146/P,TRAPPIST-1e,6.0,False,0.0,0.0,0.0,0.0,0.0,Kayd Moranthons,False
2589_05,Europa,True,C/91/P,TRAPPIST-1e,29.0,False,0.0,0.0,0.0,0.0,0.0,Duhra Meteet,True
8257_01,Mars,False,E/529/P,TRAPPIST-1e,41.0,False,396.0,0.0,653.0,0.0,0.0,Tex Bert,False
6721_01,Earth,,G/1095/S,TRAPPIST-1e,23.0,False,0.0,0.0,0.0,0.0,0.0,Lan Cleminglas,True
0591_01,Earth,True,G/86/S,PSO J318.5-22,19.0,False,0.0,0.0,0.0,0.0,0.0,Loreen Mcclayton,False
6553_01,Earth,False,F/1360/P,PSO J318.5-22,39.0,False,0.0,0.0,0.0,0.0,744.0,Bel Phillis,False
8319_01,Earth,False,F/1712/P,TRAPPIST-1e,24.0,False,0.0,0.0,729.0,,75.0,Royce Leblanchez,False
3422_01,Europa,,E/209/P,55 Cancri e,18.0,False,0.0,0.0,0.0,0.0,0.0,Anchib Crakete,True
3227_01,Earth,False,G/513/S,TRAPPIST-1e,21.0,False,63.0,15.0,407.0,397.0,0.0,Eila Chardst,False
1425_03,Earth,True,G/220/P,TRAPPIST-1e,4.0,False,0.0,0.0,0.0,0.0,0.0,Maryne Adavisons,True
4405_01,Europa,True,C/159/S,TRAPPIST-1e,27.0,False,0.0,0.0,0.0,0.0,0.0,Wezna Unkepery,True
3301_02,Earth,False,G/525/S,TRAPPIST-1e,1.0,False,0.0,0.0,0.0,0.0,0.0,Tonald Domington,True
5142_01,Mars,False,F/1050/P,TRAPPIST-1e,4.0,False,0.0,0.0,0.0,0.0,0.0,Kies Cre,True
5144_01,Earth,True,G/830/P,TRAPPIST-1e,19.0,,0.0,0.0,0.0,0.0,0.0,,True
0650_01,Earth,True,G/95/S,PSO J318.5-22,3.0,False,0.0,0.0,0.0,0.0,0.0,Eulah Hammonton,True
3550_03,Earth,True,G/570/S,TRAPPIST-1e,21.0,False,0.0,0.0,0.0,0.0,0.0,Celina Carvis,False
7330_01,,False,C/268/S,TRAPPIST-1e,27.0,False,0.0,63.0,8.0,129.0,2960.0,Nunkino Rimplighty,False
7047_01,Earth,True,G/1152/S,55 Cancri e,21.0,False,0.0,0.0,0.0,0.0,0.0,Ryany Wilderssen,True
6019_01,Earth,False,F/1145/S,TRAPPIST-1e,,False,0.0,839.0,0.0,36.0,5.0,Monald Tersimpson,True
2753_01,Earth,False,E/188/S,PSO J318.5-22,39.0,False,0.0,0.0,0.0,0.0,907.0,Wandy Summington,False
5124_01,Earth,False,F/1044/P,,41.0,False,256.0,109.0,0.0,340.0,0.0,Kimmie Greeves,False
0395_02,Europa,False,B/17/P,55 Cancri e,61.0,False,1.0,608.0,0.0,3835.0,1.0,Hadyon Hervel,False
0607_02,Europa,False,C/22/P,55 Cancri e,44.0,False,434.0,3113.0,19.0,,892.0,Mino Hontichre,False
1148_03,Europa,False,C/42/P,TRAPPIST-1e,30.0,False,0.0,5225.0,0.0,8.0,1933.0,Caia Clugete,False
1173_01,Earth,False,G/182/S,PSO J318.5-22,24.0,,96.0,592.0,12.0,0.0,0.0,Ryany Gallandez,True
1289_01,Earth,False,G/195/S,TRAPPIST-1e,8.0,False,0.0,0.0,0.0,0.0,,Idace Fultz,False
7036_01,Earth,True,G/1136/P,TRAPPIST-1e,14.0,False,0.0,0.0,0.0,0.0,0.0,Glena Fryan,True
8891_02,Earth,False,F/1831/P,TRAPPIST-1e,16.0,False,0.0,1332.0,0.0,0.0,0.0,Isa Pooley,True
3768_01,Earth,False,F/710/S,TRAPPIST-1e,20.0,False,0.0,0.0,717.0,0.0,0.0,Jonaye Rushing,True
3062_01,Mars,False,D/99/S,TRAPPIST-1e,35.0,False,741.0,0.0,31.0,0.0,36.0,Hion Frasp,False
1330_01,Mars,False,D/46/S,TRAPPIST-1e,47.0,False,405.0,0.0,193.0,458.0,0.0,Sts Mare,False
2376_01,Earth,False,F/459/S,55 Cancri e,22.0,False,0.0,30.0,0.0,0.0,673.0,Harlos Coffmaney,False
0458_01,Europa,True,D/16/S,55 Cancri e,28.0,False,0.0,0.0,0.0,0.0,0.0,Zanin Bedectical,True
6456_01,Earth,,E/410/P,TRAPPIST-1e,36.0,False,32.0,3.0,657.0,58.0,41.0,Miken Gainney,False
8598_02,Earth,True,G/1394/P,PSO J318.5-22,39.0,False,0.0,0.0,0.0,0.0,0.0,Eriana Mcbriggins,True
3314_01,Earth,False,F/626/S,TRAPPIST-1e,19.0,False,260.0,0.0,238.0,139.0,8.0,Maurie Hornettoney,False
2709_02,Mars,False,F/523/S,TRAPPIST-1e,0.0,False,0.0,0.0,0.0,0.0,0.0,Relix Welto,True
1503_02,Mars,False,D/48/P,TRAPPIST-1e,61.0,False,1114.0,0.0,68.0,0.0,0.0,Wat Haste,False
7202_01,Earth,False,E/462/P,TRAPPIST-1e,37.0,False,541.0,38.0,713.0,316.0,0.0,Idave Burksson,False
4245_01,Earth,True,G/695/S,TRAPPIST-1e,13.0,False,0.0,0.0,0.0,0.0,0.0,Chery Ingston,True
7627_01,Europa,False,A/92/S,55 Cancri e,63.0,False,0.0,5036.0,4.0,519.0,0.0,Beide Reeddommy,True
1206_01,Earth,False,F/241/P,TRAPPIST-1e,20.0,False,71.0,8.0,513.0,354.0,0.0,Vana Powery,False
2826_01,Europa,False,C/96/P,55 Cancri e,28.0,False,1581.0,213.0,0.0,18.0,3051.0,Teron Pabler,False
6282_01,Mars,False,F/1205/S,TRAPPIST-1e,28.0,False,158.0,0.0,0.0,465.0,0.0,Berbee Gelle,False
7395_02,Europa,True,B/277/S,TRAPPIST-1e,46.0,False,0.0,0.0,0.0,0.0,0.0,Scellus Suasharic,True
7396_01,Europa,False,C/271/S,55 Cancri e,28.0,False,6.0,3392.0,3944.0,987.0,0.0,Zibah Queldry,True
1813_01,Earth,False,F/358/P,55 Cancri e,18.0,False,0.0,0.0,454.0,0.0,263.0,Allara Cainghannon,False
8004_01,Mars,True,F/1527/S,55 Cancri e,50.0,False,0.0,0.0,0.0,0.0,0.0,Fowoos Gread,True
0733_01,Earth,False,F/153/P,55 Cancri e,23.0,False,0.0,38.0,88.0,4.0,561.0,Lulah Hamberterry,False
3021_02,Earth,False,F/574/S,TRAPPIST-1e,37.0,False,608.0,0.0,6.0,0.0,1637.0,Billey Spencervan,False
5249_01,Mars,False,E/327/P,TRAPPIST-1e,25.0,False,922.0,0.0,1.0,91.0,0.0,Colal Fonie,False
2663_01,Earth,False,F/552/P,55 Cancri e,13.0,False,0.0,0.0,0.0,4.0,811.0,Penne Douglasen,True
1864_01,Mars,False,D/64/S,TRAPPIST-1e,26.0,False,1752.0,22.0,0.0,4.0,,Hone Erflé,False
6250_01,Earth,False,G/1013/S,TRAPPIST-1e,28.0,False,,0.0,887.0,0.0,0.0,Elany Roses,True
6857_01,Earth,False,F/1310/S,PSO J318.5-22,35.0,False,22.0,0.0,1179.0,0.0,33.0,Jenn Jenson,False
4794_01,Earth,False,F/974/P,TRAPPIST-1e,63.0,False,0.0,104.0,0.0,599.0,0.0,Dia Hortis,False
3911_01,,False,F/736/S,TRAPPIST-1e,41.0,False,6.0,1.0,11.0,1046.0,0.0,Billa Petermandez,False
2544_02,Europa,False,B/97/S,TRAPPIST-1e,42.0,False,41.0,1912.0,0.0,1899.0,43.0,Alinon Sernator,False
6920_01,Earth,False,E/462/S,TRAPPIST-1e,29.0,False,0.0,10.0,0.0,5.0,975.0,Verek Wolferguson,False
1433_01,Earth,True,G/219/S,TRAPPIST-1e,51.0,False,0.0,0.0,0.0,0.0,0.0,Allene Noeley,False
2627_01,Earth,False,F/544/P,PSO J318.5-22,40.0,,0.0,228.0,5.0,454.0,1.0,Idave Kerristicey,False
8753_03,Earth,False,F/1805/P,TRAPPIST-1e,23.0,False,0.0,0.0,9.0,69.0,1157.0,Min Sellentry,False
4232_01,Europa,False,B/164/S,TRAPPIST-1e,47.0,False,0.0,4983.0,0.0,173.0,43.0,Coxah Comessic,True
3578_01,Mars,True,,55 Cancri e,23.0,False,0.0,0.0,0.0,0.0,0.0,Clers Hac,True
4661_05,Earth,False,F/948/P,TRAPPIST-1e,30.0,False,0.0,0.0,3.0,3434.0,0.0,Lison Mayson,False
1228_01,Mars,True,,TRAPPIST-1e,21.0,False,0.0,0.0,0.0,0.0,0.0,Snich Purle,True
9131_01,Europa,False,C/303/P,55 Cancri e,33.0,False,0.0,1961.0,0.0,226.0,1077.0,Dirk Wirybody,False
2289_01,Mars,False,F/465/P,TRAPPIST-1e,37.0,False,20.0,0.0,2559.0,20.0,0.0,Hary Jaff,True
6468_01,Mars,True,F/1339/P,TRAPPIST-1e,24.0,False,0.0,0.0,0.0,0.0,0.0,Snich Crité,True
4413_01,Earth,False,G/722/S,TRAPPIST-1e,33.0,False,0.0,0.0,232.0,0.0,622.0,Loria Sweekstarks,False
0490_01,Earth,True,G/71/S,TRAPPIST-1e,14.0,False,0.0,0.0,0.0,0.0,0.0,Hanne Kirklander,True
6940_01,Mars,False,F/1326/S,TRAPPIST-1e,39.0,False,9.0,0.0,687.0,0.0,0.0,Goats Steen,True
5900_01,Mars,True,F/1220/P,TRAPPIST-1e,62.0,False,0.0,,0.0,0.0,0.0,Forms Nutca,True
5876_01,Mars,False,D/184/P,TRAPPIST-1e,52.0,False,1364.0,131.0,444.0,0.0,0.0,Eles Cone,True
3678_01,Earth,False,E/247/S,TRAPPIST-1e,24.0,False,0.0,0.0,788.0,0.0,3.0,Anny Bellarkerd,True
5226_01,Earth,True,G/848/S,PSO J318.5-22,24.0,False,0.0,0.0,0.0,0.0,0.0,Joyn Hahnstoneal,True
4006_04,Earth,,G/660/S,TRAPPIST-1e,45.0,False,1796.0,0.0,4.0,0.0,5.0,Kariel Wolfaddox,False
0734_01,Earth,False,F/154/P,TRAPPIST-1e,62.0,False,712.0,2.0,322.0,0.0,517.0,Elinda Ewiseston,False
3871_01,Europa,True,B/149/S,55 Cancri e,47.0,False,0.0,0.0,0.0,0.0,0.0,Megrezn Flourbent,True
8988_02,Earth,True,G/1448/S,55 Cancri e,17.0,False,0.0,0.0,0.0,0.0,,Idacey Fowlesterez,True
0599_02,Mars,False,F/124/P,TRAPPIST-1e,4.0,False,0.0,,0.0,0.0,0.0,Bases Crité,True
8816_03,Europa,True,B/340/S,55 Cancri e,15.0,False,0.0,0.0,0.0,0.0,0.0,Merops Diouselt,True
8762_01,Earth,False,G/1410/S,TRAPPIST-1e,30.0,False,32.0,180.0,497.0,0.0,99.0,Benry Cardner,True
3039_01,Europa,False,A/37/S,TRAPPIST-1e,32.0,False,0.0,0.0,0.0,0.0,0.0,Acraban Conamminal,False
4407_01,Earth,True,G/719/S,TRAPPIST-1e,55.0,False,0.0,0.0,0.0,0.0,0.0,Ericky Mejiarkerox,True
9009_01,Earth,True,G/1459/P,PSO J318.5-22,19.0,False,0.0,0.0,0.0,0.0,0.0,Dellia Shephendry,True
1668_01,Earth,False,F/316/S,TRAPPIST-1e,22.0,False,2.0,0.0,6.0,101.0,536.0,Millia Watsongley,False
6139_03,Europa,False,C/230/S,TRAPPIST-1e,58.0,False,0.0,1073.0,,803.0,988.0,Pleions Reedall,True
4997_01,Europa,True,C/156/P,TRAPPIST-1e,52.0,False,0.0,0.0,0.0,0.0,0.0,Diphah Disgul,True
6502_01,Earth,False,G/1058/S,TRAPPIST-1e,6.0,,0.0,0.0,0.0,0.0,0.0,Thelix Mcdanield,True
6635_01,Europa,False,C/209/P,TRAPPIST-1e,17.0,False,0.0,1339.0,26.0,244.0,15.0,Giebara Entratable,False
7177_01,Earth,False,F/1380/S,TRAPPIST-1e,38.0,,102.0,12.0,14.0,669.0,0.0,Curtle Medington,False
8637_03,Mars,False,E/555/P,TRAPPIST-1e,17.0,,330.0,1.0,967.0,0.0,0.0,Nakes Spien,False
6028_05,Europa,False,A/57/P,TRAPPIST-1e,28.0,False,0.0,6921.0,0.0,29.0,45.0,Shelik Preeldy,True
4230_01,Earth,False,F/873/P,TRAPPIST-1e,21.0,False,0.0,0.0,23.0,820.0,22.0,Shaele Wilkinner,False
6625_01,Earth,True,G/1072/P,PSO J318.5-22,34.0,False,0.0,0.0,0.0,0.0,0.0,Derina Garden,True
5255_01,Mars,True,F/1010/S,TRAPPIST-1e,20.0,False,0.0,0.0,0.0,0.0,0.0,Clow Peate,True
0245_02,Europa,False,C/6/P,TRAPPIST-1e,33.0,False,0.0,86.0,796.0,584.0,10912.0,Anchib Repumparte,False
1611_01,Earth,False,G/248/S,TRAPPIST-1e,42.0,False,0.0,865.0,0.0,0.0,44.0,Lorey Torrez,True
1134_01,Europa,True,,55 Cancri e,13.0,False,0.0,0.0,0.0,0.0,0.0,Hadyon Sobvisted,True
2765_01,Mars,False,F/532/S,TRAPPIST-1e,27.0,False,1502.0,1.0,0.0,0.0,0.0,Callix Curie,False
8741_02,Europa,False,A/91/P,55 Cancri e,49.0,False,0.0,3853.0,0.0,245.0,178.0,Grasath Alaring,True
8281_01,,False,F/1704/P,TRAPPIST-1e,45.0,False,0.0,1.0,233.0,453.0,17.0,Iandy Cooks,False
0348_02,Mars,,,TRAPPIST-1e,36.0,False,520.0,0.0,1865.0,0.0,0.0,Weet Mane,True
7897_01,Europa,True,C/295/S,55 Cancri e,43.0,,0.0,0.0,0.0,0.0,0.0,Altares Ancontaked,True
1763_01,Europa,False,E/133/S,TRAPPIST-1e,41.0,False,0.0,3240.0,0.0,59.0,0.0,Diskeon Stering,True
1108_01,Mars,False,F/211/S,TRAPPIST-1e,58.0,False,55.0,0.0,756.0,246.0,100.0,Blesh Seen,False
3707_01,Earth,False,G/604/S,TRAPPIST-1e,18.0,False,622.0,53.0,8.0,47.0,39.0,Marvey Delangleton,False
1121_01,Earth,False,F/229/P,PSO J318.5-22,55.0,,98.0,46.0,0.0,743.0,0.0,Lynez Burnerez,True
2301_01,Earth,False,F/449/S,TRAPPIST-1e,23.0,False,1010.0,0.0,33.0,10.0,0.0,Colly Hodgesss,True
5974_01,Mars,True,D/186/P,55 Cancri e,21.0,False,0.0,0.0,0.0,0.0,0.0,Cricks Manda,True
4295_01,Mars,False,D/147/P,55 Cancri e,23.0,False,49.0,0.0,2716.0,0.0,0.0,Sweal Manda,True
6880_02,Mars,True,E/457/S,TRAPPIST-1e,27.0,False,0.0,0.0,0.0,0.0,0.0,Gacke Mepie,False
4242_01,Mars,True,F/877/P,TRAPPIST-1e,28.0,False,0.0,0.0,0.0,0.0,0.0,Bix Ecate,True
0615_03,Earth,True,G/92/S,55 Cancri e,3.0,False,0.0,0.0,0.0,0.0,0.0,Stance Hodes,True
5661_01,Earth,False,E/355/P,PSO J318.5-22,43.0,False,635.0,53.0,0.0,3.0,0.0,Elany Ellahan,True
2056_03,Earth,False,F/407/P,TRAPPIST-1e,68.0,False,0.0,286.0,0.0,1739.0,13.0,Elany Hanghanson,False
0787_01,Earth,True,G/114/P,TRAPPIST-1e,7.0,False,0.0,0.0,0.0,0.0,,Ritany Quinnerry,False
7324_01,Europa,False,C/238/P,TRAPPIST-1e,27.0,False,15.0,2886.0,0.0,249.0,71.0,Wezna Clugnobse,True
5253_01,Earth,False,F/1009/S,TRAPPIST-1e,24.0,False,290.0,64.0,413.0,35.0,0.0,Annard Ashipeck,True
5783_01,Earth,False,F/1201/P,55 Cancri e,43.0,False,0.0,1197.0,0.0,223.0,1.0,Alendy Scottuez,True
7993_02,Europa,True,A/96/S,55 Cancri e,47.0,True,0.0,0.0,0.0,0.0,0.0,Dyonon Frakepeed,True
6473_01,Mars,True,F/1236/S,TRAPPIST-1e,20.0,False,0.0,0.0,0.0,0.0,0.0,Koat Chpie,True
6954_01,Mars,False,E/445/P,TRAPPIST-1e,28.0,,1998.0,0.0,13.0,87.0,0.0,Blug Flie,False
7757_02,Europa,False,B/300/S,TRAPPIST-1e,43.0,False,0.0,8948.0,0.0,153.0,872.0,Dyonevi Capplid,True
8323_01,Earth,False,E/546/S,PSO J318.5-22,55.0,False,0.0,465.0,277.0,48.0,0.0,Isaacy Sawyerson,True
0110_02,Europa,,B/5/P,TRAPPIST-1e,40.0,False,0.0,331.0,0.0,0.0,1687.0,Aldeba Bootious,False
2085_01,Europa,False,C/72/P,TRAPPIST-1e,38.0,False,0.0,590.0,2640.0,6202.0,99.0,Algedia Unaasor,False
5706_01,Earth,False,F/1090/S,TRAPPIST-1e,16.0,False,0.0,458.0,725.0,0.0,0.0,Norahe Kerrealds,True
5333_01,Earth,False,G/862/P,TRAPPIST-1e,48.0,False,456.0,0.0,39.0,0.0,5.0,Vane Andley,True
5511_01,Earth,True,G/884/P,TRAPPIST-1e,15.0,False,0.0,0.0,0.0,0.0,0.0,Leen Gallenry,True
7203_01,Earth,False,E/463/P,TRAPPIST-1e,24.0,False,1.0,194.0,0.0,0.0,632.0,Jorgie Reenon,True
9064_01,Earth,False,F/1754/S,TRAPPIST-1e,42.0,False,815.0,19.0,2.0,11.0,17.0,Annez Parrett,False
7283_01,Mars,,F/1509/P,TRAPPIST-1e,20.0,False,0.0,0.0,0.0,0.0,0.0,Walls One,True
1232_02,Europa,False,C/49/S,55 Cancri e,29.0,False,0.0,42.0,0.0,4651.0,661.0,Tope Geraing,False
3595_01,Europa,True,B/139/S,TRAPPIST-1e,40.0,False,0.0,0.0,0.0,0.0,0.0,Shamark Modomel,True
2071_02,Europa,False,C/78/S,55 Cancri e,28.0,False,167.0,2406.0,71.0,283.0,650.0,Alduson Subateful,True
7851_01,Mars,True,F/1629/P,TRAPPIST-1e,46.0,False,0.0,0.0,0.0,0.0,0.0,Ales Cha,True
3279_04,Europa,True,C/123/S,TRAPPIST-1e,28.0,False,0.0,0.0,0.0,0.0,0.0,Kabiak Whifounrew,True
1192_01,Earth,False,F/238/P,TRAPPIST-1e,32.0,False,600.0,670.0,0.0,187.0,0.0,Ivaney Moodman,False
8394_01,Europa,False,B/276/P,55 Cancri e,33.0,True,9.0,1365.0,0.0,5577.0,1483.0,Rasalm Foller,False
4182_01,Europa,False,A/51/S,55 Cancri e,33.0,False,0.0,2020.0,0.0,1817.0,182.0,Maiamak Tabloory,False
3645_05,Mars,True,D/124/P,TRAPPIST-1e,40.0,False,0.0,0.0,,0.0,,Dills Pepie,True
4327_01,Earth,False,F/811/S,TRAPPIST-1e,20.0,False,0.0,187.0,712.0,0.0,0.0,Dellia Douglasen,True
4426_01,Mars,True,F/835/S,TRAPPIST-1e,30.0,False,0.0,0.0,0.0,0.0,0.0,Hinnan Fonie,True
0417_01,Europa,True,B/18/P,55 Cancri e,68.0,False,0.0,0.0,0.0,0.0,0.0,Lesatik Poicaptic,True
5492_01,Earth,False,F/1052/S,TRAPPIST-1e,23.0,False,0.0,551.0,59.0,720.0,14.0,Keithy Prinson,False
9075_01,Earth,False,E/580/P,TRAPPIST-1e,24.0,False,0.0,10.0,758.0,0.0,20.0,Stal Nolds,False
1856_01,Earth,False,F/368/P,TRAPPIST-1e,22.0,False,8.0,710.0,0.0,27.0,0.0,Adriet Combson,True
0345_01,Mars,True,E/21/S,TRAPPIST-1e,30.0,False,0.0,0.0,0.0,0.0,0.0,Berios Racke,False
8500_01,Mars,False,F/1743/P,TRAPPIST-1e,31.0,False,49.0,322.0,977.0,0.0,0.0,Chios Purte,True
4474_01,Earth,True,G/730/S,TRAPPIST-1e,2.0,False,,0.0,0.0,0.0,0.0,Helley Tuckers,True
1148_04,Europa,False,,55 Cancri e,39.0,False,0.0,5212.0,2.0,118.0,61.0,Azet Clugete,True
2602_02,Mars,False,E/158/P,55 Cancri e,0.0,False,0.0,0.0,0.0,0.0,0.0,Aptal Chnik,True
0103_02,Earth,True,G/18/S,55 Cancri e,9.0,False,0.0,0.0,0.0,0.0,0.0,Shaele Mclainez,True
1404_01,Europa,False,B/60/S,TRAPPIST-1e,47.0,False,1.0,734.0,28.0,78.0,3471.0,Alaton Mornaned,False
8409_01,Earth,True,G/1373/P,TRAPPIST-1e,19.0,False,0.0,0.0,0.0,0.0,0.0,Dwin Hoodgers,False
7405_01,Earth,False,F/1419/S,TRAPPIST-1e,23.0,False,0.0,1089.0,311.0,0.0,0.0,Hellia Steeletters,True
4036_01,Earth,False,G/662/S,TRAPPIST-1e,22.0,False,7.0,61.0,110.0,708.0,0.0,Jodia Evedorsen,False
9026_01,Earth,True,G/1463/P,TRAPPIST-1e,58.0,False,,0.0,0.0,0.0,0.0,Mathy Boyers,True
7574_01,Europa,True,B/287/S,55 Cancri e,33.0,False,0.0,0.0,0.0,0.0,0.0,Nunkib Alindiveng,True
1536_01,Mars,True,F/297/S,TRAPPIST-1e,21.0,False,0.0,0.0,0.0,0.0,0.0,Croo Nuthe,True
1342_01,Earth,False,G/200/P,TRAPPIST-1e,34.0,False,0.0,118.0,5.0,0.0,761.0,Darry Mayder,False
1734_01,Earth,True,G/283/P,TRAPPIST-1e,30.0,False,0.0,0.0,0.0,0.0,0.0,Guadae Patrichane,True
7398_01,Earth,False,F/1531/P,TRAPPIST-1e,19.0,,105.0,271.0,1.0,377.0,17.0,Jonaye Stephend,True
3609_02,Europa,False,C/118/P,TRAPPIST-1e,27.0,False,0.0,325.0,0.0,8.0,1622.0,Mesaton Fralledic,False
1488_01,Mars,True,E/94/P,TRAPPIST-1e,42.0,False,0.0,0.0,0.0,0.0,,Powhex Betie,True
4604_01,Earth,False,G/753/S,TRAPPIST-1e,37.0,False,374.0,1327.0,10.0,81.0,0.0,Tancis Wonglasquez,False
7604_02,Mars,,F/1579/P,TRAPPIST-1e,23.0,False,463.0,0.0,658.0,0.0,0.0,Cousk Deeke,False
4725_01,Earth,False,G/767/P,55 Cancri e,27.0,False,866.0,0.0,0.0,0.0,23.0,Leony Georgasey,False
6176_01,Mars,True,F/1275/P,TRAPPIST-1e,34.0,False,0.0,0.0,0.0,0.0,0.0,Jetax Kinie,True
3644_01,Mars,True,F/686/S,TRAPPIST-1e,36.0,False,0.0,0.0,0.0,0.0,0.0,Carde Bun,True
2723_01,Europa,True,C/99/S,TRAPPIST-1e,24.0,False,0.0,0.0,0.0,0.0,0.0,Bosonan Boderbint,True
0539_02,Europa,True,C/18/P,55 Cancri e,36.0,False,0.0,0.0,0.0,0.0,0.0,Achyon Nalanet,True
2774_03,Earth,False,F/575/P,TRAPPIST-1e,13.0,False,412.0,4.0,0.0,0.0,551.0,Aleroy Bushins,False
8681_01,Mars,False,F/1787/P,TRAPPIST-1e,34.0,False,368.0,499.0,1729.0,0.0,2.0,Colde Derry,False
1474_01,Mars,True,F/287/P,TRAPPIST-1e,32.0,False,0.0,0.0,0.0,,0.0,Morms Melte,True
0577_01,Earth,False,G/86/P,TRAPPIST-1e,65.0,False,0.0,0.0,521.0,105.0,0.0,Gwendy Holson,False
5980_01,Europa,False,C/223/S,55 Cancri e,19.0,False,0.0,,0.0,2.0,9.0,Alatrin Trallect,True
5561_01,Europa,True,A/51/P,TRAPPIST-1e,29.0,False,0.0,0.0,0.0,0.0,0.0,Diskeh Fueling,True
3274_03,Earth,False,G/533/P,TRAPPIST-1e,64.0,,0.0,0.0,16.0,733.0,159.0,Annaha Hahnstoneal,False
1187_02,Earth,False,G/184/S,TRAPPIST-1e,10.0,False,0.0,0.0,0.0,0.0,0.0,Hughan Matts,False
1006_03,Earth,False,,TRAPPIST-1e,12.0,False,0.0,0.0,0.0,0.0,0.0,Stenny Summington,True
3287_02,Earth,False,,TRAPPIST-1e,22.0,False,718.0,2.0,50.0,0.0,0.0,Jerrye Carlsonney,True
2636_01,Earth,False,G/419/S,TRAPPIST-1e,22.0,False,,0.0,137.0,671.0,,Idave Owerson,False
0689_01,Europa,True,B/25/S,TRAPPIST-1e,36.0,False,0.0,0.0,0.0,0.0,0.0,Chard Motive,True
7496_01,Europa,False,C/278/S,55 Cancri e,41.0,False,0.0,2383.0,0.0,2.0,97.0,Asellan Fuelisent,True
5353_01,Europa,True,B/205/S,55 Cancri e,13.0,False,0.0,0.0,0.0,0.0,0.0,Ranan Reelest,True
8056_02,Europa,False,C/262/P,TRAPPIST-1e,28.0,False,40.0,9012.0,0.0,111.0,551.0,Marrai Ausivetpul,True
4774_02,Mars,True,F/972/P,TRAPPIST-1e,1.0,False,0.0,0.0,0.0,0.0,0.0,Gers Creke,True
8007_02,Earth,False,E/517/P,PSO J318.5-22,24.0,False,0.0,0.0,92.0,1492.0,0.0,Marine Gilleyons,True
1455_01,Europa,True,B/62/S,55 Cancri e,29.0,False,0.0,0.0,0.0,0.0,0.0,Markton Wassird,True
5769_01,Europa,True,B/194/P,TRAPPIST-1e,22.0,False,0.0,0.0,0.0,0.0,0.0,Menkard Oppont,True
7219_05,Europa,True,C/235/P,TRAPPIST-1e,40.0,False,0.0,0.0,0.0,0.0,0.0,Anchab Arible,True
4181_03,Europa,True,,TRAPPIST-1e,17.0,False,0.0,0.0,0.0,0.0,0.0,Terope Frattyring,True
2817_01,,False,F/584/P,TRAPPIST-1e,25.0,False,237.0,0.0,910.0,0.0,12.0,Sealfs Sutty,False
7194_01,Earth,False,F/1382/S,,36.0,False,0.0,129.0,0.0,177.0,444.0,Raque Waterson,False
5684_04,Europa,True,B/218/S,TRAPPIST-1e,62.0,False,0.0,0.0,0.0,0.0,0.0,Okulus Folhal,True
7406_01,Earth,False,G/1195/P,TRAPPIST-1e,19.0,False,0.0,78.0,801.0,0.0,7.0,Tarah Balley,False
2436_01,Earth,False,F/501/P,TRAPPIST-1e,21.0,False,759.0,0.0,0.0,,40.0,Gileen Figuez,False
1452_03,Europa,False,C/53/P,55 Cancri e,34.0,False,0.0,1646.0,0.0,51.0,1462.0,Alzird Distured,False
6932_01,Earth,False,G/1130/S,TRAPPIST-1e,20.0,False,559.0,0.0,83.0,112.0,0.0,Shaele Ewiseston,True
6253_01,Mars,False,F/1289/P,TRAPPIST-1e,57.0,False,368.0,0.0,636.0,1082.0,512.0,Cinets Pota,False
0457_02,Earth,True,G/72/P,TRAPPIST-1e,6.0,False,0.0,0.0,0.0,0.0,0.0,Sallyl Poperez,False
6262_02,,False,D/195/P,TRAPPIST-1e,18.0,False,102.0,3.0,186.0,2287.0,0.0,Cops Pane,False
6015_02,Europa,False,B/231/S,55 Cancri e,25.0,False,140.0,4451.0,0.0,0.0,2050.0,Dyonevi Demansty,True
2067_01,Europa,True,C/70/P,TRAPPIST-1e,30.0,False,0.0,0.0,0.0,0.0,0.0,Alatrin Sprender,True
8457_01,Earth,False,F/1627/S,TRAPPIST-1e,23.0,False,29.0,0.0,,332.0,270.0,Erie Lopelases,False
6526_02,Earth,False,G/1056/P,55 Cancri e,12.0,False,0.0,0.0,0.0,0.0,0.0,Robina Larks,False
3586_01,Earth,False,G/586/P,TRAPPIST-1e,22.0,False,0.0,0.0,0.0,739.0,29.0,Garry Birds,False
2384_04,Earth,False,G/383/S,TRAPPIST-1e,4.0,False,0.0,0.0,0.0,0.0,0.0,Loreen Cleachrand,True
3216_02,Earth,True,G/509/S,55 Cancri e,22.0,False,0.0,0.0,0.0,0.0,0.0,Jennyn Haydenzier,True
8064_01,Mars,True,,TRAPPIST-1e,40.0,False,0.0,0.0,0.0,0.0,0.0,Yales Erte,True
0031_01,Mars,False,F/9/P,TRAPPIST-1e,47.0,False,214.0,0.0,1411.0,0.0,1229.0,Coobix Datie,True
2130_01,Earth,False,F/421/P,PSO J318.5-22,13.0,False,0.0,2.0,480.0,10.0,176.0,Marine Oneiles,False
7984_02,Mars,True,F/1653/P,TRAPPIST-1e,24.0,False,0.0,0.0,0.0,0.0,0.0,Murs Birt,True
3842_01,Earth,False,F/794/P,55 Cancri e,41.0,False,312.0,89.0,44.0,0.0,252.0,Lynnee Vinston,False
3966_01,Earth,False,F/818/P,TRAPPIST-1e,49.0,False,324.0,275.0,0.0,0.0,0.0,Lillia Kerristicey,False
5927_06,Europa,False,B/201/P,55 Cancri e,35.0,False,4.0,3857.0,324.0,899.0,375.0,Grastab Sysilstict,False
7321_01,Mars,True,F/1518/P,TRAPPIST-1e,31.0,False,0.0,,0.0,0.0,0.0,Otlios Kra,True
4963_01,Earth,True,G/811/S,TRAPPIST-1e,61.0,False,0.0,0.0,0.0,0.0,0.0,Carold Woodwardy,True
1753_01,Earth,True,G/272/S,TRAPPIST-1e,24.0,False,0.0,0.0,0.0,0.0,0.0,Amela Moodson,True
5768_01,Europa,True,B/193/P,TRAPPIST-1e,54.0,False,0.0,0.0,0.0,0.0,0.0,Gatrino Cattle,True
0869_01,Earth,False,F/164/S,TRAPPIST-1e,55.0,False,280.0,0.0,444.0,0.0,0.0,Hilley Sweene,False
0883_01,Earth,False,G/127/P,TRAPPIST-1e,13.0,False,875.0,5.0,10.0,18.0,0.0,Elson Malliamsey,False
5162_01,Mars,True,F/988/S,55 Cancri e,16.0,False,0.0,0.0,0.0,0.0,0.0,Hoce Barne,True
1283_01,Earth,False,G/194/S,TRAPPIST-1e,19.0,False,6.0,,1.0,714.0,0.0,Enrie Burchanez,False
3455_01,Mars,True,F/709/P,TRAPPIST-1e,13.0,False,0.0,0.0,0.0,0.0,0.0,Cruis Gelte,True
5165_01,Earth,False,F/989/S,TRAPPIST-1e,63.0,False,0.0,281.0,94.0,0.0,270.0,Alancy Collinson,True
0795_01,Earth,False,F/145/S,TRAPPIST-1e,34.0,False,0.0,0.0,0.0,874.0,0.0,Pristy Klindsey,False
6971_03,Europa,True,C/225/P,TRAPPIST-1e,19.0,False,0.0,0.0,0.0,0.0,0.0,Alkaida Distured,True
8802_01,Europa,True,D/266/S,TRAPPIST-1e,29.0,False,0.0,0.0,0.0,0.0,0.0,Nunkibi Unsible,True
1727_02,Mars,False,D/54/P,55 Cancri e,52.0,False,1279.0,0.0,1061.0,359.0,0.0,Emoles Barte,False
5459_01,Europa,False,C/213/S,TRAPPIST-1e,38.0,False,0.0,347.0,0.0,1545.0,2187.0,Jabbab Stoile,False
6409_01,Earth,False,G/1035/P,TRAPPIST-1e,22.0,False,0.0,0.0,165.0,14.0,629.0,Daisya Evedorsen,False
7784_01,Mars,True,F/1615/P,TRAPPIST-1e,28.0,False,0.0,0.0,0.0,0.0,0.0,Cray Berte,True
7487_01,Earth,False,G/1216/S,TRAPPIST-1e,63.0,False,174.0,282.0,321.0,8.0,0.0,Jeanie Sellahaney,True
6590_02,Europa,False,B/217/P,TRAPPIST-1e,56.0,False,0.0,13561.0,0.0,2.0,4088.0,Arkar Nifficaus,True
0056_03,Europa,False,A/1/S,TRAPPIST-1e,27.0,False,279.0,605.0,3374.0,286.0,3.0,Zinoces Tractive,True
7643_02,Europa,True,C/247/P,TRAPPIST-1e,14.0,False,0.0,0.0,0.0,0.0,0.0,Terion Quelfly,True
7713_01,Europa,True,B/296/S,TRAPPIST-1e,30.0,False,0.0,0.0,0.0,0.0,0.0,Nusoton Nairconed,True
7096_03,Europa,True,C/260/S,TRAPPIST-1e,30.0,False,0.0,0.0,0.0,0.0,0.0,Aspica Tashal,True
8892_01,Earth,False,F/1832/P,TRAPPIST-1e,28.0,False,0.0,16.0,496.0,318.0,0.0,Shanya Ricklaney,False
2275_01,Mars,False,F/460/P,PSO J318.5-22,36.0,False,241.0,0.0,670.0,0.0,0.0,Mos Tirt,False
9081_03,Earth,True,,TRAPPIST-1e,1.0,False,0.0,0.0,0.0,0.0,0.0,Beula Clemondsey,False
3424_01,Earth,False,E/233/S,TRAPPIST-1e,37.0,False,190.0,0.0,2.0,799.0,0.0,Jillie Carrishley,False
6452_03,Earth,True,G/1044/P,TRAPPIST-1e,2.0,False,0.0,0.0,0.0,0.0,0.0,Racyle Woodwardy,True
6994_01,Europa,True,B/267/S,TRAPPIST-1e,22.0,False,0.0,0.0,0.0,0.0,0.0,Bellus Obeaded,True
8260_03,Earth,True,G/1334/S,55 Cancri e,4.0,False,0.0,0.0,0.0,0.0,0.0,Melara Daviddley,True
3680_01,Europa,False,C/121/P,55 Cancri e,35.0,False,0.0,388.0,0.0,1792.0,2891.0,Weias Platch,False
5981_02,,False,F/1140/S,TRAPPIST-1e,2.0,False,0.0,0.0,0.0,0.0,0.0,Quid Quart,True
2024_02,Earth,False,E/150/S,55 Cancri e,17.0,False,44.0,1535.0,10.0,51.0,0.0,Ianne Kinson,True
0933_02,Europa,False,C/35/P,TRAPPIST-1e,29.0,False,0.0,1127.0,0.0,1867.0,1070.0,Astorux Fawnsive,False
8560_01,Earth,True,G/1391/P,55 Cancri e,18.0,False,0.0,0.0,0.0,0.0,0.0,Glena Hahnstonsen,True
8368_02,Earth,False,F/1721/P,55 Cancri e,49.0,False,336.0,64.0,377.0,0.0,0.0,Willey Dayers,True
3913_01,Earth,False,F/738/S,,23.0,False,0.0,93.0,1.0,0.0,542.0,Catha Waterson,False
5424_02,,False,E/342/P,TRAPPIST-1e,64.0,False,469.0,700.0,2.0,1.0,0.0,Docks Dal,False
0110_01,Europa,False,,TRAPPIST-1e,32.0,False,0.0,410.0,6.0,3929.0,764.0,Graviph Aloubtled,False
7534_01,Earth,False,F/1439/S,PSO J318.5-22,40.0,False,420.0,0.0,345.0,1.0,0.0,Maen Dickley,False
2558_01,Mars,False,F/525/P,TRAPPIST-1e,3.0,False,0.0,0.0,0.0,0.0,0.0,Chios Katte,True
2429_01,Earth,False,F/497/P,TRAPPIST-1e,17.0,False,112.0,56.0,332.0,0.0,606.0,Idace Vinozarks,False
1669_03,Mars,False,F/317/S,55 Cancri e,21.0,False,1481.0,0.0,881.0,0.0,0.0,Pokix Perte,False
2081_01,Earth,False,F/411/P,PSO J318.5-22,17.0,False,8.0,911.0,0.0,0.0,0.0,Brie Moodsey,True
4780_01,Mars,False,E/309/S,TRAPPIST-1e,20.0,False,845.0,0.0,46.0,123.0,0.0,Hont Teake,False
5313_01,Earth,False,F/1085/P,TRAPPIST-1e,23.0,False,0.0,491.0,0.0,61.0,0.0,Tracia Guezaley,True
6865_02,Europa,True,D/208/S,TRAPPIST-1e,32.0,False,0.0,0.0,0.0,0.0,0.0,Errim Peducting,True
9276_01,Europa,False,A/98/P,55 Cancri e,41.0,True,0.0,6819.0,0.0,1643.0,74.0,Gravior Noxnuther,False
6036_02,,False,C/225/S,TRAPPIST-1e,15.0,False,0.0,677.0,0.0,179.0,3186.0,Sular Stpingepid,True
8069_01,Europa,True,D/234/S,55 Cancri e,60.0,False,0.0,0.0,0.0,0.0,0.0,Adharan Greded,True
3967_01,Mars,False,F/819/P,TRAPPIST-1e,22.0,False,886.0,55.0,0.0,0.0,,Ray Seen,False
0930_02,Earth,True,G/134/P,TRAPPIST-1e,15.0,False,0.0,0.0,0.0,0.0,0.0,Elanie Sweett,True
4017_04,Mars,True,E/269/S,TRAPPIST-1e,26.0,False,0.0,0.0,0.0,0.0,0.0,Tights Mele,False
3111_01,Mars,False,D/95/P,TRAPPIST-1e,22.0,False,1173.0,0.0,0.0,9.0,0.0,Goles Ramad,False
0568_02,Europa,True,D/20/S,55 Cancri e,,False,0.0,0.0,0.0,0.0,,Pentard Baciffhaut,True
4167_01,Earth,False,,PSO J318.5-22,,,0.0,440.0,0.0,0.0,334.0,Ninaha Deckerson,False
7892_01,Mars,False,F/1636/P,TRAPPIST-1e,18.0,False,196.0,0.0,744.0,0.0,0.0,Colax Mity,True
2106_01,Earth,False,G/336/S,55 Cancri e,20.0,False,1.0,0.0,0.0,4926.0,1.0,Bertle Calhounez,False
0475_01,Earth,False,E/29/P,TRAPPIST-1e,36.0,False,0.0,0.0,38.0,9.0,943.0,Danie Gilesonston,False
2083_01,Earth,False,F/407/S,TRAPPIST-1e,24.0,False,121.0,20.0,0.0,68.0,506.0,Wen Gibbsonton,False
3211_01,Earth,False,F/673/P,TRAPPIST-1e,24.0,False,11.0,0.0,9.0,2645.0,2.0,Stal Baldson,False
6249_01,Earth,False,G/1008/P,TRAPPIST-1e,23.0,False,0.0,1.0,908.0,0.0,0.0,Annard Scottuez,True
4509_02,Mars,False,D/144/S,PSO J318.5-22,41.0,False,,0.0,1127.0,8.0,0.0,Sunk Sopie,True
3126_02,Europa,False,B/116/S,TRAPPIST-1e,36.0,False,0.0,0.0,0.0,0.0,0.0,Okulas Foraud,True
3292_05,Europa,True,B/121/S,TRAPPIST-1e,34.0,False,0.0,0.0,0.0,0.0,0.0,Golaron Dianket,True
4465_03,Europa,False,A/54/S,TRAPPIST-1e,28.0,False,0.0,1883.0,0.0,1.0,4560.0,Gemmark Diabysid,False
1256_01,Mars,False,E/92/S,TRAPPIST-1e,27.0,False,1277.0,0.0,1.0,10.0,9.0,Hary Erpie,False
4089_01,Europa,False,A/48/S,TRAPPIST-1e,36.0,False,0.0,2177.0,0.0,1097.0,144.0,Mothab Tachor,True
3850_06,Europa,False,C/137/S,TRAPPIST-1e,31.0,False,0.0,1565.0,0.0,97.0,1678.0,Sabiark Unteckery,True
0210_01,,True,D/6/P,55 Cancri e,24.0,False,0.0,0.0,,0.0,0.0,Arraid Inicont,True
5192_01,Mars,True,F/995/S,TRAPPIST-1e,27.0,False,0.0,0.0,0.0,0.0,0.0,Tostex Khaf,True
1977_01,Mars,True,F/393/P,TRAPPIST-1e,35.0,False,0.0,0.0,0.0,0.0,0.0,Froder Paska,True
9226_01,Earth,False,F/1788/S,,22.0,False,676.0,0.0,13.0,0.0,12.0,Stendy Connelson,False
5552_01,Mars,,F/1150/P,TRAPPIST-1e,28.0,False,0.0,0.0,0.0,0.0,0.0,Skix Potie,False
8945_02,Europa,False,D/270/S,TRAPPIST-1e,21.0,,3036.0,32.0,0.0,2.0,416.0,Zinonon Cralinal,False
8032_01,Europa,True,A/85/P,TRAPPIST-1e,25.0,False,0.0,0.0,0.0,0.0,0.0,Atonib Couresteer,True
6818_01,Earth,False,F/1418/P,TRAPPIST-1e,31.0,False,32.0,2667.0,0.0,0.0,9.0,Bra Midtt,True
6061_01,Earth,False,F/1153/S,TRAPPIST-1e,18.0,False,33.0,0.0,455.0,167.0,48.0,Aliedy Jacostaney,True
3519_03,Earth,True,G/577/P,TRAPPIST-1e,0.0,False,0.0,0.0,0.0,0.0,0.0,Gracia Swanardy,True
4899_02,Earth,False,G/799/S,PSO J318.5-22,32.0,False,8.0,690.0,3.0,5.0,0.0,Adamie Leonzaley,True
3442_01,Earth,False,F/708/P,TRAPPIST-1e,37.0,False,503.0,0.0,26.0,0.0,116.0,Sanney Hornettoney,False
4044_01,Mars,False,F/765/S,TRAPPIST-1e,32.0,False,536.0,0.0,736.0,118.0,0.0,Jackix Can,False
7478_01,Europa,False,C/276/S,,56.0,False,0.0,5711.0,0.0,0.0,50.0,Minchib Porkilte,True
7872_03,Earth,False,F/1633/P,TRAPPIST-1e,25.0,False,131.0,124.0,408.0,196.0,9.0,Leony Wardendez,False
1555_01,Europa,False,A/18/S,TRAPPIST-1e,45.0,False,0.0,1389.0,0.0,2987.0,0.0,Alcorix Spistory,False
5179_01,Europa,True,C/160/P,55 Cancri e,47.0,False,0.0,0.0,0.0,0.0,0.0,Nesch Aillyber,True
9094_01,Earth,True,G/1465/S,PSO J318.5-22,14.0,False,0.0,0.0,0.0,0.0,0.0,Aleen Hayertez,False
4655_02,,True,B/154/P,TRAPPIST-1e,54.0,False,0.0,0.0,0.0,0.0,0.0,Rotan Seflock,True
5297_01,Earth,True,G/856/P,TRAPPIST-1e,32.0,False,0.0,0.0,0.0,0.0,0.0,Candra Bushallert,True
5811_01,Europa,False,A/54/P,55 Cancri e,36.0,False,1.0,4058.0,95.0,0.0,2109.0,Haldah Fulatorly,False
3955_01,Earth,True,G/648/S,TRAPPIST-1e,45.0,False,0.0,0.0,0.0,0.0,0.0,Morrie Gamberson,True
1799_01,Earth,False,G/295/P,TRAPPIST-1e,19.0,,5.0,639.0,0.0,84.0,180.0,Shalle Leonaldez,False
2858_01,Europa,True,C/109/S,TRAPPIST-1e,36.0,False,0.0,0.0,0.0,0.0,0.0,Iononus Fictful,True
2994_01,Earth,False,E/198/S,TRAPPIST-1e,24.0,False,173.0,0.0,14.0,0.0,603.0,Carly Scottuez,False
6245_01,Earth,False,G/1011/S,TRAPPIST-1e,20.0,False,0.0,0.0,841.0,5.0,0.0,Eleaha Estron,True
8139_01,Earth,False,E/523/P,TRAPPIST-1e,25.0,False,11.0,780.0,0.0,0.0,0.0,Andie Mirezavis,True
4899_01,Earth,True,G/799/S,TRAPPIST-1e,40.0,False,0.0,0.0,0.0,0.0,0.0,Elicia Leonzaley,True
7703_02,,True,G/1251/S,TRAPPIST-1e,13.0,False,0.0,0.0,,0.0,0.0,,True
7588_02,Earth,False,G/1219/P,55 Cancri e,15.0,False,0.0,714.0,0.0,0.0,0.0,Aude Hersons,True
5543_01,Europa,True,C/175/P,TRAPPIST-1e,26.0,False,0.0,0.0,0.0,0.0,0.0,Hekaton Platch,True
6868_01,Earth,False,F/1427/P,TRAPPIST-1e,18.0,False,0.0,18.0,73.0,2134.0,25.0,Jerek Brookenson,False
2135_02,Earth,,E/129/P,TRAPPIST-1e,23.0,False,426.0,0.0,362.0,0.0,0.0,Aarone Monroellynn,False
9124_01,Mars,False,E/599/S,TRAPPIST-1e,26.0,False,733.0,0.0,1296.0,80.0,0.0,Eggies Tert,False
7246_01,Mars,False,F/1395/S,TRAPPIST-1e,45.0,False,1781.0,0.0,17.0,0.0,23.0,Pefox Khaf,False
4001_03,Earth,True,G/659/S,PSO J318.5-22,4.0,False,0.0,0.0,0.0,0.0,0.0,Leahy Lowelliott,True
2959_01,Earth,False,F/620/P,PSO J318.5-22,28.0,False,1.0,0.0,933.0,614.0,0.0,,False
2126_01,Earth,False,F/415/S,TRAPPIST-1e,,False,717.0,0.0,0.0,0.0,0.0,Natha Ricews,False
4517_01,Earth,False,F/849/S,TRAPPIST-1e,37.0,False,452.0,0.0,234.0,19.0,1290.0,Bara Mcleandez,False
7656_01,Earth,True,G/1244/S,TRAPPIST-1e,16.0,False,0.0,0.0,0.0,0.0,0.0,Moniey Belley,False
1491_01,Earth,False,G/240/P,55 Cancri e,32.0,False,0.0,0.0,0.0,817.0,8.0,Leneva Sosalinson,True
7771_01,Earth,False,G/1259/S,TRAPPIST-1e,22.0,False,0.0,,692.0,18.0,0.0,Feline Cofferson,True
5901_01,Earth,False,F/1221/P,55 Cancri e,15.0,False,0.0,40.0,0.0,0.0,839.0,Kennie Castannison,False
8552_01,Mars,False,E/545/P,TRAPPIST-1e,19.0,False,0.0,0.0,0.0,0.0,0.0,Pot Hapie,False
6139_01,Europa,,C/230/S,TRAPPIST-1e,0.0,False,0.0,0.0,,0.0,0.0,Azhasim Bewarsecal,True
2901_02,Earth,False,F/601/P,PSO J318.5-22,24.0,False,,2.0,25.0,,707.0,Loisey Vandez,True
4885_01,Mars,False,F/930/S,TRAPPIST-1e,21.0,False,74.0,0.0,713.0,0.0,502.0,Jagles Bre,True
1149_03,Earth,True,G/178/S,TRAPPIST-1e,3.0,False,0.0,0.0,0.0,0.0,0.0,Sonnie Quinnerettt,False
4756_01,Europa,True,C/188/S,55 Cancri e,44.0,,0.0,0.0,0.0,0.0,0.0,Maasyma Gealloyalt,True
0539_01,Europa,True,C/18/P,TRAPPIST-1e,,False,0.0,0.0,,0.0,0.0,Tard Nalanet,True
1185_01,Mars,False,E/71/P,TRAPPIST-1e,30.0,False,,0.0,0.0,679.0,0.0,Alls Nutty,False
6482_02,Mars,True,F/1237/S,TRAPPIST-1e,1.0,False,0.0,0.0,0.0,0.0,0.0,Dow Letie,True
1460_02,Earth,True,G/230/P,PSO J318.5-22,13.0,False,0.0,0.0,0.0,0.0,0.0,Eduana Williotters,True
4635_01,Earth,True,G/755/P,PSO J318.5-22,16.0,False,0.0,0.0,0.0,0.0,0.0,Delley Pearsalason,True
0134_01,Earth,False,G/17/P,TRAPPIST-1e,19.0,False,0.0,14.0,730.0,0.0,0.0,Camina Harmontry,True
3297_01,Earth,False,F/686/P,TRAPPIST-1e,64.0,False,313.0,782.0,8.0,0.0,0.0,Trick Carlsonney,False
5266_02,Europa,False,C/205/S,55 Cancri e,36.0,True,13.0,196.0,3.0,0.0,12323.0,Sinon Poselfle,False
7010_01,Earth,False,G/1143/S,,16.0,False,418.0,195.0,100.0,88.0,90.0,Naomin Quinnerettt,False
6112_01,Mars,True,F/1264/P,TRAPPIST-1e,36.0,,0.0,0.0,0.0,0.0,0.0,Ber Sad,True
5390_01,Earth,True,G/872/S,TRAPPIST-1e,24.0,False,0.0,0.0,0.0,0.0,0.0,Rosean Owerson,True
8587_01,,False,F/1763/P,TRAPPIST-1e,25.0,False,637.0,0.0,89.0,312.0,2.0,Ronard Fielsenders,False
5927_07,Europa,False,B/201/P,55 Cancri e,43.0,False,0.0,1706.0,0.0,274.0,2056.0,Jihoton Ballexy,False
8540_01,Earth,False,F/1645/S,TRAPPIST-1e,24.0,False,686.0,0.0,13.0,0.0,0.0,Dory Sextones,False
6800_01,Earth,True,G/1105/P,TRAPPIST-1e,15.0,False,0.0,0.0,0.0,0.0,0.0,Luise Krampbelles,True
5780_01,Europa,False,B/195/P,TRAPPIST-1e,33.0,False,2233.0,6408.0,,23.0,273.0,Genif Ousious,True
3570_01,,False,G/574/S,PSO J318.5-22,15.0,False,85.0,373.0,160.0,5.0,0.0,Reney Balley,True
6399_01,Earth,False,G/1031/P,TRAPPIST-1e,47.0,False,0.0,106.0,2915.0,0.0,1200.0,Dord Serry,False
0465_01,Earth,False,E/28/P,TRAPPIST-1e,19.0,False,4.0,10.0,0.0,1178.0,428.0,Deandy Chaellerty,False
2900_01,Mars,True,,TRAPPIST-1e,26.0,False,0.0,0.0,0.0,0.0,0.0,Corse Snoff,True
4663_06,Earth,True,G/765/S,55 Cancri e,3.0,False,0.0,0.0,0.0,0.0,0.0,Bobina Cartez,True
1084_01,Earth,False,F/207/S,TRAPPIST-1e,31.0,False,0.0,1.0,0.0,16.0,843.0,Kylen Holcompson,False
5625_02,Mars,,E/352/P,PSO J318.5-22,49.0,False,0.0,0.0,0.0,0.0,0.0,Cros Nane,False
8722_02,Mars,False,E/558/P,TRAPPIST-1e,36.0,False,2002.0,0.0,10.0,87.0,0.0,Triple Pine,False
7527_01,Earth,False,F/1561/P,TRAPPIST-1e,18.0,False,0.0,732.0,2.0,13.0,47.0,Elle Flowensley,True
4930_02,Europa,False,B/161/P,TRAPPIST-1e,51.0,False,0.0,3571.0,106.0,0.0,0.0,Achium Alenter,True
6418_01,Earth,False,F/1329/P,TRAPPIST-1e,27.0,False,93.0,0.0,0.0,0.0,772.0,Gerly Beachez,False
5710_01,Earth,False,F/1092/S,TRAPPIST-1e,61.0,False,0.0,166.0,1080.0,0.0,16.0,Jeanie Sterson,True
8342_02,Europa,True,E/548/S,TRAPPIST-1e,33.0,False,0.0,0.0,0.0,0.0,0.0,Skatik Sprender,True
8964_01,Mars,False,F/1734/S,TRAPPIST-1e,28.0,False,1708.0,,65.0,1.0,0.0,Chones Grean,False
5445_01,,False,F/1125/P,TRAPPIST-1e,61.0,False,0.0,53.0,813.0,3.0,0.0,Min Alfordonard,False
1886_01,Earth,False,E/141/S,TRAPPIST-1e,26.0,False,0.0,3.0,176.0,611.0,0.0,Briane Morrows,False
4882_01,Europa,False,B/193/S,TRAPPIST-1e,,False,9.0,2031.0,0.0,20.0,1837.0,Tabdhib Switmorary,False
1353_03,Mars,True,F/262/S,TRAPPIST-1e,41.0,False,0.0,0.0,0.0,0.0,,Cings Tepie,True
4107_01,Earth,False,G/676/S,TRAPPIST-1e,23.0,False,0.0,0.0,489.0,5.0,276.0,Bobbyn Rocholton,False
4879_01,Earth,False,G/786/P,TRAPPIST-1e,20.0,False,362.0,0.0,31.0,12.0,483.0,Emilla Hebernandry,False
3184_02,Europa,True,B/117/S,55 Cancri e,34.0,False,0.0,0.0,0.0,0.0,0.0,Tarmus Sechausive,True
5372_01,Mars,False,E/342/S,TRAPPIST-1e,38.0,False,,0.0,363.0,7.0,3.0,Cings Mith,False
3181_01,Earth,False,E/197/P,TRAPPIST-1e,20.0,False,4.0,353.0,193.0,241.0,0.0,Tanley Gregordy,False
3495_04,Europa,True,C/127/S,TRAPPIST-1e,15.0,False,0.0,0.0,0.0,0.0,0.0,Alatrix Volloor,True
0290_03,Europa,,B/7/S,TRAPPIST-1e,43.0,False,0.0,0.0,0.0,0.0,0.0,Dhenar Excialing,True
1661_03,Europa,True,A/20/S,TRAPPIST-1e,48.0,False,0.0,0.0,0.0,0.0,0.0,Quarkib Fringh,True
7403_01,Earth,False,G/1194/P,TRAPPIST-1e,19.0,False,294.0,79.0,536.0,0.0,0.0,Charly Gibbsonton,False
6331_01,Europa,True,C/237/S,55 Cancri e,21.0,False,0.0,0.0,0.0,0.0,0.0,Atlasym Laturive,True
3102_01,Europa,True,B/101/P,55 Cancri e,30.0,False,0.0,0.0,0.0,0.0,0.0,Tachba Mirinanty,True
3216_03,Earth,False,E/213/S,TRAPPIST-1e,23.0,False,0.0,1573.0,0.0,36.0,0.0,Inerry Haydenzier,True
8944_01,Earth,True,G/1442/S,PSO J318.5-22,0.0,False,,0.0,0.0,0.0,0.0,Calvia Hobbinson,True
7257_02,Earth,False,E/467/P,TRAPPIST-1e,,False,0.0,1.0,12.0,0.0,779.0,Gretty Gardsondez,False
4668_01,Europa,True,C/180/S,55 Cancri e,64.0,False,0.0,0.0,0.0,0.0,0.0,Syrmion Scerodbox,True
6608_01,Earth,False,F/1374/P,TRAPPIST-1e,21.0,False,588.0,0.0,17.0,0.0,1548.0,Brada Rochaserry,False
0220_07,Earth,True,G/37/P,TRAPPIST-1e,15.0,False,0.0,0.0,0.0,0.0,0.0,Guye Wilsoney,True
7689_01,Earth,False,F/1597/P,,24.0,False,0.0,96.0,0.0,597.0,0.0,Erie Sextones,False
2060_01,,False,G/327/S,55 Cancri e,22.0,False,1430.0,0.0,0.0,0.0,423.0,Anniey Baketton,False
7188_01,Europa,False,C/233/P,TRAPPIST-1e,2.0,False,0.0,0.0,0.0,0.0,0.0,Muonus Imingle,True
0984_02,Earth,False,F/182/S,TRAPPIST-1e,24.0,False,0.0,0.0,718.0,0.0,0.0,,False
5812_01,Earth,True,G/943/S,TRAPPIST-1e,0.0,False,0.0,0.0,0.0,0.0,0.0,Holey Domington,True
2056_04,Earth,True,G/331/P,PSO J318.5-22,18.0,False,0.0,0.0,0.0,0.0,0.0,Philia Hanghanson,True
0830_01,Earth,False,F/171/P,TRAPPIST-1e,31.0,False,14.0,5.0,0.0,795.0,0.0,Eilan Hinesh,True
8243_01,Earth,False,G/1331/S,TRAPPIST-1e,18.0,False,0.0,44.0,0.0,795.0,69.0,Jonard Cooks,False
7757_01,Europa,True,B/300/S,TRAPPIST-1e,28.0,False,0.0,0.0,0.0,0.0,0.0,Muonons Lowerrudy,True
1779_01,Earth,False,F/349/P,55 Cancri e,37.0,False,164.0,603.0,0.0,0.0,11.0,Evan Hermanapp,True
4169_01,Europa,True,D/140/P,TRAPPIST-1e,47.0,False,0.0,0.0,0.0,0.0,0.0,Avijava Susent,True
5206_03,Earth,False,G/841/P,PSO J318.5-22,48.0,False,0.0,2.0,72.0,554.0,143.0,Ericia Briggston,False
1136_01,Earth,False,G/175/S,TRAPPIST-1e,32.0,False,0.0,1755.0,0.0,0.0,67.0,Dessie Bowenasey,True
3577_01,Mars,False,F/743/P,TRAPPIST-1e,26.0,False,1178.0,7.0,0.0,7.0,0.0,Pot Apie,False
2659_01,Mars,False,E/182/S,TRAPPIST-1e,14.0,False,,0.0,0.0,0.0,0.0,Luse Gelie,True
0680_03,Earth,True,G/105/P,TRAPPIST-1e,5.0,,0.0,0.0,0.0,0.0,0.0,Joandy Camerrison,False
2555_01,Europa,True,B/78/P,55 Cancri e,24.0,False,0.0,0.0,0.0,0.0,0.0,Branasl Glisormal,True
4213_01,Earth,False,G/691/S,PSO J318.5-22,23.0,False,4.0,157.0,142.0,,196.0,Fayen Morrodgers,False
3279_03,Europa,True,C/123/S,TRAPPIST-1e,28.0,False,0.0,0.0,0.0,0.0,0.0,Antinon Whifounrew,True
2642_01,,False,G/430/P,TRAPPIST-1e,24.0,False,0.0,0.0,17.0,0.0,793.0,Violan Popez,False
6182_01,Earth,True,G/1002/P,TRAPPIST-1e,30.0,False,0.0,,0.0,0.0,0.0,Jillie Whitledges,False
7754_01,Europa,False,B/299/S,55 Cancri e,55.0,False,1.0,2670.0,34.0,542.0,1339.0,Mothab Imotive,True
0779_01,Earth,False,F/162/P,,21.0,False,562.0,2.0,0.0,0.0,11.0,Holey Rodger,False
0911_01,Mars,False,F/189/P,TRAPPIST-1e,32.0,True,2492.0,0.0,,136.0,4.0,Angars Blate,False
7565_02,Europa,True,B/247/P,55 Cancri e,17.0,False,0.0,0.0,,0.0,0.0,Thaban Praded,True
7905_02,Europa,True,C/296/S,TRAPPIST-1e,48.0,False,0.0,0.0,0.0,,0.0,Menkibi Axlentindy,True
3274_01,Earth,True,G/533/P,TRAPPIST-1e,32.0,False,0.0,0.0,0.0,0.0,0.0,Dwigh Hahnstoneal,True
4366_01,Earth,,F/899/P,PSO J318.5-22,15.0,False,0.0,0.0,873.0,0.0,5.0,Philda Ricks,True
3192_01,Earth,False,F/665/P,TRAPPIST-1e,20.0,False,0.0,0.0,147.0,,0.0,Dorie Brenney,False
0004_01,Earth,False,F/1/S,TRAPPIST-1e,16.0,False,303.0,70.0,151.0,565.0,2.0,Willy Santantines,True
1905_01,Earth,False,F/364/S,55 Cancri e,40.0,False,1465.0,39.0,0.0,0.0,1225.0,Kimena Torrez,False
5522_02,Earth,False,F/1059/S,TRAPPIST-1e,20.0,False,0.0,0.0,0.0,703.0,0.0,Ollip Hinglendez,True
2457_01,Earth,True,G/400/P,TRAPPIST-1e,16.0,False,0.0,0.0,0.0,0.0,0.0,Brada Raney,True
6290_01,Earth,False,G/1013/P,TRAPPIST-1e,36.0,False,78.0,9.0,0.0,0.0,841.0,Kentha Beangley,True
2065_01,Earth,False,F/410/P,TRAPPIST-1e,13.0,False,12.0,0.0,0.0,0.0,1963.0,Lavey Jeffey,False
4782_03,Europa,False,C/189/S,55 Cancri e,32.0,False,0.0,225.0,0.0,3873.0,240.0,Algenif Maxled,False
6431_03,Earth,False,G/1038/P,55 Cancri e,27.0,False,30.0,0.0,763.0,0.0,57.0,Adriet Kramosley,False
8165_01,Mars,False,E/525/P,TRAPPIST-1e,,False,279.0,11.0,40.0,718.0,0.0,Labix One,False
7916_01,Earth,True,G/1279/P,TRAPPIST-1e,37.0,False,0.0,0.0,0.0,0.0,0.0,Elson Mayods,False
5142_02,Mars,False,F/1050/P,TRAPPIST-1e,20.0,False,859.0,3.0,0.0,939.0,0.0,Bler Cre,False
0809_01,Mars,False,F/151/S,TRAPPIST-1e,10.0,False,0.0,0.0,0.0,0.0,,Oaters Meake,True
6174_01,Earth,False,F/1274/P,55 Cancri e,24.0,False,0.0,479.0,116.0,1.0,37.0,Jord Mcbriddley,False
2865_02,Mars,False,D/88/P,TRAPPIST-1e,53.0,False,520.0,0.0,442.0,0.0,0.0,Hammet Corie,True
6971_05,Europa,False,C/225/P,55 Cancri e,28.0,False,0.0,4173.0,0.0,33.0,420.0,Schird Pretive,True
5013_01,Earth,False,F/953/S,TRAPPIST-1e,23.0,False,0.0,0.0,2102.0,0.0,0.0,Kaye Wagnerray,True
2552_02,Earth,False,G/408/S,55 Cancri e,7.0,False,0.0,0.0,0.0,0.0,,Dorice Vincenton,True
7336_02,,False,F/1411/S,TRAPPIST-1e,26.0,False,0.0,0.0,902.0,0.0,0.0,Tanley Leodger,False
8922_01,Earth,True,G/1449/P,TRAPPIST-1e,28.0,False,0.0,0.0,0.0,0.0,0.0,Walley Pager,True
2239_01,Earth,False,F/439/S,PSO J318.5-22,26.0,False,93.0,0.0,469.0,0.0,0.0,Kencey Franchaney,True
3327_01,Earth,False,G/528/S,TRAPPIST-1e,32.0,False,0.0,0.0,0.0,0.0,772.0,Erice Noelan,False
4463_01,Europa,True,B/145/P,,29.0,False,0.0,0.0,0.0,0.0,0.0,Maiam Boltund,True
4884_01,Mars,True,E/316/S,TRAPPIST-1e,23.0,False,0.0,0.0,0.0,0.0,0.0,Tors Buncy,False
6381_01,Earth,False,F/1323/P,TRAPPIST-1e,18.0,False,358.0,336.0,0.0,0.0,0.0,Rhonya Fitzgerson,False
8868_01,Earth,False,G/1430/S,TRAPPIST-1e,39.0,False,0.0,798.0,0.0,56.0,0.0,Chesty Loverthyo,True
6765_01,Mars,True,F/1295/S,TRAPPIST-1e,55.0,False,0.0,0.0,0.0,0.0,0.0,Lifes Fache,True
0435_01,Earth,True,G/62/S,TRAPPIST-1e,17.0,False,0.0,0.0,0.0,0.0,0.0,Allie Willynnedy,True
5277_01,Earth,False,F/1079/P,TRAPPIST-1e,18.0,False,0.0,0.0,0.0,87.0,1232.0,Besse Morandry,True
7390_01,Earth,False,G/1190/P,TRAPPIST-1e,62.0,False,240.0,0.0,0.0,586.0,10.0,Isa Wiggs,False
2790_03,Europa,False,B/86/P,TRAPPIST-1e,29.0,False,3.0,933.0,0.0,674.0,731.0,Izarino Simous,False
2745_01,Mars,False,F/568/P,,31.0,False,1511.0,0.0,310.0,0.0,0.0,Libers Pre,False
6548_01,Earth,False,G/1065/S,TRAPPIST-1e,38.0,False,395.0,1035.0,0.0,0.0,4.0,Stanya Kellyons,True
2272_02,Earth,True,,55 Cancri e,21.0,False,0.0,0.0,0.0,0.0,0.0,Mela Quinnerettt,True
1644_01,Earth,False,F/327/P,55 Cancri e,14.0,False,0.0,2.0,0.0,0.0,794.0,Lavey Waltonnedy,False
1195_01,Earth,False,F/239/P,55 Cancri e,28.0,False,2.0,558.0,0.0,0.0,0.0,Mael Lancis,True
0594_01,Earth,False,G/87/S,55 Cancri e,9.0,False,0.0,0.0,0.0,0.0,0.0,Joana Flynner,False
6433_02,Mars,True,D/193/S,TRAPPIST-1e,37.0,False,0.0,0.0,0.0,0.0,0.0,,True
8383_01,Earth,True,G/1368/P,TRAPPIST-1e,46.0,False,0.0,0.0,0.0,0.0,0.0,Mariel Gibbsonton,False
1350_02,Earth,False,F/261/S,TRAPPIST-1e,14.0,False,1489.0,2.0,126.0,460.0,72.0,Isa Cleang,False
0635_02,Earth,False,E/43/S,TRAPPIST-1e,37.0,False,614.0,0.0,50.0,11.0,319.0,Millia Powery,False
5786_01,Earth,False,G/928/P,PSO J318.5-22,47.0,False,14.0,3.0,0.0,1720.0,0.0,Alfrey Sarios,False
6726_01,Earth,False,G/1089/P,TRAPPIST-1e,29.0,False,68.0,74.0,713.0,37.0,15.0,Lillia Dyers,True
8607_01,Earth,False,G/1387/S,PSO J318.5-22,21.0,False,0.0,2202.0,9.0,71.0,100.0,Lan Gainebergan,True
8604_01,Mars,False,F/1765/P,,37.0,False,50.0,0.0,343.0,2205.0,0.0,Crat Stité,False
1829_02,Europa,False,D/56/P,TRAPPIST-1e,30.0,False,1.0,6398.0,0.0,2.0,295.0,Propsh Clumshangs,True
8759_01,Mars,False,F/1695/S,TRAPPIST-1e,25.0,False,520.0,0.0,139.0,0.0,77.0,Tart Chate,False
1615_02,Earth,True,G/259/P,TRAPPIST-1e,38.0,False,0.0,0.0,,0.0,0.0,Therta Harperez,True
6334_02,Earth,True,G/1028/S,PSO J318.5-22,7.0,False,0.0,0.0,0.0,0.0,0.0,Dondy Jenson,True
5279_01,Earth,False,G/852/P,TRAPPIST-1e,28.0,False,467.0,,0.0,0.0,307.0,Antony Flynnis,False
1709_01,Mars,False,F/326/S,TRAPPIST-1e,23.0,False,31.0,0.0,1247.0,0.0,47.0,Jurbet Minen,False
3787_02,Mars,False,F/716/S,TRAPPIST-1e,7.0,False,0.0,0.0,0.0,0.0,0.0,Smals Prie,True
5814_03,Mars,True,D/176/S,55 Cancri e,21.0,False,0.0,0.0,0.0,0.0,0.0,Scers Bine,True
5957_03,Europa,False,B/203/P,55 Cancri e,58.0,True,2.0,3862.0,0.0,1482.0,73.0,Markard Chuble,False
2110_01,Earth,True,G/339/P,TRAPPIST-1e,18.0,False,0.0,0.0,0.0,0.0,0.0,Ernice Joynewtonks,False
6186_01,Mars,False,E/396/P,TRAPPIST-1e,19.0,True,61.0,783.0,110.0,0.0,0.0,Tot Ancy,True
3243_01,Earth,False,G/516/S,55 Cancri e,10.0,False,0.0,,0.0,0.0,,Tonald Hermanapp,False
1527_02,Europa,False,D/49/P,TRAPPIST-1e,25.0,False,0.0,0.0,0.0,0.0,0.0,Anchird Boderbint,True
2875_01,Europa,True,B/107/S,55 Cancri e,55.0,False,0.0,0.0,0.0,0.0,0.0,Zinonon Frolestty,True
8486_01,Earth,True,G/1360/S,TRAPPIST-1e,19.0,False,0.0,0.0,0.0,0.0,0.0,France Anthompson,True
0181_01,Earth,False,G/27/P,TRAPPIST-1e,20.0,False,0.0,0.0,3.0,299.0,92.0,Nancis Brighttt,False
5934_01,Earth,False,G/962/P,TRAPPIST-1e,29.0,False,89.0,1725.0,,0.0,3.0,Joanry Mcfaddenson,True
5771_01,Earth,False,G/937/S,TRAPPIST-1e,47.0,False,0.0,868.0,0.0,4.0,,Sanda Fielson,True
5831_01,Earth,False,,55 Cancri e,9.0,False,0.0,0.0,0.0,0.0,0.0,Jacky Rosalanenn,False
8982_01,Earth,False,F/1739/S,TRAPPIST-1e,41.0,False,0.0,924.0,,0.0,0.0,Charly Buckleinson,False
0939_01,Earth,True,G/135/P,,15.0,False,0.0,0.0,0.0,0.0,0.0,Eulah Peter,True
8988_05,Earth,False,F/1741/S,TRAPPIST-1e,30.0,False,0.0,1028.0,0.0,80.0,0.0,Melara Fowlesterez,False
1312_01,Earth,True,G/194/P,55 Cancri e,21.0,False,0.0,0.0,0.0,0.0,0.0,Darley Blandez,True
4593_01,Earth,False,G/750/S,TRAPPIST-1e,30.0,False,1.0,797.0,0.0,10.0,0.0,Toddie Pugherman,True
0642_02,Europa,False,C/25/S,55 Cancri e,36.0,False,0.0,4967.0,82.0,1517.0,575.0,Aviton Kiling,True
0237_01,Europa,True,B/11/P,TRAPPIST-1e,42.0,False,0.0,0.0,0.0,0.0,0.0,Weias Aginge,True
6372_02,Europa,False,B/216/P,TRAPPIST-1e,26.0,True,0.0,2199.0,0.0,328.0,329.0,Alphah Reelest,False
1631_01,Earth,False,E/118/S,TRAPPIST-1e,61.0,False,1215.0,32.0,0.0,0.0,362.0,Toniel Kennetty,False
9148_01,Earth,False,G/1473/S,TRAPPIST-1e,11.0,False,0.0,0.0,0.0,0.0,0.0,Elice Paulllegory,False
0516_01,Europa,False,A/6/S,55 Cancri e,55.0,False,113.0,2492.0,41.0,0.0,2376.0,Vindem Eneurordry,False
6622_01,Earth,False,G/1070/P,55 Cancri e,54.0,False,752.0,0.0,44.0,14.0,0.0,Coreen Lynnerett,False
6343_01,Mars,True,E/423/S,TRAPPIST-1e,42.0,False,0.0,0.0,0.0,0.0,0.0,Chreet Start,True
0221_02,Mars,False,E/13/S,TRAPPIST-1e,23.0,False,1215.0,80.0,1.0,2.0,0.0,Yogark Reke,False
4663_03,Earth,True,G/765/S,TRAPPIST-1e,11.0,False,0.0,0.0,0.0,0.0,0.0,Nelsie Roachoanand,True
2306_06,Europa,False,C/82/P,55 Cancri e,47.0,False,1320.0,428.0,4.0,24.0,0.0,Luxons Colensid,False
8544_01,Earth,False,F/1647/S,TRAPPIST-1e,15.0,False,114.0,161.0,22.0,419.0,0.0,Yolana Booters,False
3645_03,Mars,True,D/124/P,TRAPPIST-1e,16.0,False,0.0,0.0,0.0,0.0,0.0,Oats Pepie,True
0453_03,Europa,True,B/14/S,TRAPPIST-1e,74.0,False,0.0,0.0,0.0,0.0,0.0,Wezena Taptiritty,True
4746_01,Earth,False,G/775/S,TRAPPIST-1e,,False,282.0,8.0,337.0,0.0,0.0,Eristy Joynewtonks,False
5858_01,Earth,False,G/948/S,55 Cancri e,22.0,False,483.0,0.0,0.0,304.0,21.0,Wally Barberts,True
2995_01,Europa,True,B/94/P,55 Cancri e,26.0,False,0.0,0.0,0.0,0.0,0.0,Minus Roforhauge,True
4549_01,Earth,False,E/298/S,TRAPPIST-1e,42.0,False,0.0,1.0,0.0,17.0,1601.0,Leria Woody,False
8015_03,Europa,True,B/315/S,55 Cancri e,32.0,False,0.0,0.0,0.0,0.0,0.0,Achbah Fansty,True
2196_01,Europa,False,B/65/P,TRAPPIST-1e,47.0,False,,32.0,0.0,4027.0,1440.0,Muonin Veriedeezy,False
7901_01,Mars,True,F/1512/S,TRAPPIST-1e,36.0,False,0.0,0.0,0.0,0.0,0.0,Tive Curie,True
0251_01,,True,C/11/S,55 Cancri e,54.0,False,0.0,0.0,0.0,0.0,0.0,Diphah Amsive,True
8796_02,Earth,False,F/1704/S,TRAPPIST-1e,14.0,False,588.0,144.0,1.0,0.0,168.0,Hillie Jorden,False
5063_01,Earth,False,G/830/S,TRAPPIST-1e,18.0,False,,794.0,16.0,0.0,0.0,Kennie Solinez,True
6123_01,Mars,True,F/1268/P,TRAPPIST-1e,,False,0.0,0.0,0.0,0.0,0.0,Sugbix Ancy,True
7083_01,Europa,True,C/259/S,TRAPPIST-1e,32.0,False,0.0,0.0,0.0,0.0,0.0,Betenar Pirejus,True
4422_02,Europa,False,B/172/S,TRAPPIST-1e,29.0,False,0.0,6338.0,0.0,1366.0,89.0,Ranark Dinsprody,True
8539_01,Earth,False,G/1372/S,TRAPPIST-1e,20.0,False,59.0,29.0,27.0,,0.0,Tance Simsey,False
4253_01,Earth,False,G/696/P,TRAPPIST-1e,30.0,False,488.0,0.0,242.0,0.0,79.0,Ivanne Gallandez,False
4259_01,Mars,True,F/796/S,TRAPPIST-1e,41.0,False,0.0,0.0,0.0,0.0,0.0,Rispid Raste,True
7720_01,Earth,False,F/1606/P,55 Cancri e,53.0,False,0.0,0.0,754.0,46.0,0.0,Eilan Russelloyd,False
8862_02,Europa,False,C/329/S,PSO J318.5-22,38.0,True,0.0,2191.0,863.0,207.0,6262.0,Menkin Cluted,False
3504_01,Earth,True,G/575/P,TRAPPIST-1e,27.0,False,0.0,0.0,0.0,0.0,0.0,Nicey Mcleandez,True
3499_01,Earth,False,G/574/P,TRAPPIST-1e,21.0,False,196.0,5.0,674.0,12.0,20.0,Francy Mccarveymon,False
5897_01,Europa,,C/221/S,55 Cancri e,25.0,False,0.0,0.0,0.0,0.0,0.0,,True
1681_01,Earth,False,G/261/S,TRAPPIST-1e,34.0,False,1.0,89.0,0.0,793.0,0.0,Tonia Englence,False
9068_01,Europa,False,C/337/S,TRAPPIST-1e,31.0,False,1062.0,1605.0,0.0,2718.0,1674.0,Alurops Clinarfork,False
5812_06,Earth,True,G/943/S,55 Cancri e,11.0,False,0.0,0.0,0.0,0.0,0.0,Karena Domington,True
3076_01,Earth,True,G/502/P,PSO J318.5-22,,False,0.0,0.0,0.0,0.0,0.0,Jaimez Mcfaddenson,True
0331_01,Earth,False,F/72/P,TRAPPIST-1e,25.0,False,0.0,0.0,251.0,0.0,552.0,Lewise Burchard,False
1729_01,Earth,False,F/343/P,TRAPPIST-1e,26.0,False,21.0,0.0,499.0,568.0,0.0,Billya Merce,True
3640_01,Earth,False,E/244/S,55 Cancri e,38.0,False,0.0,695.0,0.0,49.0,876.0,Belly Schwardson,False
2565_02,Mars,False,E/155/P,TRAPPIST-1e,32.0,False,598.0,0.0,138.0,0.0,624.0,Koops Lepie,False
3566_01,Earth,False,G/573/S,55 Cancri e,19.0,False,0.0,336.0,508.0,1.0,0.0,Eriey Bartez,True
4801_01,Earth,True,G/773/P,TRAPPIST-1e,10.0,False,,0.0,0.0,0.0,0.0,Vana Brooke,False
8797_01,Earth,False,F/1705/S,PSO J318.5-22,18.0,False,0.0,3.0,110.0,588.0,0.0,Julies Bradamss,False
0643_01,Mars,False,F/138/P,TRAPPIST-1e,19.0,False,1019.0,266.0,141.0,0.0,0.0,Tran Watie,True
3211_03,Earth,False,G/521/P,TRAPPIST-1e,0.0,False,0.0,0.0,0.0,0.0,0.0,Dianya Baldson,False
5552_02,Mars,True,F/1150/P,TRAPPIST-1e,11.0,False,0.0,0.0,0.0,0.0,0.0,Oatch Potie,True
0840_01,Earth,,G/123/P,TRAPPIST-1e,27.0,False,663.0,1111.0,0.0,0.0,2.0,Ebonyd Braymon,False
8941_03,Mars,False,E/575/P,TRAPPIST-1e,14.0,False,1737.0,0.0,336.0,0.0,0.0,Tifet Perie,False
8276_01,Europa,,C/273/P,TRAPPIST-1e,26.0,False,0.0,0.0,0.0,0.0,0.0,Canons Oirmplathy,True
0064_01,Mars,True,F/14/S,TRAPPIST-1e,15.0,False,0.0,0.0,0.0,0.0,0.0,,True
0396_01,Earth,True,G/59/S,TRAPPIST-1e,18.0,False,0.0,0.0,0.0,0.0,0.0,Brinez Robins,True
7156_01,Mars,False,E/475/S,TRAPPIST-1e,3.0,False,0.0,0.0,0.0,0.0,0.0,Lig Ramad,True
4782_04,Europa,True,C/189/S,55 Cancri e,27.0,False,0.0,0.0,0.0,0.0,,Hadirk Slable,True
4464_01,Earth,False,G/728/S,TRAPPIST-1e,21.0,False,0.0,0.0,0.0,0.0,0.0,Sharie Morrodgers,False
9205_03,Europa,True,B/300/P,TRAPPIST-1e,52.0,,0.0,0.0,0.0,0.0,0.0,Propent Brakeng,True
5187_01,,False,E/324/P,TRAPPIST-1e,20.0,False,949.0,0.0,0.0,5.0,0.0,Ranuts Mellé,False
1325_01,Earth,True,E/97/S,TRAPPIST-1e,0.0,False,0.0,0.0,0.0,0.0,0.0,Jimen Barbes,True
8121_01,Earth,True,G/1311/P,TRAPPIST-1e,25.0,False,0.0,0.0,,0.0,0.0,Jeroy Kimpson,True
8368_01,Earth,True,G/1365/P,TRAPPIST-1e,4.0,False,0.0,0.0,0.0,0.0,0.0,Murie Dayers,True
3789_01,Earth,True,G/620/S,TRAPPIST-1e,15.0,False,0.0,0.0,0.0,0.0,0.0,Juane Popelazquez,True
1650_01,Earth,True,G/258/S,55 Cancri e,28.0,False,0.0,0.0,0.0,0.0,0.0,Walla Hodes,True
4333_01,Europa,False,B/141/P,55 Cancri e,28.0,False,0.0,3345.0,0.0,2143.0,27.0,Sadach Excionging,False
4491_01,Europa,False,B/148/P,TRAPPIST-1e,36.0,False,0.0,1013.0,1.0,16.0,2825.0,Solark Filerst,False
5173_01,Mars,True,F/1057/P,TRAPPIST-1e,19.0,False,0.0,0.0,0.0,0.0,0.0,Supies Biba,True
6153_01,Europa,True,B/236/S,55 Cancri e,41.0,False,0.0,0.0,0.0,0.0,0.0,Weionan Genuild,True
0944_01,Earth,False,G/137/P,TRAPPIST-1e,16.0,False,891.0,0.0,831.0,0.0,0.0,Hilley Weaverays,False
4222_01,Earth,False,G/692/P,TRAPPIST-1e,29.0,False,37.0,0.0,167.0,608.0,0.0,Beula Clean,False
2369_01,Earth,False,F/484/P,TRAPPIST-1e,30.0,False,3.0,0.0,880.0,0.0,40.0,Netty Youngrayes,False
2125_01,Earth,False,G/343/P,TRAPPIST-1e,18.0,False,0.0,1.0,0.0,80.0,826.0,Stenny Pagedy,False
5941_01,Earth,False,E/386/S,TRAPPIST-1e,,False,72.0,914.0,0.0,0.0,7.0,,True
5921_01,Earth,True,G/959/P,TRAPPIST-1e,38.0,False,0.0,0.0,0.0,0.0,0.0,Vandy Campson,True
5746_01,Earth,False,G/932/S,TRAPPIST-1e,19.0,False,0.0,,0.0,5381.0,139.0,Rica Vandan,False
4027_01,Earth,True,G/659/P,PSO J318.5-22,29.0,False,0.0,0.0,0.0,0.0,0.0,Benry Patthews,True
3061_01,Earth,False,F/638/P,TRAPPIST-1e,22.0,False,664.0,0.0,0.0,65.0,0.0,Mela Bakericks,False
6997_02,Mars,False,F/1453/P,TRAPPIST-1e,24.0,False,2261.0,0.0,95.0,10.0,0.0,Weet Sfin,False
7181_01,Mars,True,F/1488/P,TRAPPIST-1e,28.0,False,0.0,0.0,,0.0,0.0,Unchal Date,True
0437_02,Earth,False,F/78/S,PSO J318.5-22,40.0,False,7.0,0.0,840.0,26.0,0.0,Debora Oneiles,False
6980_01,,False,F/1331/S,TRAPPIST-1e,44.0,False,3.0,0.0,33.0,769.0,0.0,Stevey Reilline,True
0825_01,Earth,True,G/120/P,TRAPPIST-1e,13.0,False,0.0,0.0,0.0,0.0,0.0,Alendy Wardendez,True
7168_01,Earth,False,G/1168/S,TRAPPIST-1e,,False,0.0,11.0,793.0,0.0,84.0,Duana Mccard,True
3252_01,Earth,False,F/613/S,55 Cancri e,53.0,False,8.0,0.0,236.0,0.0,2049.0,Dwin Melez,False
4901_01,Earth,False,G/790/P,TRAPPIST-1e,52.0,False,0.0,837.0,1.0,2.0,8.0,Nichad Baldson,False
4654_01,Europa,True,E/291/P,TRAPPIST-1e,20.0,False,0.0,0.0,0.0,0.0,0.0,Hamelik Witeronfus,True
6734_04,Europa,True,C/249/S,55 Cancri e,33.0,False,0.0,0.0,0.0,0.0,0.0,Wein Sparsaxle,True
3301_01,Earth,True,G/525/S,55 Cancri e,8.0,False,0.0,0.0,0.0,0.0,0.0,Tyle Domington,True
7517_01,Earth,False,F/1557/P,PSO J318.5-22,25.0,False,15.0,3.0,0.0,635.0,0.0,Lynnon Lunapperts,False
8338_02,Mars,False,F/1716/P,TRAPPIST-1e,45.0,False,506.0,0.0,2.0,829.0,0.0,Rail Empie,False
9275_02,Europa,False,A/97/P,TRAPPIST-1e,32.0,False,1.0,1146.0,0.0,50.0,34.0,Diram Conable,False
5266_01,Europa,False,A/64/S,55 Cancri e,20.0,False,0.0,290.0,0.0,1866.0,217.0,Alhair Poselfle,False
0008_02,Europa,True,B/1/P,TRAPPIST-1e,34.0,False,0.0,0.0,,0.0,0.0,Altardr Flatic,True
8141_01,Earth,True,G/1310/S,TRAPPIST-1e,38.0,False,0.0,0.0,0.0,0.0,0.0,Stenny Belley,True
9250_01,Europa,False,E/597/P,TRAPPIST-1e,29.0,False,0.0,2972.0,,28.0,188.0,Chain Reedectied,True
6407_01,Earth,True,G/1033/P,TRAPPIST-1e,19.0,False,0.0,0.0,0.0,0.0,0.0,,True
7560_01,Europa,,C/244/P,TRAPPIST-1e,17.0,False,0.0,0.0,0.0,0.0,0.0,Proxima Quidedbolt,True
1022_01,Earth,False,,TRAPPIST-1e,15.0,,48.0,6.0,0.0,954.0,0.0,Melvia Blanglison,False
0982_02,Earth,False,G/145/P,TRAPPIST-1e,51.0,False,,,4.0,0.0,0.0,Joyton Hewson,False
3548_01,Earth,False,G/580/P,TRAPPIST-1e,48.0,False,0.0,1794.0,0.0,0.0,5.0,Daley Haynardy,True
2515_02,Europa,True,B/96/S,55 Cancri e,18.0,False,0.0,0.0,0.0,0.0,0.0,Keidus Forous,True
7332_01,Earth,False,E/488/S,TRAPPIST-1e,39.0,False,2.0,0.0,0.0,2.0,787.0,Violan Holliams,False
4335_01,Mars,True,E/281/S,TRAPPIST-1e,34.0,False,0.0,0.0,0.0,0.0,0.0,Oareel Paska,False
1031_01,Earth,False,F/194/S,TRAPPIST-1e,14.0,False,756.0,84.0,0.0,8.0,99.0,Warry Leonzaley,False
6893_01,Europa,True,B/261/S,TRAPPIST-1e,29.0,False,0.0,0.0,0.0,0.0,0.0,Winork Dreamspric,True
5877_01,Earth,False,F/1121/S,TRAPPIST-1e,17.0,False,0.0,0.0,1552.0,0.0,,Tyle Carsoning,False
2498_01,Earth,False,E/176/S,TRAPPIST-1e,14.0,False,148.0,0.0,34.0,808.0,0.0,Dorice Kellson,False
8503_01,Europa,False,B/279/P,TRAPPIST-1e,48.0,False,3784.0,917.0,146.0,1770.0,880.0,Izaron Coweboded,False
0788_01,Earth,False,F/166/P,55 Cancri e,16.0,False,797.0,0.0,0.0,0.0,0.0,,False
7620_01,Mars,False,F/1583/P,,17.0,False,3651.0,0.0,2228.0,38.0,0.0,Oakes Cotte,False
0602_02,Mars,False,E/36/P,TRAPPIST-1e,25.0,False,0.0,0.0,0.0,0.0,0.0,Oats Brine,False
0003_02,Europa,False,A/0/S,TRAPPIST-1e,33.0,False,0.0,1283.0,371.0,3329.0,193.0,Solam Susent,False
5990_01,Earth,True,G/974/S,TRAPPIST-1e,23.0,False,0.0,0.0,0.0,0.0,0.0,Lynnon Castannison,True
1036_01,Earth,True,G/161/S,PSO J318.5-22,24.0,False,0.0,,0.0,0.0,0.0,Laude Georgasey,True
3229_01,Europa,False,B/118/S,TRAPPIST-1e,45.0,False,3.0,2344.0,1100.0,498.0,0.0,Aino Chpeng,True
1148_07,Europa,False,C/42/P,55 Cancri e,34.0,False,2386.0,841.0,76.0,26.0,1693.0,Edaron Clugete,False
0816_01,Europa,False,E/60/S,55 Cancri e,24.0,False,0.0,284.0,0.0,4614.0,438.0,Giedir Asoppor,False
4748_01,Mars,False,D/149/S,TRAPPIST-1e,53.0,False,204.0,142.0,380.0,38.0,1.0,Capies Chene,False
3729_01,Earth,True,G/605/P,PSO J318.5-22,40.0,False,0.0,0.0,0.0,0.0,0.0,,True
1450_01,Europa,True,D/53/S,55 Cancri e,43.0,False,0.0,0.0,0.0,0.0,0.0,Tabih Ailled,True
1212_01,Earth,False,G/180/P,TRAPPIST-1e,40.0,False,0.0,1.0,195.0,560.0,0.0,Luise Vales,False
5388_01,Earth,True,G/871/S,TRAPPIST-1e,10.0,False,0.0,0.0,0.0,,0.0,Stene Chaellerty,True
4932_02,Mars,True,F/1005/P,55 Cancri e,3.0,False,0.0,0.0,0.0,0.0,0.0,Cird Fisty,True
0522_01,Earth,False,E/33/P,TRAPPIST-1e,42.0,False,0.0,0.0,750.0,0.0,156.0,Glenry Parklaney,False
5351_01,Mars,,F/1026/S,55 Cancri e,46.0,False,1082.0,80.0,1177.0,0.0,323.0,Hion Knike,False
5828_01,Earth,False,G/941/P,TRAPPIST-1e,21.0,False,621.0,0.0,0.0,0.0,0.0,Bethy Goldendrice,False
8704_02,Mars,False,D/264/S,,29.0,False,2239.0,0.0,146.0,0.0,0.0,Cappe Facke,False
8926_01,Earth,False,E/571/P,TRAPPIST-1e,24.0,False,0.0,,3.0,80.0,0.0,Paulah Pooles,True
2084_02,Europa,True,A/16/P,TRAPPIST-1e,,False,0.0,0.0,0.0,0.0,0.0,Dyonon Boltund,True
1602_01,Earth,False,F/307/S,TRAPPIST-1e,18.0,False,0.0,0.0,0.0,2681.0,55.0,Vina Chardsons,False
1661_01,Europa,False,A/20/S,TRAPPIST-1e,56.0,False,0.0,0.0,0.0,0.0,0.0,Arin Fringh,False
1248_01,Earth,False,F/239/S,PSO J318.5-22,27.0,False,0.0,,0.0,0.0,0.0,Landa Ewiseston,True
1014_01,Mars,True,F/207/P,TRAPPIST-1e,19.0,False,0.0,0.0,0.0,0.0,0.0,Ranuts Frasp,True
1590_02,Europa,False,D/57/S,55 Cancri e,33.0,False,0.0,26.0,1.0,33.0,2439.0,Ankark Crakenecal,False
7845_01,Europa,True,B/307/S,55 Cancri e,24.0,False,0.0,0.0,0.0,0.0,0.0,Syrmion Unhearfus,True
4612_01,Earth,False,G/755/S,55 Cancri e,14.0,False,0.0,166.0,603.0,1.0,0.0,Essara Wilsoney,True
2633_01,Earth,False,G/428/P,55 Cancri e,26.0,False,0.0,0.0,0.0,0.0,,Herina Popez,False
9246_01,Earth,,G/1490/S,TRAPPIST-1e,32.0,False,0.0,0.0,0.0,0.0,0.0,,True
0704_01,Earth,True,G/107/P,TRAPPIST-1e,19.0,False,0.0,0.0,0.0,0.0,0.0,Adanne Wartyson,True
6028_01,Europa,False,A/57/P,55 Cancri e,27.0,False,0.0,1801.0,0.0,304.0,1393.0,Wasatz Preeldy,False
4172_03,,True,F/856/P,TRAPPIST-1e,36.0,False,0.0,0.0,0.0,0.0,0.0,Chrets Flell,True
4661_06,Earth,True,G/757/P,TRAPPIST-1e,5.0,False,0.0,0.0,0.0,,0.0,Idace Moodman,False
6544_01,Europa,False,C/243/S,TRAPPIST-1e,37.0,False,0.0,4616.0,339.0,2008.0,175.0,Taura Pumpeshaft,True
8202_06,Europa,True,C/306/S,TRAPPIST-1e,53.0,False,0.0,0.0,0.0,0.0,0.0,Sinon Unkcatted,True
5065_02,Europa,False,E/326/S,55 Cancri e,26.0,False,606.0,1080.0,0.0,2011.0,0.0,,False
1075_01,Europa,True,B/41/S,TRAPPIST-1e,14.0,False,0.0,0.0,0.0,0.0,0.0,Teron Objeciane,True
5925_02,Europa,False,B/226/S,TRAPPIST-1e,16.0,False,0.0,2002.0,0.0,96.0,69.0,Medib Rotter,True
3903_01,Earth,False,G/636/P,55 Cancri e,2.0,False,0.0,0.0,0.0,0.0,0.0,Glendy Doughan,False
8605_04,Europa,False,C/324/S,TRAPPIST-1e,26.0,False,0.0,226.0,0.0,436.0,4051.0,Aldibah Netshaless,False
6722_01,Europa,True,E/445/S,55 Cancri e,28.0,False,0.0,0.0,0.0,0.0,0.0,Phargak Dicely,True
2893_01,Earth,False,G/470/P,55 Cancri e,27.0,False,688.0,307.0,779.0,0.0,19.0,Verek Beasleyes,False
1577_01,Earth,False,F/310/P,,23.0,False,0.0,169.0,,0.0,0.0,Keitha Grahangory,True
4182_02,Europa,False,A/51/S,TRAPPIST-1e,43.0,False,0.0,124.0,0.0,3975.0,186.0,,False
8770_07,Earth,False,F/1808/P,TRAPPIST-1e,17.0,False,0.0,810.0,66.0,0.0,0.0,Raque Waderoachez,True
1340_01,Earth,True,G/203/S,TRAPPIST-1e,23.0,False,0.0,0.0,0.0,0.0,0.0,Pamiea Harrenoldez,False
6578_01,Mars,True,E/438/S,TRAPPIST-1e,26.0,False,0.0,0.0,0.0,0.0,0.0,Weres Chcak,False
9021_02,Mars,False,D/286/P,TRAPPIST-1e,26.0,True,1297.0,0.0,62.0,0.0,364.0,Spros Chake,False
1568_01,Earth,False,,TRAPPIST-1e,22.0,False,1018.0,100.0,0.0,9.0,0.0,Idace Burchrison,False
8326_01,Earth,False,G/1354/P,TRAPPIST-1e,31.0,False,773.0,0.0,0.0,,1.0,Lanedy Howenters,False
8512_01,Earth,False,F/1637/S,55 Cancri e,48.0,False,0.0,717.0,0.0,0.0,10.0,Verly Flyncharlan,True
4814_01,Earth,True,G/788/S,55 Cancri e,22.0,False,0.0,0.0,0.0,0.0,0.0,Walla Lunapperts,True
0085_01,Europa,True,C/5/S,TRAPPIST-1e,40.0,False,0.0,0.0,0.0,0.0,0.0,Furudah Ellcefulve,True
8150_02,Mars,True,E/539/S,PSO J318.5-22,49.0,False,0.0,0.0,0.0,0.0,0.0,Stmeal Kart,True
2598_01,Mars,False,F/535/P,TRAPPIST-1e,37.0,False,27.0,0.0,1131.0,0.0,1318.0,Babix Scake,False
0500_01,Mars,False,D/19/P,55 Cancri e,21.0,False,513.0,0.0,1749.0,82.0,0.0,Ots Cakie,True
6328_03,Earth,False,F/1309/P,TRAPPIST-1e,53.0,False,627.0,32.0,0.0,0.0,37.0,Marice Hoppers,False
2892_02,Earth,True,G/469/P,55 Cancri e,12.0,False,0.0,0.0,0.0,0.0,0.0,Benry Gallenry,False
4396_01,Earth,False,G/715/S,TRAPPIST-1e,23.0,False,0.0,153.0,11.0,646.0,0.0,Sallie Milton,False
5804_01,Earth,True,G/933/P,TRAPPIST-1e,26.0,False,0.0,0.0,0.0,0.0,0.0,Allyn Simpsonks,False
1467_01,,False,E/111/S,TRAPPIST-1e,21.0,False,894.0,1.0,0.0,61.0,26.0,Russey Dillips,False
3898_01,Earth,True,G/636/S,TRAPPIST-1e,14.0,False,0.0,0.0,0.0,0.0,0.0,Moniey Vinston,True
7899_03,Earth,True,G/1275/S,TRAPPIST-1e,1.0,False,0.0,0.0,0.0,0.0,0.0,Margio Boyers,True
3588_01,Mars,False,D/120/P,TRAPPIST-1e,35.0,False,576.0,0.0,459.0,22.0,0.0,Frunad Concy,False
5653_01,Earth,True,G/903/P,TRAPPIST-1e,15.0,False,0.0,0.0,0.0,0.0,0.0,Hanne Wardendez,False
6754_01,Europa,False,C/250/S,TRAPPIST-1e,25.0,True,0.0,4209.0,0.0,2.0,896.0,Marin Gealably,True
6637_01,Mars,False,F/1271/S,TRAPPIST-1e,27.0,False,1228.0,0.0,0.0,0.0,0.0,Tibers Sinda,False
1384_05,Earth,False,E/105/S,,19.0,False,189.0,510.0,0.0,0.0,0.0,Fany Mayods,True
3848_01,Earth,False,F/795/P,TRAPPIST-1e,24.0,False,4.0,314.0,0.0,0.0,428.0,Warry Jacostaney,False
7988_01,Europa,True,B/313/S,TRAPPIST-1e,49.0,False,0.0,0.0,0.0,0.0,0.0,Phoros Wirdley,True
0998_01,Europa,False,C/37/P,TRAPPIST-1e,56.0,False,0.0,7447.0,0.0,253.0,35.0,Muonin Suptibler,True
0961_01,Earth,False,G/141/P,55 Cancri e,14.0,False,0.0,885.0,8.0,0.0,0.0,Gailia Lewinez,True
6462_01,Mars,True,F/1233/S,TRAPPIST-1e,27.0,False,0.0,0.0,0.0,0.0,0.0,,True
2503_02,Mars,False,F/516/P,TRAPPIST-1e,4.0,False,0.0,0.0,0.0,0.0,0.0,Eet Shrie,True
0805_01,Europa,False,C/29/P,55 Cancri e,36.0,True,0.0,13248.0,100.0,1953.0,1.0,Glueba Chuble,True
8956_04,Earth,False,G/1453/P,TRAPPIST-1e,,False,194.0,1.0,10.0,629.0,0.0,Krisa Bonnondry,False
0140_02,Earth,False,F/29/P,TRAPPIST-1e,26.0,False,440.0,0.0,0.0,0.0,462.0,Verney Whitakers,False
5478_01,Mars,False,F/1048/S,TRAPPIST-1e,29.0,False,518.0,0.0,10.0,1245.0,0.0,Hocorz Prity,False
3645_02,Mars,True,D/124/P,TRAPPIST-1e,,False,0.0,0.0,0.0,0.0,0.0,Skies Pepie,True
7296_01,Mars,False,D/228/P,TRAPPIST-1e,33.0,False,627.0,0.0,171.0,254.0,130.0,Pon Blane,False
8467_01,Earth,True,G/1379/P,55 Cancri e,14.0,False,0.0,0.0,0.0,0.0,0.0,Branda Hebernandry,True
8789_02,Earth,False,E/576/S,TRAPPIST-1e,23.0,False,0.0,565.0,0.0,35.0,188.0,Monard Cartez,True
7086_01,Earth,False,F/1467/P,TRAPPIST-1e,24.0,False,590.0,0.0,1.0,168.0,16.0,Juline Hamcmahon,False
5180_01,Earth,True,G/835/P,PSO J318.5-22,20.0,False,0.0,0.0,0.0,,0.0,Felia Gillock,True
3968_01,Earth,True,G/650/P,TRAPPIST-1e,17.0,False,0.0,0.0,0.0,0.0,0.0,Louisa Briggins,False
7944_01,Europa,False,D/230/S,TRAPPIST-1e,15.0,False,31.0,804.0,1.0,4732.0,2577.0,Achira Reewerpic,False
1165_04,Europa,True,B/44/P,TRAPPIST-1e,17.0,False,0.0,0.0,0.0,0.0,0.0,Okulas Waring,True
6136_01,Earth,False,F/1172/S,TRAPPIST-1e,26.0,False,0.0,0.0,0.0,213.0,1078.0,Rhony Mcdanield,False
5959_02,Europa,True,D/181/S,TRAPPIST-1e,34.0,False,0.0,0.0,0.0,0.0,0.0,Dabik Praugnox,True
8815_01,Earth,False,F/1818/P,55 Cancri e,20.0,False,0.0,0.0,0.0,335.0,957.0,Frey Tranklinay,False
4371_01,Europa,,C/158/S,TRAPPIST-1e,27.0,False,0.0,2717.0,0.0,0.0,986.0,Mesatz Shricatory,True
4084_01,Europa,False,D/132/S,TRAPPIST-1e,26.0,False,0.0,1549.0,0.0,0.0,766.0,Arix Rentruing,True
4529_01,Earth,False,G/738/S,55 Cancri e,43.0,False,26.0,132.0,3.0,117.0,555.0,Terald Oneiles,False
3733_01,Europa,False,D/118/S,TRAPPIST-1e,34.0,True,0.0,4.0,0.0,685.0,1779.0,Dilatik Semootor,False
5769_02,Europa,True,B/194/P,55 Cancri e,19.0,False,0.0,0.0,0.0,0.0,0.0,Muonon Oppont,True
0691_03,Mars,True,E/49/S,TRAPPIST-1e,23.0,False,0.0,0.0,0.0,0.0,0.0,Moss Potte,True
3036_01,Earth,False,F/634/P,PSO J318.5-22,57.0,False,506.0,0.0,1.0,178.0,0.0,Penne Booneid,False
2940_01,Earth,False,F/615/P,PSO J318.5-22,23.0,False,5.0,308.0,363.0,7.0,0.0,Melica Casonston,True
2306_05,Europa,True,C/82/P,55 Cancri e,48.0,False,0.0,0.0,0.0,0.0,0.0,Bram Colensid,True
4569_02,Europa,,B/151/P,55 Cancri e,37.0,False,0.0,2235.0,7.0,4098.0,89.0,Aldah Honchoe,False
4181_01,Europa,False,C/133/P,TRAPPIST-1e,4.0,False,0.0,0.0,0.0,0.0,0.0,Okulas Frattyring,True
1324_03,Earth,True,G/199/S,TRAPPIST-1e,43.0,False,0.0,0.0,0.0,0.0,0.0,Lewise Gilleyons,True
2280_01,Europa,False,B/92/S,TRAPPIST-1e,18.0,False,20.0,1064.0,0.0,0.0,11643.0,Lesat Femoused,False
4404_01,Earth,,G/726/P,TRAPPIST-1e,38.0,False,,2.0,404.0,121.0,0.0,Lis Scotterkins,False
6394_03,Earth,True,G/1037/S,TRAPPIST-1e,36.0,False,0.0,0.0,0.0,0.0,0.0,Ale Alberts,True
6840_01,Mars,True,F/1422/P,TRAPPIST-1e,26.0,False,0.0,0.0,0.0,0.0,0.0,Clow Sake,True
6024_01,Earth,True,G/975/P,PSO J318.5-22,16.0,False,0.0,,0.0,0.0,0.0,Carlie Fowlaney,True
0068_01,Mars,False,E/4/S,TRAPPIST-1e,,False,793.0,0.0,2.0,253.0,0.0,Cinst Binie,False
2743_01,Earth,False,F/528/S,TRAPPIST-1e,15.0,False,746.0,0.0,2.0,0.0,11.0,Nelle Gregordy,False
1640_01,Earth,False,G/262/P,TRAPPIST-1e,21.0,False,305.0,0.0,1.0,618.0,2.0,Essara Scotterkins,True
3315_01,Earth,,F/627/S,TRAPPIST-1e,15.0,False,10.0,0.0,99.0,,2031.0,,False
5987_01,Earth,False,G/973/S,TRAPPIST-1e,29.0,False,0.0,5.0,6.0,0.0,,Searla Stannondez,True
4710_01,Mars,False,F/958/P,TRAPPIST-1e,22.0,False,130.0,15.0,2454.0,0.0,0.0,Lift Cread,True
1294_03,Europa,False,A/14/S,TRAPPIST-1e,28.0,True,,0.0,,0.0,0.0,Dscheat Gulcepusy,False
5292_01,Europa,False,C/206/S,TRAPPIST-1e,25.0,False,0.0,4313.0,0.0,175.0,60.0,Celavar Galoquid,True
8789_01,Earth,False,G/1417/S,55 Cancri e,4.0,False,0.0,0.0,0.0,0.0,0.0,Hollie Cartez,False
6744_02,Mars,False,F/1399/P,TRAPPIST-1e,38.0,False,1717.0,16.0,39.0,0.0,48.0,Ane Nan,False
3428_02,Europa,False,C/113/P,TRAPPIST-1e,27.0,False,0.0,18481.0,0.0,2.0,3875.0,Terope Cumpting,True
2580_01,Earth,False,G/412/S,TRAPPIST-1e,24.0,False,19.0,676.0,0.0,26.0,0.0,Gretty Pentss,False
3071_01,Europa,True,B/113/S,TRAPPIST-1e,16.0,False,,0.0,0.0,0.0,0.0,Saiphda Cracionfic,True
4927_02,Mars,True,F/937/S,TRAPPIST-1e,22.0,False,0.0,0.0,0.0,0.0,0.0,Naish Brele,True
6095_01,Mars,False,D/192/P,TRAPPIST-1e,29.0,False,3564.0,0.0,802.0,0.0,0.0,Crin Rapie,False
4083_01,Europa,False,C/146/S,TRAPPIST-1e,21.0,False,0.0,6190.0,1828.0,7.0,35.0,Tauvaah Clarty,True
3425_01,Europa,False,E/234/S,TRAPPIST-1e,31.0,False,0.0,1216.0,0.0,897.0,478.0,Enib Spopting,False
7940_01,Earth,False,F/1521/S,TRAPPIST-1e,40.0,False,580.0,0.0,447.0,6.0,0.0,Camiet Hinglendez,False
1651_02,Earth,False,G/266/P,55 Cancri e,3.0,False,0.0,0.0,0.0,0.0,0.0,Ebonyd Lynnerett,True
5458_01,Earth,False,E/351/S,TRAPPIST-1e,24.0,False,0.0,0.0,980.0,7.0,0.0,Wandy Diazarez,False
7791_01,Earth,False,F/1491/S,55 Cancri e,64.0,False,19.0,261.0,208.0,0.0,214.0,Nadie Owerson,False
1967_01,Earth,True,G/318/P,TRAPPIST-1e,30.0,,0.0,0.0,0.0,0.0,0.0,Megany Humphreyes,True
5827_01,Earth,False,G/945/S,TRAPPIST-1e,53.0,False,0.0,68.0,0.0,920.0,4.0,Anthia Willangsey,True
0222_02,Mars,True,F/41/S,TRAPPIST-1e,24.0,False,0.0,0.0,0.0,0.0,0.0,Colf Deva,True
5133_02,Earth,True,G/829/P,PSO J318.5-22,24.0,False,0.0,0.0,0.0,0.0,0.0,Hene Litthews,False
3406_01,Europa,False,C/112/P,TRAPPIST-1e,49.0,False,0.0,104.0,809.0,3668.0,7.0,Iononus Metiveal,False
1093_01,Mars,False,D/42/P,TRAPPIST-1e,23.0,False,1862.0,59.0,18.0,192.0,0.0,Beass Winie,True
1785_01,Mars,True,E/107/P,55 Cancri e,31.0,False,0.0,0.0,0.0,,0.0,Miten Kniva,False
5347_01,Europa,False,C/169/P,TRAPPIST-1e,18.0,False,0.0,3770.0,0.0,287.0,3491.0,Anton Caljoiry,False
1051_01,Earth,False,F/197/S,TRAPPIST-1e,21.0,False,2.0,447.0,81.0,74.0,,Frandy Warrison,False
0585_02,Mars,True,F/120/P,TRAPPIST-1e,5.0,False,0.0,0.0,0.0,0.0,0.0,Sugard Fone,True
7347_01,Earth,False,G/1179/P,55 Cancri e,58.0,False,0.0,435.0,2.0,0.0,239.0,Neilda Bardsey,False
5938_02,Earth,True,G/967/S,TRAPPIST-1e,,False,0.0,0.0,0.0,0.0,0.0,Blancy Floydendley,True
7623_01,Earth,False,G/1223/P,TRAPPIST-1e,40.0,False,0.0,0.0,84.0,798.0,0.0,Ricia Valexandez,False
8581_01,Europa,True,C/323/S,TRAPPIST-1e,25.0,True,0.0,0.0,0.0,0.0,0.0,Kitauva Fawnsive,True
7549_01,Earth,False,E/489/P,TRAPPIST-1e,22.0,False,0.0,19.0,1468.0,2.0,119.0,Beula Beangley,True
3539_01,Earth,False,E/239/S,TRAPPIST-1e,31.0,False,1.0,110.0,274.0,27.0,376.0,Olly Edwartizman,False
5060_01,Europa,True,C/157/P,55 Cancri e,41.0,False,0.0,0.0,0.0,0.0,0.0,Algork Honatte,True
5220_01,Mars,False,D/165/P,TRAPPIST-1e,21.0,False,2206.0,0.0,353.0,0.0,19.0,Jackok Cooki,False
7097_04,Europa,False,A/75/P,55 Cancri e,33.0,True,0.0,16.0,12.0,2349.0,12.0,Sulah Poilsive,False
1362_01,Earth,False,F/265/S,TRAPPIST-1e,23.0,False,0.0,1268.0,0.0,119.0,2.0,,False
6831_01,Earth,True,G/1111/P,TRAPPIST-1e,,False,0.0,0.0,0.0,0.0,0.0,Violan Holson,False
6047_01,Earth,False,G/985/S,PSO J318.5-22,35.0,False,508.0,0.0,0.0,57.0,243.0,Sanney Russon,True
8741_03,Europa,False,A/91/P,TRAPPIST-1e,49.0,False,4.0,44.0,1401.0,1043.0,0.0,Hyaduma Stichseary,False
5447_01,Mars,True,F/1126/P,55 Cancri e,17.0,False,0.0,0.0,0.0,0.0,0.0,Sug Dutty,True
7763_01,Earth,False,G/1254/S,55 Cancri e,14.0,,325.0,0.0,19.0,506.0,2.0,Dessie Lewinez,False
1193_01,Europa,True,B/50/S,TRAPPIST-1e,16.0,False,0.0,0.0,0.0,0.0,0.0,Eleonon Presstic,True
3085_01,Earth,,G/504/P,TRAPPIST-1e,73.0,False,0.0,0.0,0.0,153.0,556.0,Coracy Briggins,False
5575_02,Mars,True,F/1156/P,TRAPPIST-1e,34.0,False,0.0,0.0,0.0,0.0,0.0,Heers Nacke,True
0995_01,Europa,True,C/36/P,55 Cancri e,46.0,False,0.0,0.0,0.0,0.0,0.0,Chabik Barmant,True
5601_03,Earth,False,,55 Cancri e,4.0,False,0.0,0.0,0.0,0.0,0.0,Jacque Vandan,True
1528_01,Mars,False,D/50/P,55 Cancri e,18.0,False,3992.0,673.0,1360.0,2.0,0.0,Eang Madan,True
2161_01,Mars,True,F/429/P,TRAPPIST-1e,43.0,False,0.0,0.0,0.0,0.0,0.0,Poselk Sidie,True
3048_01,Mars,True,E/200/S,TRAPPIST-1e,25.0,False,0.0,0.0,0.0,,0.0,Mitch Canie,False
4603_02,Europa,False,C/171/S,TRAPPIST-1e,36.0,False,1.0,5234.0,343.0,277.0,12682.0,Kabih Namsheary,False
6334_03,Earth,False,G/1028/S,55 Cancri e,12.0,False,0.0,0.0,0.0,0.0,0.0,Tonnie Simmonders,True
3313_01,Europa,True,B/122/S,55 Cancri e,49.0,False,0.0,0.0,0.0,0.0,0.0,Maasyma Cientteng,True
8287_01,Mars,False,E/542/S,TRAPPIST-1e,21.0,False,1242.0,0.0,654.0,0.0,0.0,Toat Nanie,False
7080_01,Earth,True,G/1140/P,55 Cancri e,37.0,False,0.0,0.0,0.0,0.0,0.0,Jonaye Carpennels,True
3312_01,Europa,False,E/203/P,TRAPPIST-1e,30.0,False,0.0,1076.0,0.0,3725.0,9.0,Alathim Waring,False
6111_03,Europa,True,,55 Cancri e,21.0,False,0.0,0.0,0.0,0.0,0.0,Ainkard Folumorly,True
5575_01,Mars,False,F/1156/P,TRAPPIST-1e,44.0,False,583.0,0.0,222.0,0.0,1560.0,Bares Nacke,False
2756_01,Mars,False,F/572/P,55 Cancri e,23.0,False,253.0,0.0,0.0,888.0,0.0,Guink Corte,False
2366_01,Mars,True,F/482/P,TRAPPIST-1e,35.0,False,0.0,0.0,0.0,0.0,0.0,Almone Raste,False
1774_01,Mars,True,E/135/S,TRAPPIST-1e,30.0,False,0.0,0.0,0.0,0.0,0.0,Anakes Canie,True
5205_03,Earth,,G/845/S,TRAPPIST-1e,3.0,False,0.0,0.0,0.0,0.0,0.0,Dorene Roachez,True
7550_01,Earth,True,G/1216/P,PSO J318.5-22,18.0,False,0.0,0.0,0.0,0.0,0.0,Davis Bardinard,True
1836_01,Earth,False,F/362/P,TRAPPIST-1e,23.0,False,1639.0,1218.0,0.0,1.0,0.0,Ronne Meleon,True
4911_01,Earth,False,F/998/P,TRAPPIST-1e,18.0,False,0.0,0.0,0.0,702.0,0.0,Adriet Hughriend,False
2582_01,Earth,False,G/415/P,TRAPPIST-1e,22.0,False,98.0,0.0,46.0,641.0,0.0,Kayd Chardsons,False
2006_03,Earth,True,G/317/S,TRAPPIST-1e,2.0,False,0.0,0.0,0.0,0.0,0.0,Joana Moorez,False
2264_01,Earth,False,F/442/S,TRAPPIST-1e,39.0,False,0.0,0.0,13.0,0.0,868.0,Lanedy Youngrayes,True
5072_02,Earth,True,G/817/P,PSO J318.5-22,14.0,False,0.0,0.0,0.0,0.0,0.0,Melica Saley,False
5563_01,Europa,True,C/176/P,TRAPPIST-1e,26.0,False,0.0,0.0,0.0,0.0,0.0,Maham Cattyried,True
5693_01,Earth,False,F/1087/S,TRAPPIST-1e,45.0,False,0.0,0.0,2332.0,84.0,0.0,Hellia Blacks,True
3459_01,Earth,True,G/560/S,TRAPPIST-1e,36.0,False,0.0,0.0,0.0,0.0,0.0,Herry Hutchinton,True
0668_01,Earth,False,F/142/P,TRAPPIST-1e,45.0,False,0.0,25.0,87.0,989.0,482.0,Rician Torrez,False
8728_06,Earth,True,G/1416/P,PSO J318.5-22,32.0,False,0.0,0.0,0.0,0.0,0.0,Kendy Fulloydez,False
8969_01,Europa,False,C/299/P,55 Cancri e,21.0,False,0.0,846.0,4407.0,0.0,2491.0,Achiram Turtertive,True
8130_01,Earth,True,G/1308/S,TRAPPIST-1e,23.0,False,0.0,0.0,0.0,0.0,0.0,Morrie Mcbriddley,False
3301_04,Earth,,G/525/S,TRAPPIST-1e,20.0,False,0.0,0.0,0.0,0.0,0.0,Lulah Domington,True
1187_03,Earth,False,G/184/S,TRAPPIST-1e,11.0,False,0.0,0.0,0.0,0.0,0.0,Stace Matts,False
8272_02,Mars,True,F/1587/S,TRAPPIST-1e,4.0,False,0.0,0.0,0.0,0.0,0.0,Mesh Fache,True
9108_01,Earth,True,G/1468/S,TRAPPIST-1e,44.0,False,0.0,0.0,0.0,0.0,0.0,Julion Shawforden,True
8970_01,Europa,False,C/300/P,55 Cancri e,28.0,False,,3751.0,0.0,5025.0,11741.0,Batomam Clugeammy,False
3774_02,Earth,True,G/617/P,TRAPPIST-1e,18.0,False,0.0,0.0,0.0,0.0,0.0,Nelly Willy,False
6367_02,Mars,False,F/1215/S,55 Cancri e,18.0,False,114.0,131.0,927.0,0.0,0.0,Cank Botte,True
4010_01,Earth,True,G/658/P,TRAPPIST-1e,38.0,False,0.0,0.0,0.0,0.0,0.0,Florey Sweeton,False
4315_02,Earth,,G/710/P,TRAPPIST-1e,20.0,False,0.0,0.0,0.0,0.0,0.0,Monard Hammonton,True
8487_01,Europa,,C/282/P,55 Cancri e,32.0,True,65.0,,0.0,88.0,9811.0,Kajamak Boderbint,False
6354_01,Earth,False,F/1315/P,TRAPPIST-1e,48.0,False,410.0,2108.0,0.0,0.0,0.0,Megany Carreralend,True
4023_01,Earth,False,E/246/P,TRAPPIST-1e,27.0,False,1.0,355.0,757.0,0.0,,Franda Torrez,False
2117_01,Europa,False,,TRAPPIST-1e,31.0,False,0.0,8718.0,0.0,13036.0,267.0,Azet Rocketedy,False
5420_01,Earth,False,F/1036/S,TRAPPIST-1e,39.0,False,0.0,829.0,0.0,1.0,0.0,Gayla Merrelliss,True
6376_01,Mars,True,F/1217/S,55 Cancri e,26.0,False,0.0,0.0,0.0,0.0,0.0,Cird Barte,True
8503_03,Europa,True,B/279/P,55 Cancri e,18.0,False,0.0,0.0,0.0,0.0,0.0,Tabdhib Coweboded,True
2971_01,Europa,False,T/3/P,TRAPPIST-1e,38.0,False,0.0,3135.0,0.0,26.0,3.0,Pent Sessiouse,True
2123_01,Earth,True,G/342/P,PSO J318.5-22,23.0,False,0.0,0.0,0.0,0.0,0.0,Dianya Johnsondez,False
2365_01,Europa,True,D/71/P,TRAPPIST-1e,50.0,False,0.0,0.0,,0.0,0.0,Spuri Clunic,True
0503_03,Mars,False,E/31/S,TRAPPIST-1e,42.0,False,1246.0,35.0,16.0,0.0,0.0,Pios Fone,False
3091_02,Europa,True,D/102/S,TRAPPIST-1e,26.0,False,,0.0,0.0,0.0,0.0,Shaiaz Wingcoling,True
4166_01,Europa,True,B/132/P,55 Cancri e,45.0,False,0.0,0.0,0.0,0.0,0.0,Thabius Stacketent,True
2721_01,Earth,False,F/563/P,PSO J318.5-22,25.0,False,21.0,746.0,55.0,0.0,4.0,Jodia Rigginson,False
5546_01,Europa,False,D/176/P,55 Cancri e,28.0,False,550.0,5203.0,0.0,2244.0,1624.0,Wasatan Brathful,False
3020_01,Europa,False,B/112/S,TRAPPIST-1e,37.0,False,0.0,216.0,0.0,5391.0,3372.0,Tard Monfulewss,False
4216_01,Europa,True,B/134/P,TRAPPIST-1e,65.0,False,0.0,0.0,0.0,0.0,0.0,Rotan Dratembid,True
7946_01,Earth,False,F/1645/P,PSO J318.5-22,24.0,False,0.0,0.0,604.0,0.0,91.0,Elly Hooperez,True
5175_01,Earth,False,G/834/P,TRAPPIST-1e,21.0,False,582.0,0.0,0.0,148.0,53.0,Andice Maystuarey,False
0008_03,Europa,False,B/1/P,55 Cancri e,45.0,False,39.0,7295.0,589.0,110.0,124.0,Wezena Flatic,True
3747_02,Europa,True,B/118/P,TRAPPIST-1e,26.0,False,0.0,0.0,0.0,0.0,0.0,Lesat Brakebarne,True
4796_01,Mars,False,,TRAPPIST-1e,13.0,False,21.0,0.0,1564.0,0.0,1.0,Fis Cre,True
4186_01,Earth,True,G/685/S,55 Cancri e,17.0,False,0.0,0.0,0.0,0.0,0.0,Clard Dickley,True
2238_01,Europa,True,A/28/S,55 Cancri e,25.0,False,0.0,0.0,0.0,0.0,0.0,Wasalm Droning,True
5384_01,Europa,False,A/65/S,TRAPPIST-1e,34.0,True,0.0,5210.0,0.0,1332.0,2.0,Polam Dinger,True
4324_02,Mars,True,F/810/S,TRAPPIST-1e,24.0,False,0.0,0.0,0.0,0.0,0.0,Wheal Krake,True
0984_05,Earth,False,F/182/S,55 Cancri e,20.0,False,0.0,11.0,0.0,136.0,1088.0,Greggy Sweekstarks,False
6433_01,Mars,False,D/193/S,55 Cancri e,53.0,False,83.0,0.0,1590.0,60.0,0.0,Permit Prité,True
3124_01,Mars,True,F/648/P,TRAPPIST-1e,12.0,False,0.0,0.0,0.0,0.0,0.0,Stax Hapie,True
5348_01,Mars,False,D/168/P,TRAPPIST-1e,26.0,False,164.0,0.0,853.0,0.0,39.0,Money Sache,True
2074_01,Europa,False,D/69/S,TRAPPIST-1e,24.0,False,1289.0,3343.0,0.0,4996.0,729.0,Sadir Alaring,False
8346_01,Earth,False,F/1718/P,TRAPPIST-1e,,False,41.0,23.0,63.0,0.0,647.0,Stelle Woodwinez,False
8511_01,Earth,False,G/1365/S,PSO J318.5-22,51.0,False,590.0,28.0,73.0,0.0,82.0,Craine Moreman,False
0244_02,Mars,True,F/47/S,55 Cancri e,14.0,,0.0,0.0,0.0,0.0,0.0,Tous Sad,True
0122_01,Earth,False,G/21/S,TRAPPIST-1e,29.0,False,0.0,0.0,0.0,699.0,74.0,Shelle Hayder,False
4134_01,,True,,TRAPPIST-1e,40.0,False,0.0,0.0,0.0,0.0,0.0,Cird Datty,True
0772_01,Europa,False,E/56/S,55 Cancri e,37.0,False,0.0,16.0,325.0,4476.0,1359.0,Minoton Hednigic,False
1033_01,Earth,True,G/154/P,TRAPPIST-1e,61.0,False,0.0,0.0,0.0,0.0,0.0,Ericky Gonzaley,True
4909_01,Earth,False,F/997/P,55 Cancri e,59.0,False,460.0,139.0,0.0,1.0,0.0,Evane Franey,False
0504_04,Europa,False,B/19/S,TRAPPIST-1e,64.0,False,0.0,1737.0,11.0,401.0,752.0,Tauria Unpasine,False
5489_01,Earth,True,G/881/P,TRAPPIST-1e,14.0,False,0.0,0.0,0.0,0.0,,Glendy Welles,True
3386_01,Mars,True,F/641/S,TRAPPIST-1e,44.0,False,0.0,0.0,0.0,0.0,0.0,Peefox Datie,True
7221_01,Europa,False,B/239/P,55 Cancri e,54.0,True,0.0,316.0,1.0,2038.0,388.0,Sulatik Sonofmory,False
0571_05,Europa,True,C/21/P,55 Cancri e,16.0,False,0.0,0.0,0.0,0.0,0.0,Polam Ousious,True
8397_01,Earth,False,G/1371/P,PSO J318.5-22,22.0,False,2.0,104.0,404.0,0.0,0.0,Kendy Daughessey,True
2237_01,Europa,False,C/83/S,55 Cancri e,28.0,False,0.0,162.0,741.0,3733.0,99.0,Skatik Fushausive,True
8000_02,Earth,True,G/1292/S,TRAPPIST-1e,14.0,False,0.0,0.0,0.0,0.0,0.0,Patsyn Bucklandez,True
3895_03,Mars,False,E/233/P,TRAPPIST-1e,5.0,False,0.0,0.0,0.0,0.0,0.0,Cranch Anpie,True
5414_05,Earth,True,G/872/P,PSO J318.5-22,20.0,False,0.0,0.0,0.0,0.0,0.0,Becca Buckentry,True
8860_03,Mars,True,F/1825/P,TRAPPIST-1e,21.0,False,0.0,0.0,0.0,0.0,0.0,Mulk Vloaf,True
6493_01,Earth,True,G/1050/P,PSO J318.5-22,18.0,False,0.0,0.0,0.0,0.0,0.0,Terald Dillips,True
3547_01,Mars,False,D/112/S,55 Cancri e,21.0,False,1099.0,,1820.0,0.0,0.0,Smarve Canie,False
0904_01,Europa,False,C/33/P,TRAPPIST-1e,44.0,False,0.0,2792.0,0.0,148.0,1043.0,Wein Alcemblery,False
6557_01,Europa,False,E/417/P,55 Cancri e,38.0,False,0.0,201.0,0.0,1308.0,4085.0,Batares Airdring,False
0529_01,Earth,True,G/81/P,PSO J318.5-22,26.0,False,0.0,0.0,0.0,0.0,0.0,Ericia Sellahaney,False
1260_01,Earth,True,G/186/P,PSO J318.5-22,22.0,False,0.0,0.0,0.0,0.0,0.0,Glena Scotterkins,True
3555_01,Earth,False,F/735/P,TRAPPIST-1e,28.0,False,766.0,0.0,1.0,258.0,26.0,Gwendy Sykess,True
6729_02,Europa,True,A/82/S,55 Cancri e,48.0,False,0.0,0.0,0.0,0.0,0.0,Izarkar Dedometeel,True
1604_01,Earth,False,G/257/P,TRAPPIST-1e,24.0,False,2.0,3.0,0.0,616.0,161.0,Dellie Rostarks,False
1511_04,Europa,False,B/63/S,55 Cancri e,31.0,False,65.0,2121.0,0.0,6431.0,1.0,Winon Whealeed,False
5271_01,Earth,False,F/1075/P,TRAPPIST-1e,28.0,False,89.0,3.0,571.0,258.0,0.0,Kimmie Thony,False
7359_01,Earth,False,E/492/S,PSO J318.5-22,21.0,False,0.0,434.0,0.0,75.0,135.0,Ellana Jenson,True
4204_02,Earth,False,G/691/P,TRAPPIST-1e,7.0,False,0.0,0.0,0.0,0.0,0.0,Rald Avisnydes,False
8523_01,Europa,False,C/320/S,55 Cancri e,56.0,False,53.0,3033.0,0.0,140.0,6102.0,Weiaham Vendeck,False
7140_01,Earth,False,F/1371/S,TRAPPIST-1e,18.0,False,0.0,10.0,0.0,0.0,738.0,Ninald Fryersonis,False
6806_01,Earth,False,G/1104/S,TRAPPIST-1e,39.0,False,14.0,583.0,310.0,0.0,0.0,Anniey Gallenry,True
4981_02,Earth,,G/814/S,PSO J318.5-22,29.0,False,0.0,0.0,0.0,0.0,0.0,Millia Connon,True
3489_01,Mars,,F/719/P,TRAPPIST-1e,28.0,False,274.0,0.0,693.0,944.0,0.0,Munda Onpie,False
6910_01,Earth,False,G/1124/S,TRAPPIST-1e,49.0,False,173.0,0.0,18.0,580.0,1.0,Carry Johnsondez,False
1285_01,Earth,False,F/258/P,55 Cancri e,36.0,False,286.0,415.0,16.0,0.0,0.0,Ricia Weaverays,False
2387_01,Earth,False,E/142/P,TRAPPIST-1e,58.0,False,,400.0,0.0,690.0,490.0,Debony Estiagosen,True
5740_01,Europa,False,A/52/P,TRAPPIST-1e,42.0,False,0.0,16.0,0.0,144.0,7492.0,Minopus Cattle,False
1442_01,Earth,True,G/220/S,PSO J318.5-22,13.0,False,0.0,0.0,0.0,0.0,0.0,Leenny Pughanders,True
5916_01,Earth,False,E/383/S,,19.0,False,2.0,3.0,450.0,204.0,0.0,Marky Meltonway,True
0220_06,Earth,False,G/37/P,55 Cancri e,1.0,False,0.0,0.0,0.0,0.0,0.0,Weney Wilsoney,False
1144_02,Earth,False,F/217/S,TRAPPIST-1e,35.0,False,482.0,0.0,884.0,0.0,30.0,Carlie Barnolderg,False
8049_01,Earth,False,G/1301/P,TRAPPIST-1e,22.0,False,6.0,21.0,0.0,782.0,0.0,Bonya Workmans,False
2452_01,Earth,False,F/470/S,55 Cancri e,42.0,False,526.0,2.0,28.0,161.0,,Lorey Wiggs,False
6262_01,Mars,True,F/1293/P,TRAPPIST-1e,22.0,False,0.0,0.0,0.0,0.0,0.0,Jetax Pane,True
8589_01,Europa,False,D/267/P,55 Cancri e,26.0,False,6.0,728.0,0.0,1273.0,1116.0,Gacrab Gealter,False
7458_01,Earth,True,G/1211/S,TRAPPIST-1e,64.0,False,0.0,0.0,0.0,0.0,0.0,Fayey Vincenton,False
5520_01,Earth,False,G/890/S,TRAPPIST-1e,56.0,False,0.0,4.0,778.0,0.0,0.0,Vanard Nasquez,True
2581_02,Earth,False,F/531/P,TRAPPIST-1e,22.0,False,26.0,0.0,0.0,0.0,733.0,Ianya Conney,False
0877_01,Europa,True,C/30/P,55 Cancri e,33.0,False,0.0,0.0,0.0,0.0,0.0,Hallus Covetive,True
4555_01,Earth,False,G/743/S,TRAPPIST-1e,21.0,False,29.0,27.0,47.0,694.0,11.0,Claine Wiggs,False
1238_01,Europa,False,C/50/S,TRAPPIST-1e,26.0,False,0.0,1026.0,3301.0,831.0,356.0,Merops Pronfraked,True
8633_01,Earth,False,F/1665/S,TRAPPIST-1e,17.0,False,2.0,33.0,97.0,553.0,,Jenne Daughessey,False
8088_02,Mars,False,F/1670/P,TRAPPIST-1e,23.0,True,3.0,0.0,0.0,1677.0,,Varkes Kart,False
8817_01,Earth,False,G/1426/P,TRAPPIST-1e,19.0,False,586.0,10.0,0.0,30.0,0.0,Yola Mirezavis,False
2725_01,Earth,False,F/565/P,TRAPPIST-1e,40.0,False,0.0,0.0,362.0,272.0,0.0,Helle Bucknersony,False
7438_01,Earth,False,E/483/P,55 Cancri e,42.0,False,0.0,279.0,30.0,409.0,0.0,Gaylah Hanner,True
1725_01,Earth,False,F/328/S,TRAPPIST-1e,24.0,False,0.0,201.0,0.0,0.0,603.0,Breney Wheelez,False
7152_01,Earth,False,G/1167/S,TRAPPIST-1e,8.0,False,0.0,0.0,0.0,0.0,0.0,Diandi Domington,True
6928_02,Earth,False,G/1128/S,TRAPPIST-1e,11.0,False,0.0,0.0,0.0,0.0,0.0,Jodye Bookerson,False
5663_01,Europa,False,A/71/S,TRAPPIST-1e,33.0,False,0.0,1513.0,5.0,63.0,144.0,Alsuud Ressing,True
2650_01,Earth,True,G/431/P,TRAPPIST-1e,36.0,False,0.0,0.0,0.0,0.0,0.0,Artis Casonston,False
2983_01,Earth,False,E/183/P,TRAPPIST-1e,13.0,False,0.0,0.0,31.0,0.0,810.0,Mamina Monsoney,True
6786_01,Earth,False,F/1410/P,PSO J318.5-22,23.0,False,8.0,173.0,0.0,1052.0,0.0,Jeret Hendrewsons,False
6779_03,Europa,True,B/258/S,TRAPPIST-1e,44.0,False,0.0,0.0,0.0,0.0,0.0,Tabanar Stioutody,True
8279_01,Earth,False,G/1349/P,TRAPPIST-1e,31.0,False,0.0,4334.0,55.0,56.0,,Monah Villenson,True
2519_01,Earth,False,F/485/S,TRAPPIST-1e,24.0,False,172.0,775.0,344.0,0.0,0.0,Lyde Whitez,True
6623_01,,True,B/218/P,55 Cancri e,38.0,False,,0.0,0.0,0.0,0.0,Saxinon Geraing,True
6111_02,Europa,False,A/58/P,TRAPPIST-1e,32.0,False,0.0,0.0,0.0,4588.0,0.0,Fomalik Folumorly,False
6248_01,Earth,True,G/1012/S,55 Cancri e,10.0,False,0.0,0.0,0.0,0.0,0.0,Jonaye Griffince,True
5389_02,Mars,False,F/1106/P,TRAPPIST-1e,32.0,,2497.0,0.0,101.0,0.0,0.0,Swink Prity,False
7126_01,Earth,False,F/1366/S,,29.0,False,3.0,0.0,664.0,683.0,34.0,Ivaney Giller,False
4082_01,Mars,False,E/252/P,TRAPPIST-1e,22.0,False,0.0,0.0,0.0,0.0,0.0,Gray Cres,False
7479_01,Mars,True,F/1429/S,TRAPPIST-1e,34.0,False,0.0,0.0,0.0,0.0,0.0,Muffs Berte,True
2384_03,Earth,False,G/383/S,55 Cancri e,11.0,False,0.0,0.0,0.0,0.0,0.0,Cathya Pollarkeeks,True
8060_02,Mars,True,F/1541/S,TRAPPIST-1e,37.0,False,0.0,0.0,0.0,0.0,0.0,Colatz Chman,True
0583_02,Mars,True,F/109/S,TRAPPIST-1e,0.0,False,0.0,0.0,0.0,0.0,0.0,Beeres Erle,True
4938_01,Earth,False,G/804/S,55 Cancri e,20.0,False,0.0,0.0,847.0,0.0,0.0,Lynnee Traverdy,True
8494_01,Mars,False,E/543/P,TRAPPIST-1e,42.0,False,770.0,0.0,1301.0,,0.0,Cines Bota,True
4392_01,Earth,False,G/714/S,55 Cancri e,13.0,False,38.0,0.0,0.0,733.0,0.0,Regana Steeletters,False
1210_02,Earth,False,G/179/P,TRAPPIST-1e,23.0,False,393.0,510.0,0.0,0.0,5.0,Done Brooker,False
0229_01,Earth,False,F/43/S,TRAPPIST-1e,24.0,False,4.0,7.0,0.0,713.0,79.0,Done Sellahaney,False
3561_02,Mars,False,D/118/P,TRAPPIST-1e,17.0,False,1617.0,0.0,1777.0,0.0,0.0,Wase Stpie,True
8719_03,Europa,,A/104/S,55 Cancri e,20.0,False,0.0,0.0,0.0,0.0,0.0,Edaron Invebodene,True
4706_01,Earth,True,G/762/P,TRAPPIST-1e,30.0,False,0.0,0.0,0.0,0.0,0.0,Andra Medington,False
6263_01,Europa,True,B/213/P,55 Cancri e,17.0,False,0.0,0.0,0.0,0.0,0.0,Sadaton Craleve,True
4518_01,Earth,False,G/740/P,TRAPPIST-1e,49.0,False,820.0,1.0,690.0,292.0,13.0,Dennya Juartis,False
1186_04,Earth,False,F/227/S,TRAPPIST-1e,48.0,False,0.0,33.0,654.0,0.0,113.0,Oraryn Browlerson,True
4262_02,Europa,False,C/135/P,55 Cancri e,26.0,False,1.0,1269.0,4790.0,270.0,5116.0,Weid Derterval,False
5814_07,Mars,True,D/176/S,,39.0,False,0.0,0.0,0.0,0.0,0.0,Naffsh Bine,True
8168_06,Earth,False,G/1316/S,TRAPPIST-1e,18.0,False,0.0,858.0,2.0,,0.0,Camina Carpentley,True
6668_01,Earth,False,G/1089/S,TRAPPIST-1e,68.0,False,0.0,0.0,649.0,0.0,239.0,,True
1599_01,Europa,True,C/58/P,TRAPPIST-1e,19.0,False,0.0,0.0,,0.0,0.0,Giedion Drelcate,True
6885_01,Mars,True,F/1316/S,TRAPPIST-1e,46.0,False,,0.0,0.0,0.0,0.0,Whee Vloaf,True
1733_01,Earth,False,F/344/P,TRAPPIST-1e,15.0,False,1336.0,108.0,0.0,0.0,0.0,Stevey Chanan,False
9202_01,Europa,False,C/309/P,TRAPPIST-1e,26.0,False,8586.0,77.0,114.0,29.0,4.0,Alark Eguing,False
6274_01,Mars,True,F/1203/S,TRAPPIST-1e,13.0,False,0.0,0.0,0.0,0.0,0.0,Lidex Brie,True
8329_01,Earth,True,G/1357/P,TRAPPIST-1e,22.0,False,0.0,0.0,0.0,0.0,0.0,Jeron Ington,False
3440_01,Earth,False,G/565/P,TRAPPIST-1e,17.0,False,0.0,83.0,0.0,0.0,943.0,Nice Bertiz,False
2499_01,Europa,True,C/89/S,55 Cancri e,27.0,False,0.0,0.0,0.0,0.0,0.0,Minus Valindle,True
4904_01,Earth,False,E/317/S,TRAPPIST-1e,44.0,False,2.0,0.0,0.0,788.0,0.0,Tamin Willynnedy,False
0456_01,Earth,False,F/83/S,TRAPPIST-1e,55.0,False,210.0,185.0,188.0,59.0,73.0,Lulah Hinetthews,False
4642_01,Europa,False,C/178/S,TRAPPIST-1e,41.0,False,0.0,412.0,0.0,4030.0,0.0,Sadach Cluted,False
1233_01,Earth,True,G/184/P,PSO J318.5-22,22.0,False,0.0,0.0,0.0,0.0,0.0,Aarone Burryerson,True
6970_02,Mars,False,E/465/S,,29.0,False,456.0,230.0,363.0,0.0,0.0,Coakey Pread,False
4836_02,Mars,False,F/911/S,TRAPPIST-1e,29.0,True,20.0,,1902.0,0.0,3.0,Quid Sidne,True
3692_01,Earth,False,G/598/P,TRAPPIST-1e,26.0,False,808.0,60.0,0.0,16.0,3.0,Kell Mcmahoney,False
7609_01,Europa,False,A/83/P,55 Cancri e,40.0,True,0.0,21.0,0.0,1503.0,1392.0,Astorux Reeddommy,False
7693_01,Europa,False,B/252/P,TRAPPIST-1e,36.0,False,0.0,2979.0,0.0,68.0,347.0,Cherrak Roftfuling,True
0330_01,Europa,False,C/14/S,TRAPPIST-1e,2.0,False,0.0,0.0,0.0,0.0,0.0,Bellah Siveduced,True
5727_01,Earth,False,G/920/P,55 Cancri e,28.0,False,0.0,0.0,0.0,711.0,0.0,Kenny Santin,False
0691_02,Mars,False,F/123/S,TRAPPIST-1e,21.0,False,505.0,0.0,1952.0,0.0,0.0,Fis Potte,False
2177_01,Mars,True,F/435/P,TRAPPIST-1e,53.0,False,0.0,0.0,0.0,,0.0,Clech Colle,True
0901_01,Mars,False,F/167/S,TRAPPIST-1e,32.0,False,47.0,0.0,2552.0,0.0,0.0,Grake Porki,True
7338_01,Mars,False,D/233/P,TRAPPIST-1e,42.0,False,1318.0,0.0,1386.0,,,Jumars Colte,False
1079_01,Earth,False,G/163/P,55 Cancri e,41.0,False,638.0,0.0,133.0,0.0,,Helean Traverdy,False
6020_03,Earth,False,G/974/P,TRAPPIST-1e,10.0,False,0.0,0.0,0.0,0.0,0.0,Timyra Hanner,False
2055_04,Earth,False,G/330/P,TRAPPIST-1e,6.0,False,0.0,0.0,0.0,0.0,0.0,Lesley Woodwinez,True
7736_01,Mars,False,E/502/P,TRAPPIST-1e,27.0,False,1730.0,0.0,379.0,5.0,0.0,Wins Stik,False
8709_01,Earth,False,F/1687/S,TRAPPIST-1e,36.0,False,0.0,98.0,456.0,277.0,70.0,Sallie Cartyernan,False
1999_01,Earth,False,F/383/S,TRAPPIST-1e,55.0,False,373.0,1.0,1.0,496.0,0.0,Shelle Kimons,False
0028_01,Mars,False,F/8/P,TRAPPIST-1e,43.0,False,1125.0,0.0,136.0,48.0,0.0,Ceros Mare,False
7498_02,Mars,True,F/1550/P,TRAPPIST-1e,5.0,False,0.0,0.0,0.0,0.0,0.0,Bonutz Cola,True
0563_01,Mars,False,F/114/P,55 Cancri e,33.0,False,840.0,642.0,402.0,21.0,0.0,Hamsp Petie,False
0123_01,Earth,False,F/27/P,TRAPPIST-1e,18.0,False,55.0,597.0,49.0,0.0,1.0,Iree Fielson,False
4661_07,Earth,False,G/757/P,TRAPPIST-1e,2.0,,0.0,0.0,0.0,0.0,0.0,Ianna Moodman,False
1479_01,Mars,True,F/290/P,TRAPPIST-1e,49.0,False,0.0,0.0,0.0,0.0,0.0,Clues Erle,True
4831_01,Mars,True,F/984/P,TRAPPIST-1e,21.0,False,0.0,0.0,0.0,0.0,0.0,Weros Pelie,True
3790_01,,True,G/620/P,TRAPPIST-1e,13.0,False,0.0,,0.0,,0.0,Trick Meyersones,True
6025_01,Earth,False,F/1245/P,TRAPPIST-1e,42.0,False,0.0,420.0,0.0,1.0,175.0,Joyton Hales,False
3610_02,Earth,False,F/680/S,TRAPPIST-1e,36.0,False,5.0,,896.0,0.0,1.0,Darrie Buckleinson,True
5583_01,Europa,False,D/170/S,TRAPPIST-1e,52.0,False,5.0,3514.0,31.0,601.0,13.0,Taura Inghtal,True
3797_01,Europa,False,B/122/P,TRAPPIST-1e,26.0,False,0.0,0.0,0.0,0.0,0.0,Kleeiak Couseced,False
2194_01,Earth,True,G/352/S,TRAPPIST-1e,43.0,False,0.0,0.0,0.0,0.0,0.0,Danie Blacks,False
4291_01,Earth,True,G/701/S,TRAPPIST-1e,36.0,False,0.0,0.0,0.0,0.0,0.0,Anthia Briggins,False
4445_01,Earth,False,F/912/P,TRAPPIST-1e,28.0,False,8.0,0.0,77.0,560.0,0.0,Naomie Bardson,False
6034_03,Mars,False,E/385/P,TRAPPIST-1e,8.0,False,0.0,0.0,0.0,0.0,0.0,Cheeet Pette,True
7267_01,Europa,True,C/265/S,TRAPPIST-1e,25.0,False,0.0,0.0,0.0,0.0,0.0,Tark String,True
1225_01,Earth,False,F/244/P,TRAPPIST-1e,18.0,False,2.0,1311.0,60.0,28.0,1.0,Margia Morrodgers,True
3815_01,Earth,False,F/787/P,TRAPPIST-1e,23.0,False,0.0,0.0,0.0,724.0,80.0,Tarah Patteraley,False
3862_02,Mars,False,E/256/S,TRAPPIST-1e,21.0,False,2627.0,0.0,597.0,0.0,0.0,Blakes Ple,True
3715_02,Earth,True,G/602/P,TRAPPIST-1e,1.0,False,0.0,0.0,0.0,0.0,0.0,Tamie Hubbarton,False
6109_01,Europa,False,C/187/P,TRAPPIST-1e,13.0,False,0.0,9.0,0.0,,5648.0,Terons Inghtal,False
4508_01,Mars,False,F/926/P,55 Cancri e,54.0,False,433.0,0.0,867.0,19.0,1.0,Bants Pepie,False
9261_01,Earth,True,G/1504/P,PSO J318.5-22,22.0,False,0.0,0.0,0.0,0.0,0.0,Therta Casentry,False
2734_01,Mars,False,F/567/P,TRAPPIST-1e,10.0,False,0.0,0.0,0.0,0.0,0.0,Eggies Wate,True
4995_01,Earth,False,G/807/P,55 Cancri e,42.0,False,642.0,282.0,0.0,0.0,0.0,Timmy Cardners,True
3332_03,Mars,True,D/107/S,55 Cancri e,17.0,False,0.0,0.0,0.0,0.0,0.0,Kadown Flate,True
7050_01,Earth,False,F/1344/S,TRAPPIST-1e,13.0,False,0.0,999.0,0.0,0.0,4.0,Ally Mcintons,True
7877_01,Earth,False,G/1268/P,TRAPPIST-1e,49.0,False,0.0,1738.0,0.0,19.0,0.0,Elicia Fultz,False
5732_01,Earth,False,G/921/P,TRAPPIST-1e,20.0,False,0.0,0.0,53.0,2.0,754.0,Brancy Ocherman,False
7224_01,Earth,True,G/1175/S,TRAPPIST-1e,30.0,,0.0,0.0,0.0,0.0,0.0,Everly Carvis,True
6757_01,Mars,False,F/1292/S,TRAPPIST-1e,53.0,False,1964.0,0.0,635.0,0.0,0.0,Eaturs Dato,False
9079_01,Earth,False,E/595/S,TRAPPIST-1e,55.0,False,1.0,0.0,58.0,0.0,802.0,Maryne Kellyons,True
2080_01,Earth,False,G/334/P,TRAPPIST-1e,46.0,False,430.0,0.0,340.0,52.0,61.0,Henryn Joycerton,False
8252_03,Earth,True,G/1341/P,TRAPPIST-1e,7.0,False,0.0,0.0,0.0,0.0,0.0,Lorian Nieldsond,False
5993_01,Mars,True,E/394/S,TRAPPIST-1e,27.0,False,0.0,0.0,0.0,0.0,0.0,Jetax Jaf,True
7013_01,Earth,True,G/1144/S,TRAPPIST-1e,36.0,False,0.0,0.0,0.0,0.0,0.0,Fayene Lardy,True
6628_01,Earth,False,F/1381/P,TRAPPIST-1e,29.0,False,0.0,0.0,272.0,394.0,50.0,,False
8117_02,Europa,False,B/319/S,TRAPPIST-1e,24.0,False,0.0,809.0,0.0,4928.0,143.0,Caiamin Pernised,False
4645_01,Europa,False,B/184/S,TRAPPIST-1e,48.0,False,0.0,9633.0,0.0,1.0,2.0,Aton Bacistion,True
0661_01,Europa,False,C/23/P,TRAPPIST-1e,44.0,False,0.0,2506.0,0.0,1360.0,722.0,Misadr Ticagent,False
1211_02,Earth,True,G/186/S,TRAPPIST-1e,8.0,False,0.0,0.0,0.0,0.0,0.0,Curtle Alvasquez,False
8504_01,Earth,False,F/1744/P,TRAPPIST-1e,44.0,False,0.0,0.0,2036.0,2.0,1.0,Catha Moranthons,True
4559_01,Earth,False,F/854/S,TRAPPIST-1e,25.0,False,,205.0,,0.0,549.0,Elene Rasmussony,True
3620_01,Europa,True,B/115/P,55 Cancri e,27.0,False,0.0,0.0,0.0,0.0,0.0,Mergas Trantermle,True
4925_01,Mars,False,F/936/S,TRAPPIST-1e,23.0,False,197.0,76.0,5635.0,7.0,0.0,Dynx Sfin,True
1221_02,Earth,False,E/87/S,TRAPPIST-1e,20.0,False,0.0,0.0,0.0,1608.0,1.0,Tricky Alfordonard,False
4430_01,Earth,False,F/836/S,PSO J318.5-22,18.0,False,0.0,2.0,1513.0,0.0,0.0,Ireen Robins,True
8954_01,Earth,False,G/1452/P,PSO J318.5-22,73.0,False,1806.0,0.0,47.0,0.0,0.0,Ianne Torrez,False
0539_04,Europa,True,C/18/P,TRAPPIST-1e,49.0,False,0.0,0.0,0.0,0.0,0.0,Betenif Nalanet,True
6092_03,Earth,False,G/991/S,TRAPPIST-1e,1.0,False,0.0,0.0,0.0,0.0,0.0,Carlie Singtons,True
0448_02,Earth,True,G/71/P,PSO J318.5-22,32.0,False,0.0,0.0,0.0,0.0,0.0,,True
6297_01,Earth,False,G/1014/P,TRAPPIST-1e,57.0,False,0.0,1409.0,29.0,0.0,0.0,Brada Batestonley,True
6902_01,Europa,True,D/217/P,TRAPPIST-1e,46.0,False,0.0,0.0,0.0,0.0,0.0,Strali Idalpus,True
0671_01,Earth,True,G/102/P,PSO J318.5-22,46.0,False,0.0,0.0,0.0,0.0,0.0,Veroy Santry,True
8944_02,Earth,,G/1442/S,PSO J318.5-22,17.0,False,0.0,0.0,0.0,0.0,0.0,Evan Hobbinson,True
7729_01,Europa,True,C/251/P,55 Cancri e,20.0,False,0.0,0.0,0.0,0.0,0.0,Winons Unprive,True
7797_01,Earth,False,E/506/P,TRAPPIST-1e,44.0,False,358.0,303.0,0.0,0.0,131.0,Paulie Powenoble,False
3994_01,Europa,True,B/152/S,TRAPPIST-1e,29.0,False,0.0,0.0,0.0,0.0,0.0,Challa Unretereng,True
2087_01,Earth,False,F/408/S,TRAPPIST-1e,54.0,False,0.0,0.0,872.0,0.0,1.0,Olliey Brownings,True
8268_02,Europa,False,B/321/S,TRAPPIST-1e,19.0,False,0.0,3.0,0.0,918.0,2346.0,Shatrix Impress,False
4249_01,Europa,False,B/166/S,TRAPPIST-1e,58.0,False,0.0,2946.0,0.0,101.0,387.0,Nusoton Inghting,True
2709_04,Mars,False,F/523/S,TRAPPIST-1e,12.0,,0.0,0.0,0.0,0.0,0.0,Worms Ble,True
7865_03,Europa,True,C/293/S,55 Cancri e,41.0,False,0.0,0.0,0.0,0.0,0.0,Meratzn Secont,True
6265_01,Earth,False,,TRAPPIST-1e,20.0,False,379.0,,29.0,39.0,91.0,Natald Puckenton,False
1877_01,Earth,False,G/306/P,TRAPPIST-1e,37.0,False,28.0,25.0,26.0,806.0,3.0,Raque Ellahan,False
3747_03,Europa,,B/118/P,TRAPPIST-1e,53.0,False,0.0,3377.0,0.0,193.0,5563.0,Dsch Brakebarne,False
6694_01,Earth,True,G/1084/P,TRAPPIST-1e,66.0,False,0.0,0.0,,0.0,0.0,Ger Mcneiley,True
2463_01,Earth,False,E/171/S,TRAPPIST-1e,48.0,False,58.0,0.0,12.0,,0.0,Leondy Johnshines,False
7707_01,Earth,False,G/1237/P,,23.0,False,40.0,4.0,9.0,318.0,1413.0,Etha Simmonders,False
8157_02,Earth,False,F/1560/S,55 Cancri e,39.0,False,1663.0,0.0,262.0,229.0,0.0,Nance Morelly,False
9043_01,,True,F/1848/P,TRAPPIST-1e,25.0,False,0.0,0.0,0.0,0.0,0.0,Cobix Erle,True
6810_04,,True,E/450/S,TRAPPIST-1e,36.0,False,0.0,0.0,0.0,0.0,0.0,Shex Knik,True
0933_01,Europa,False,C/35/P,TRAPPIST-1e,30.0,False,14.0,12045.0,0.0,2121.0,0.0,,True
4001_07,Earth,False,G/659/S,TRAPPIST-1e,3.0,,0.0,0.0,0.0,0.0,0.0,Everly Lowelliott,False
6588_02,Earth,True,G/1073/S,TRAPPIST-1e,20.0,False,0.0,0.0,0.0,0.0,0.0,Annon Moodsey,True
5423_01,Mars,False,F/1116/P,TRAPPIST-1e,49.0,False,552.0,0.0,7.0,0.0,183.0,Almone Prine,False
8852_02,Mars,False,D/278/P,TRAPPIST-1e,41.0,True,22.0,484.0,354.0,0.0,0.0,Toats Homin,False
0941_01,Earth,False,F/195/P,TRAPPIST-1e,13.0,False,0.0,7.0,0.0,1175.0,0.0,Carita Steeletters,False
7676_01,Mars,False,D/227/S,TRAPPIST-1e,37.0,True,2771.0,0.0,6.0,1.0,10.0,Bases Chman,False
0659_01,Earth,True,G/98/S,TRAPPIST-1e,18.0,False,0.0,0.0,0.0,0.0,0.0,Stal Andackson,True
8825_01,Earth,True,G/1422/S,55 Cancri e,21.0,False,0.0,0.0,0.0,0.0,0.0,Iree Halexandez,True
6951_02,Europa,True,D/219/P,TRAPPIST-1e,,False,0.0,0.0,0.0,0.0,0.0,Mares Beling,True
4741_01,Mars,True,F/961/P,TRAPPIST-1e,35.0,False,0.0,0.0,0.0,0.0,0.0,Wheal Bau,True
5275_01,Earth,False,F/1014/S,TRAPPIST-1e,29.0,False,0.0,10.0,0.0,594.0,120.0,Jerek Buckentry,False
6175_03,Earth,False,G/1000/P,TRAPPIST-1e,27.0,False,12.0,0.0,0.0,873.0,0.0,Vandy Pittler,False
5298_01,Earth,True,G/862/S,TRAPPIST-1e,14.0,False,0.0,0.0,0.0,0.0,0.0,Rician Sweett,True
6995_01,Earth,False,F/1334/S,55 Cancri e,24.0,False,0.0,58.0,618.0,0.0,41.0,Stany Hamberterry,False
8618_01,Europa,False,B/336/S,55 Cancri e,18.0,False,0.0,694.0,0.0,0.0,1370.0,Hallux Resendent,False
1382_01,Earth,False,E/104/S,,35.0,False,0.0,1125.0,429.0,0.0,55.0,Ritany Daughttley,False
3283_01,Earth,False,F/619/S,TRAPPIST-1e,43.0,False,0.0,16.0,34.0,753.0,1.0,,False
8398_02,Europa,True,B/329/S,,41.0,False,0.0,0.0,0.0,0.0,0.0,Aldus Stradick,True
0635_01,Earth,False,G/94/S,TRAPPIST-1e,35.0,False,0.0,1778.0,0.0,0.0,0.0,Ronna Powery,True
8076_01,Europa,False,C/263/P,55 Cancri e,43.0,False,1.0,2060.0,,1.0,2764.0,Menkibi Emetillove,False
7728_01,Europa,False,C/289/S,TRAPPIST-1e,27.0,False,0.0,9.0,0.0,40.0,7621.0,Alhail Cabraseed,False
1460_01,Earth,False,F/285/P,,19.0,False,,905.0,387.0,0.0,0.0,Bony Williotters,True
3219_01,Mars,True,E/214/S,TRAPPIST-1e,39.0,False,0.0,0.0,0.0,0.0,0.0,Vuls Paska,False
4975_02,Earth,False,G/813/S,TRAPPIST-1e,12.0,False,0.0,0.0,0.0,0.0,0.0,Gerly Wartyson,True
7240_01,Mars,False,F/1392/S,TRAPPIST-1e,39.0,False,197.0,0.0,2401.0,0.0,0.0,Oaters Kad,True
6510_01,Europa,False,D/205/P,TRAPPIST-1e,29.0,False,0.0,6.0,0.0,0.0,5531.0,Sabiton Tairbatic,False
8828_01,Earth,False,F/1711/S,55 Cancri e,19.0,,0.0,6.0,0.0,0.0,1179.0,Charly Robersondez,True
4890_02,Earth,False,F/932/S,TRAPPIST-1e,23.0,False,0.0,0.0,874.0,,0.0,Cline Browlerson,True
6782_01,Earth,False,F/1300/S,PSO J318.5-22,15.0,False,,0.0,533.0,72.0,0.0,Samany Ments,False
8703_01,Earth,False,F/1685/S,TRAPPIST-1e,44.0,False,84.0,0.0,308.0,0.0,1179.0,Lynnie Simpsonks,False
3272_01,Earth,,G/518/S,TRAPPIST-1e,40.0,False,0.0,0.0,895.0,0.0,0.0,Clarry Kellynn,True
5878_01,Europa,True,B/224/S,55 Cancri e,47.0,False,0.0,0.0,0.0,0.0,0.0,Duhrak Busive,True
6512_03,Europa,False,A/80/S,TRAPPIST-1e,28.0,False,0.0,3527.0,1.0,2929.0,2236.0,Hekaton Goortedant,False
0107_01,Mars,False,D/2/S,TRAPPIST-1e,21.0,False,1743.0,5.0,17.0,0.0,0.0,Coobix Hart,False
9220_02,Earth,True,G/1496/P,TRAPPIST-1e,20.0,False,0.0,0.0,0.0,0.0,0.0,Frey Meyerthy,True
3318_03,Europa,False,B/123/S,TRAPPIST-1e,11.0,False,0.0,0.0,0.0,0.0,0.0,Altara Openduave,True
6232_01,Europa,True,B/241/S,55 Cancri e,30.0,False,0.0,0.0,0.0,0.0,0.0,Mesarid Gulthler,True
7889_01,Europa,True,C/256/P,PSO J318.5-22,35.0,False,0.0,0.0,0.0,0.0,0.0,Halleth Gulcepusy,True
7418_01,Mars,False,F/1534/P,TRAPPIST-1e,7.0,False,0.0,0.0,0.0,0.0,0.0,Apench Ses,True
7890_01,Earth,False,F/1508/S,TRAPPIST-1e,58.0,False,0.0,268.0,0.0,109.0,594.0,Chrisa Reenez,False
1860_01,Europa,False,A/13/P,TRAPPIST-1e,35.0,True,0.0,1.0,0.0,0.0,3156.0,Caiah Headfair,False
0885_02,Earth,True,G/133/S,55 Cancri e,52.0,False,0.0,0.0,0.0,0.0,0.0,Velyne Pittson,True
0082_01,Mars,False,F/16/P,TRAPPIST-1e,42.0,False,7406.0,0.0,0.0,0.0,0.0,Totse Datte,False
4658_01,Europa,False,D/147/S,TRAPPIST-1e,26.0,False,0.0,823.0,0.0,1821.0,1508.0,Taurah Bradiary,False
7058_01,Mars,True,F/1347/S,55 Cancri e,30.0,False,0.0,0.0,,0.0,0.0,Hal Bane,True
5246_01,Earth,True,G/847/P,TRAPPIST-1e,57.0,False,0.0,0.0,0.0,0.0,0.0,Glene Drakeekss,True
4933_01,Mars,False,F/938/S,TRAPPIST-1e,4.0,False,0.0,0.0,0.0,0.0,0.0,Puffal Gin,True
5116_02,Mars,True,F/980/S,TRAPPIST-1e,11.0,False,0.0,0.0,0.0,0.0,0.0,Fros Prity,True
6674_04,Europa,True,E/426/P,TRAPPIST-1e,25.0,False,0.0,0.0,0.0,0.0,0.0,Acruxon Swirring,True
7290_04,Europa,False,D/227/P,TRAPPIST-1e,36.0,False,83.0,1186.0,0.0,2160.0,736.0,Altara Bruthydre,False
8871_01,Earth,False,G/1432/S,TRAPPIST-1e,33.0,False,0.0,116.0,412.0,379.0,0.0,Nelly Benney,True
7020_01,Earth,True,G/1145/S,TRAPPIST-1e,,False,0.0,0.0,0.0,0.0,0.0,All Buckson,True
8967_01,Earth,False,G/1445/S,TRAPPIST-1e,18.0,False,13.0,822.0,27.0,0.0,46.0,Maryn Mayson,False
8728_03,Earth,False,F/1798/P,TRAPPIST-1e,23.0,False,1254.0,0.0,45.0,0.0,0.0,Fanna Fulloydez,False
5133_01,Earth,False,G/829/P,55 Cancri e,36.0,False,0.0,0.0,846.0,0.0,0.0,Benry Litthews,True
4403_01,Earth,False,F/831/S,TRAPPIST-1e,55.0,False,134.0,935.0,0.0,6.0,394.0,Lina Peter,False
6477_01,Europa,False,D/196/S,55 Cancri e,23.0,False,0.0,44.0,0.0,3452.0,83.0,Tabih Witeronfus,False
4663_04,Earth,False,G/765/S,55 Cancri e,3.0,False,0.0,0.0,0.0,0.0,0.0,Isa Cartez,True
5039_04,Mars,False,F/958/S,TRAPPIST-1e,35.0,False,1307.0,0.0,0.0,2.0,0.0,Cakes Bate,False
4641_01,Earth,False,F/871/S,TRAPPIST-1e,45.0,False,65.0,63.0,3.0,713.0,27.0,Vanie Peter,False
4337_01,Mars,False,F/813/S,TRAPPIST-1e,49.0,False,22.0,0.0,1129.0,0.0,77.0,Book Gele,True
6901_01,Mars,False,F/1321/S,TRAPPIST-1e,16.0,False,501.0,974.0,1164.0,0.0,0.0,Anch Opie,False
0559_01,Earth,False,F/102/S,PSO J318.5-22,21.0,False,0.0,12.0,580.0,0.0,79.0,Margia Harmond,False
8773_01,Mars,False,D/274/P,TRAPPIST-1e,29.0,False,257.0,0.0,782.0,8.0,3.0,Gorn Ica,False
8480_02,Earth,False,G/1382/P,TRAPPIST-1e,38.0,False,0.0,847.0,3.0,34.0,0.0,Shalle Cartz,False
3688_01,Mars,False,F/697/S,55 Cancri e,2.0,False,0.0,0.0,0.0,0.0,0.0,Tark Onbre,True
3149_02,Earth,True,G/494/S,TRAPPIST-1e,18.0,False,0.0,0.0,0.0,0.0,0.0,Katen Portananney,True
5747_01,Earth,False,F/1192/P,TRAPPIST-1e,29.0,False,715.0,47.0,0.0,0.0,0.0,Troya Hallahaney,False
1585_01,Earth,True,G/252/P,TRAPPIST-1e,18.0,False,0.0,0.0,0.0,0.0,0.0,Salley Crosarios,True
3756_01,Mars,True,F/707/S,TRAPPIST-1e,18.0,False,,0.0,0.0,0.0,0.0,Blus Snoaf,True
1211_07,Earth,False,G/186/S,55 Cancri e,1.0,False,0.0,0.0,0.0,,0.0,Bretty Pollarkeeks,True
6139_06,Europa,True,C/230/S,55 Cancri e,37.0,False,0.0,0.0,0.0,0.0,0.0,Alphact Reedall,True
6421_01,Europa,True,C/197/P,55 Cancri e,28.0,False,0.0,0.0,0.0,0.0,0.0,Azhab Redand,True
0482_02,Earth,False,F/88/S,TRAPPIST-1e,28.0,False,0.0,14.0,0.0,0.0,615.0,Isaacy Mallerez,False
4199_01,Earth,False,F/787/S,TRAPPIST-1e,55.0,False,0.0,198.0,703.0,1.0,0.0,Milly Howenters,True
4822_02,Mars,True,F/981/P,TRAPPIST-1e,16.0,False,0.0,0.0,0.0,0.0,0.0,Tive Hotte,True
8796_07,Earth,False,F/1704/S,TRAPPIST-1e,34.0,False,14.0,748.0,0.0,41.0,0.0,Stene Bakerson,True
7371_01,Earth,True,G/1185/P,55 Cancri e,42.0,False,0.0,0.0,0.0,0.0,0.0,Dandra Reyersendry,True
8549_01,Mars,True,F/1648/S,TRAPPIST-1e,37.0,False,0.0,0.0,0.0,0.0,0.0,Tostex Grean,True
7301_01,Mars,True,F/1511/P,TRAPPIST-1e,29.0,False,0.0,0.0,0.0,0.0,0.0,Fres Facke,True
2281_01,Earth,False,E/136/P,TRAPPIST-1e,6.0,False,0.0,0.0,0.0,0.0,0.0,Rica Hoppers,True
1086_03,Earth,True,G/166/P,TRAPPIST-1e,4.0,False,0.0,0.0,0.0,0.0,0.0,Fany Willangsey,False
0315_01,,True,G/42/S,PSO J318.5-22,35.0,False,0.0,0.0,0.0,0.0,0.0,Adriet Valezaley,True
8317_01,Earth,False,F/1710/P,55 Cancri e,18.0,False,2.0,83.0,576.0,37.0,0.0,Olgary Rocknight,False
5844_01,Earth,False,E/369/P,55 Cancri e,24.0,,0.0,30.0,835.0,0.0,0.0,Lavey Spencervan,True
6237_01,Mars,True,F/1195/S,TRAPPIST-1e,52.0,False,0.0,0.0,0.0,0.0,0.0,Ockies Spien,True
0992_02,Europa,False,D/35/S,TRAPPIST-1e,29.0,False,387.0,942.0,0.0,9927.0,1341.0,Tareson Kiling,False
3735_01,Europa,False,D/119/S,TRAPPIST-1e,43.0,False,2.0,3846.0,0.0,3.0,346.0,Zedarga Reeddommy,True
6850_01,Earth,False,F/1424/P,TRAPPIST-1e,22.0,,735.0,138.0,,0.0,0.0,Adamy Wolferton,False
8545_01,Earth,False,F/1753/P,TRAPPIST-1e,18.0,False,0.0,0.0,7.0,717.0,0.0,Regana Kirks,False
7598_01,Earth,True,G/1231/S,PSO J318.5-22,67.0,False,0.0,0.0,0.0,0.0,0.0,Danie Ingston,True
6568_01,Earth,False,F/1366/P,55 Cancri e,36.0,False,695.0,,0.0,0.0,0.0,Ianya Jacostaney,False
3496_02,Mars,False,F/722/P,TRAPPIST-1e,27.0,False,542.0,0.0,1231.0,0.0,1.0,,False
6374_01,,False,F/1320/P,TRAPPIST-1e,13.0,False,1144.0,0.0,6.0,0.0,0.0,Karena Prickmantes,False
3741_01,Europa,True,B/117/P,TRAPPIST-1e,29.0,False,0.0,0.0,0.0,0.0,0.0,Tabik Pulgaly,True
8964_02,Mars,False,F/1734/S,TRAPPIST-1e,0.0,False,0.0,0.0,0.0,0.0,0.0,Tornes Grean,True
0102_01,Earth,False,F/23/S,TRAPPIST-1e,18.0,False,0.0,0.0,0.0,830.0,91.0,Ritany Holson,False
0757_01,Mars,False,D/33/P,55 Cancri e,67.0,False,1.0,0.0,5.0,1022.0,151.0,Mins Traie,False
4387_01,Mars,False,F/902/P,PSO J318.5-22,32.0,False,192.0,0.0,441.0,18.0,0.0,Apix Wala,False
4774_04,Mars,True,F/972/P,TRAPPIST-1e,6.0,False,0.0,0.0,0.0,0.0,0.0,Gicks Perty,True
1976_02,Europa,False,B/82/S,TRAPPIST-1e,34.0,False,15.0,3578.0,0.0,,473.0,Alam Lansuffle,True
4319_01,Earth,False,G/711/P,TRAPPIST-1e,48.0,False,2.0,0.0,83.0,589.0,233.0,Kimmie Nobleyes,False
5240_01,Earth,True,G/853/S,TRAPPIST-1e,29.0,False,0.0,0.0,0.0,0.0,0.0,Loisey Melez,True
7320_01,Earth,False,F/1517/P,TRAPPIST-1e,26.0,False,814.0,0.0,29.0,16.0,181.0,Tracia Fuentryoung,False
2807_03,Earth,True,G/452/P,TRAPPIST-1e,0.0,False,0.0,0.0,0.0,0.0,0.0,Wenten Monrad,True
1140_01,Europa,False,B/46/S,TRAPPIST-1e,53.0,False,0.0,143.0,1632.0,3.0,756.0,Scelava Sofraten,True
3195_03,Earth,False,G/505/S,55 Cancri e,28.0,False,0.0,0.0,675.0,31.0,0.0,Fery Litthews,True
2472_01,Earth,False,E/173/S,TRAPPIST-1e,30.0,False,756.0,4.0,30.0,0.0,0.0,Elara Patrichane,False
8836_01,Earth,False,F/1821/P,TRAPPIST-1e,26.0,False,903.0,0.0,182.0,0.0,27.0,Harlos Mcinton,False
0863_03,Earth,True,G/129/S,TRAPPIST-1e,6.0,False,0.0,0.0,0.0,0.0,0.0,Rald Walkerez,False
8200_01,Earth,True,G/1330/P,PSO J318.5-22,22.0,False,0.0,0.0,0.0,0.0,0.0,Wen Wheelez,True
5265_01,Earth,False,F/1073/P,TRAPPIST-1e,15.0,False,0.0,400.0,0.0,0.0,702.0,Tonyn Ashipson,False
8043_03,Europa,False,A/97/S,TRAPPIST-1e,39.0,True,1.0,392.0,64.0,148.0,1367.0,Alcorix Fanseld,True
5758_01,Earth,True,G/934/S,TRAPPIST-1e,22.0,False,0.0,0.0,0.0,0.0,0.0,Heidie Mcguirez,True
3964_01,Earth,True,G/650/S,TRAPPIST-1e,21.0,False,0.0,0.0,0.0,0.0,0.0,Estina Chanan,True
7007_01,Europa,False,E/450/P,TRAPPIST-1e,27.0,False,0.0,2897.0,659.0,485.0,11.0,Luxons Bradissive,True
8295_01,Mars,False,F/1591/S,TRAPPIST-1e,40.0,False,1309.0,0.0,0.0,0.0,0.0,Skies Upead,False
4145_01,Earth,False,F/852/P,PSO J318.5-22,13.0,False,16.0,0.0,87.0,544.0,0.0,Juaney Herry,False
0444_01,Mars,False,D/15/P,TRAPPIST-1e,32.0,True,2484.0,429.0,102.0,0.0,0.0,Camonk Curte,False
5972_01,Earth,False,F/1138/S,TRAPPIST-1e,34.0,False,0.0,11.0,610.0,591.0,769.0,Elody Kiddley,True
9172_01,Earth,False,G/1478/S,TRAPPIST-1e,54.0,False,724.0,25.0,71.0,0.0,1054.0,Gracey Bardinard,False
6443_06,Earth,False,G/1046/S,TRAPPIST-1e,51.0,False,0.0,10.0,388.0,1380.0,0.0,Denny Cartyernan,False
1638_01,Earth,False,E/119/S,TRAPPIST-1e,19.0,False,414.0,0.0,66.0,307.0,0.0,Roydo Ballocks,False
6174_03,Earth,True,G/999/P,TRAPPIST-1e,,False,0.0,0.0,0.0,0.0,0.0,Anthia Mcbriddley,False
5531_01,Mars,False,F/1145/P,PSO J318.5-22,43.0,False,817.0,0.0,617.0,0.0,0.0,Ste Brity,False
2137_02,Mars,False,F/423/P,55 Cancri e,3.0,False,0.0,0.0,0.0,0.0,0.0,Stoate Queke,True
5756_03,Earth,False,F/1194/P,PSO J318.5-22,19.0,False,5.0,0.0,0.0,716.0,0.0,Inerry Briggston,False
1757_01,Earth,False,F/334/S,TRAPPIST-1e,67.0,False,26.0,809.0,0.0,39.0,26.0,Juline Bradamss,False
4176_05,Mars,False,D/142/P,TRAPPIST-1e,46.0,False,247.0,0.0,418.0,480.0,36.0,Risps Fla,False
9220_01,Earth,False,G/1496/P,TRAPPIST-1e,25.0,False,2.0,45.0,45.0,0.0,815.0,Branca Meyerthy,False
8728_05,Earth,True,G/1416/P,55 Cancri e,18.0,False,0.0,0.0,0.0,0.0,0.0,Weslie Fulloydez,True
8333_01,Europa,False,C/313/S,55 Cancri e,33.0,False,988.0,0.0,0.0,2274.0,3098.0,Leshmet Amincrerus,False
5808_03,Earth,False,F/1204/P,TRAPPIST-1e,53.0,False,751.0,0.0,,7.0,0.0,Haryn Josey,False
5210_01,Earth,False,F/1063/P,TRAPPIST-1e,29.0,False,0.0,43.0,693.0,0.0,0.0,,True
0684_01,Mars,False,F/145/P,TRAPPIST-1e,,False,0.0,0.0,0.0,0.0,0.0,Sug Conie,True
5213_01,Earth,False,F/1064/P,TRAPPIST-1e,25.0,False,10.0,0.0,908.0,5.0,0.0,Nathy Pottley,True
5310_01,Mars,False,F/1021/S,TRAPPIST-1e,32.0,False,4702.0,0.0,449.0,190.0,0.0,Dontch Terry,False
8237_01,Earth,False,F/1577/S,TRAPPIST-1e,19.0,False,511.0,0.0,0.0,267.0,0.0,Oraryn Bakerson,False
1263_01,Mars,False,F/244/S,TRAPPIST-1e,25.0,False,1084.0,1.0,66.0,0.0,5.0,Batses Vloaf,False
2267_01,Mars,False,E/161/S,TRAPPIST-1e,43.0,False,2318.0,0.0,647.0,81.0,0.0,Gratsp Meake,True
7914_01,Earth,True,G/1278/P,TRAPPIST-1e,23.0,False,0.0,0.0,0.0,0.0,0.0,Hilia Munozaley,False
9227_02,Earth,True,G/1498/P,PSO J318.5-22,11.0,False,0.0,0.0,0.0,0.0,0.0,Jorgie Hinglendez,True
2449_01,Mars,True,F/508/P,TRAPPIST-1e,28.0,False,0.0,0.0,0.0,0.0,0.0,Hon Nacke,True
0799_01,Europa,False,A/6/P,55 Cancri e,,False,0.0,3462.0,5.0,1590.0,4.0,Genibah Presstic,False
3113_02,Mars,True,D/96/P,55 Cancri e,56.0,False,0.0,0.0,0.0,0.0,0.0,Eloos Lake,True
3519_01,Earth,False,G/577/P,TRAPPIST-1e,16.0,False,0.0,0.0,722.0,0.0,1.0,Gerly Swanardy,True
7922_01,Earth,False,F/1517/S,TRAPPIST-1e,39.0,False,3030.0,79.0,0.0,0.0,0.0,Lloyde Llobsoney,False
8470_01,Europa,,C/281/P,55 Cancri e,31.0,True,8243.0,280.0,0.0,3220.0,2285.0,Brafirk Aloubtled,False
8117_03,Europa,True,B/319/S,55 Cancri e,54.0,,0.0,0.0,0.0,0.0,0.0,Rasalm Pernised,True
0436_01,Earth,False,G/63/S,55 Cancri e,10.0,False,0.0,0.0,0.0,0.0,0.0,Sallyl Hodes,True
5984_01,Mars,False,D/187/P,PSO J318.5-22,38.0,False,1208.0,0.0,13.0,38.0,0.0,Gech Kin,True
2215_01,Europa,False,A/27/S,55 Cancri e,41.0,True,0.0,29813.0,0.0,1257.0,6.0,Pulchib Quidedbolt,True
3350_01,Earth,False,F/633/S,TRAPPIST-1e,17.0,False,3.0,2126.0,0.0,0.0,0.0,Dianya Josey,True
4131_01,Europa,True,C/147/S,TRAPPIST-1e,34.0,False,0.0,0.0,0.0,,0.0,Achium Pokematic,True
1291_01,Mars,False,F/260/P,TRAPPIST-1e,33.0,False,1758.0,59.0,4.0,0.0,0.0,Sceres Ponie,False
6631_01,Europa,,C/208/P,TRAPPIST-1e,27.0,False,0.0,1891.0,0.0,2167.0,0.0,Etamino Suasharic,False
5969_02,Earth,False,F/1137/S,55 Cancri e,37.0,False,0.0,698.0,0.0,,6.0,Lardy Reenez,False
8750_01,Earth,False,F/1804/P,TRAPPIST-1e,18.0,False,24.0,753.0,0.0,0.0,0.0,Eriey Carlsonney,False
1548_02,Europa,True,B/50/P,TRAPPIST-1e,18.0,False,0.0,0.0,0.0,0.0,0.0,Sarid Stivelte,True
5032_01,Europa,True,E/322/S,TRAPPIST-1e,32.0,False,0.0,0.0,0.0,0.0,0.0,Kochard Dicely,True
6348_01,Europa,False,C/238/S,55 Cancri e,,False,49.0,13342.0,,1885.0,6985.0,Achira Unhaftimle,False
6175_01,Earth,False,G/1000/P,TRAPPIST-1e,18.0,False,628.0,0.0,0.0,31.0,150.0,Thel Pittler,False
5411_01,Europa,False,B/206/S,TRAPPIST-1e,38.0,False,20.0,3960.0,153.0,280.0,1674.0,Alrakan Scoudelle,False
3928_02,Europa,True,E/264/S,55 Cancri e,37.0,False,0.0,0.0,0.0,0.0,0.0,Alrak Witeronfus,True
6501_01,Earth,False,F/1240/S,TRAPPIST-1e,21.0,False,0.0,31.0,2076.0,77.0,0.0,Candra Weberts,True
3456_01,Earth,True,G/558/S,PSO J318.5-22,16.0,False,0.0,0.0,0.0,0.0,0.0,Dord Emenez,True
0437_01,Earth,False,F/78/S,TRAPPIST-1e,39.0,False,382.0,0.0,22.0,467.0,0.0,Lynnee Oneiles,False
1687_01,Mars,False,F/334/P,TRAPPIST-1e,26.0,True,714.0,450.0,208.0,0.0,44.0,Bases Batte,False
2220_01,Earth,False,G/357/S,TRAPPIST-1e,47.0,False,0.0,0.0,880.0,0.0,2.0,Ralda Acobsond,True
4390_02,Mars,True,F/903/P,TRAPPIST-1e,44.0,False,0.0,0.0,0.0,0.0,0.0,Grawk Vloaf,True
7057_01,Mars,False,F/1346/S,TRAPPIST-1e,19.0,False,3332.0,878.0,926.0,781.0,0.0,Graven Lacke,False
6283_02,Earth,False,F/1206/S,TRAPPIST-1e,,False,2.0,3.0,93.0,6.0,540.0,Tracek Chanan,False
8147_04,Earth,False,G/1317/P,55 Cancri e,0.0,False,0.0,0.0,0.0,0.0,0.0,Cline Pittler,True
0306_01,Earth,False,E/19/S,TRAPPIST-1e,23.0,False,368.0,175.0,259.0,1.0,101.0,Dony Estevesters,False
0899_02,Earth,True,G/130/P,TRAPPIST-1e,44.0,False,0.0,0.0,0.0,0.0,0.0,Allene Warrishales,False
9227_04,Earth,True,G/1498/P,TRAPPIST-1e,0.0,False,0.0,0.0,0.0,0.0,0.0,Robyny Hinglendez,True
1980_02,Earth,False,G/312/S,TRAPPIST-1e,29.0,False,1434.0,5.0,0.0,0.0,0.0,Man Freevenson,False
7290_02,Europa,True,D/227/P,55 Cancri e,35.0,False,0.0,0.0,0.0,0.0,0.0,,True
9211_01,Earth,False,G/1486/S,TRAPPIST-1e,60.0,False,0.0,8.0,,360.0,74.0,Stendy Steelerettt,False
5105_01,Earth,True,,PSO J318.5-22,16.0,False,0.0,0.0,0.0,0.0,0.0,Holey Sullones,True
0397_01,Mars,True,F/69/S,TRAPPIST-1e,45.0,False,0.0,0.0,0.0,0.0,0.0,Graw Mepie,True
0586_01,Europa,True,D/23/P,TRAPPIST-1e,53.0,False,0.0,0.0,0.0,0.0,0.0,Askeid Oillicaly,True
5871_01,Earth,False,F/1120/S,55 Cancri e,24.0,False,0.0,1369.0,848.0,0.0,0.0,Anda Flemaney,True
0454_02,Europa,True,B/15/S,TRAPPIST-1e,42.0,False,0.0,0.0,0.0,0.0,0.0,Etair Fushausive,True
3283_02,Earth,False,F/619/S,TRAPPIST-1e,19.0,False,64.0,0.0,453.0,174.0,6.0,Allyn Horthy,False
7806_01,Earth,False,F/1621/P,55 Cancri e,24.0,False,0.0,688.0,0.0,0.0,1.0,Wena Mirezavis,False
0136_01,Earth,False,G/23/S,PSO J318.5-22,47.0,False,97.0,418.0,126.0,25.0,55.0,,False
2523_01,Europa,True,B/73/P,55 Cancri e,23.0,False,0.0,0.0,,0.0,0.0,Minopus Oilpfulle,True
6929_02,Earth,True,G/1122/P,TRAPPIST-1e,32.0,False,0.0,0.0,0.0,0.0,0.0,Natha Llovers,True
3329_01,Earth,True,G/544/P,TRAPPIST-1e,55.0,False,0.0,0.0,0.0,0.0,0.0,Lorie Krampbelles,True
6475_01,Mars,True,F/1340/P,TRAPPIST-1e,35.0,False,0.0,0.0,0.0,0.0,,Luse Ses,True
4229_01,Earth,False,F/872/P,55 Cancri e,13.0,False,406.0,0.0,1670.0,0.0,427.0,,False
8989_03,Europa,True,B/291/P,TRAPPIST-1e,29.0,False,0.0,0.0,0.0,0.0,0.0,Graston Invebodene,True
2009_03,Europa,True,B/59/P,55 Cancri e,40.0,False,0.0,0.0,0.0,0.0,0.0,Gluebah Contery,True
4171_01,Earth,True,G/686/P,TRAPPIST-1e,23.0,False,0.0,0.0,0.0,0.0,0.0,Candyn Mclardson,False
9125_02,Mars,True,E/586/P,TRAPPIST-1e,55.0,False,0.0,0.0,0.0,0.0,0.0,Luse Corie,True
7411_01,Earth,False,F/1533/P,TRAPPIST-1e,30.0,False,1110.0,0.0,439.0,5.0,0.0,Racy Bakericks,False
8537_01,Mars,True,F/1643/S,TRAPPIST-1e,40.0,False,0.0,0.0,0.0,0.0,0.0,Whex Nutte,True
7902_04,Earth,False,G/1276/P,TRAPPIST-1e,23.0,False,1.0,700.0,0.0,7.0,136.0,Luison Villenson,False
5618_01,Earth,False,F/1075/S,TRAPPIST-1e,19.0,False,0.0,785.0,0.0,0.0,19.0,Jenn Lynnerett,True
1802_01,Earth,False,E/109/P,TRAPPIST-1e,33.0,False,0.0,0.0,2.0,787.0,1.0,Alley Brantuarez,False
1581_01,Mars,True,F/312/P,TRAPPIST-1e,38.0,False,0.0,0.0,0.0,0.0,0.0,Cor Che,True
6363_07,Earth,True,G/1026/P,TRAPPIST-1e,,False,0.0,,0.0,0.0,0.0,Tiney Gouldensen,False
6279_01,Europa,False,A/74/S,TRAPPIST-1e,27.0,False,135.0,3103.0,9.0,424.0,629.0,Hadiram Alcemblery,False
4848_01,Earth,False,F/986/P,TRAPPIST-1e,30.0,False,148.0,0.0,0.0,619.0,34.0,Nathy Griffince,True
0614_01,Earth,False,G/91/S,TRAPPIST-1e,34.0,False,0.0,0.0,0.0,,0.0,Feline Carterson,True
5465_01,Mars,False,F/1132/P,TRAPPIST-1e,27.0,False,1.0,1.0,2196.0,372.0,0.0,Sugaly Chité,False
3784_01,Earth,False,G/618/P,TRAPPIST-1e,77.0,False,0.0,,131.0,3981.0,108.0,Ale Morrencis,False
8322_02,,True,C/312/S,55 Cancri e,52.0,False,0.0,0.0,0.0,0.0,0.0,Adharan Briouse,True
1491_03,Earth,False,G/240/P,TRAPPIST-1e,0.0,False,0.0,0.0,0.0,0.0,0.0,,True
7669_01,Earth,False,G/1230/P,TRAPPIST-1e,24.0,False,,636.0,136.0,37.0,0.0,Philda Whiters,False
4546_01,Earth,,G/744/P,PSO J318.5-22,17.0,False,0.0,0.0,0.0,0.0,0.0,Kenda Bailes,True
8076_02,Europa,False,C/263/P,55 Cancri e,29.0,False,2686.0,0.0,0.0,2854.0,2553.0,Achbah Emetillove,False
8219_01,Earth,,G/1335/P,TRAPPIST-1e,18.0,False,3.0,0.0,3.0,1773.0,0.0,Ralda Flynnis,False
2356_01,Mars,False,D/80/S,TRAPPIST-1e,45.0,True,773.0,82.0,0.0,6.0,0.0,Koat Peane,False
3363_03,Earth,False,G/550/P,PSO J318.5-22,5.0,False,0.0,0.0,0.0,0.0,0.0,Stelly Leeves,False
5206_01,Earth,True,G/841/P,55 Cancri e,28.0,False,0.0,0.0,0.0,0.0,0.0,Alley Briggston,True
0217_01,Earth,False,F/47/P,TRAPPIST-1e,38.0,False,1517.0,0.0,0.0,27.0,0.0,Prilly Shieldson,False
1829_04,Europa,False,D/56/P,TRAPPIST-1e,28.0,True,0.0,4424.0,3.0,207.0,1572.0,Hadiram Gloother,True
2550_01,Earth,True,G/411/P,TRAPPIST-1e,16.0,False,0.0,0.0,0.0,0.0,0.0,Eliana Larlowelley,True
1097_01,Mars,True,E/76/S,TRAPPIST-1e,42.0,False,0.0,0.0,0.0,0.0,0.0,Tundsh Weeke,True
5489_02,Earth,True,G/881/P,TRAPPIST-1e,1.0,False,0.0,0.0,0.0,0.0,0.0,Benew Welles,False
4625_05,Europa,True,B/183/S,TRAPPIST-1e,17.0,False,0.0,0.0,0.0,0.0,0.0,Azharga Ineedeve,True
0506_01,Mars,True,F/91/S,TRAPPIST-1e,23.0,False,0.0,0.0,0.0,0.0,0.0,Kad Backe,True
4726_03,Europa,False,C/187/S,TRAPPIST-1e,20.0,False,0.0,3.0,0.0,1271.0,2630.0,,True
5163_01,Earth,True,E/322/P,TRAPPIST-1e,30.0,False,0.0,0.0,0.0,0.0,0.0,Ellie Beckeey,True
5052_02,Mars,False,F/961/S,55 Cancri e,23.0,False,228.0,1451.0,912.0,3.0,0.0,,True
5515_01,Earth,False,F/1141/P,TRAPPIST-1e,22.0,False,758.0,0.0,46.0,0.0,0.0,Feryla Prestonard,False
7960_01,Earth,False,F/1648/P,TRAPPIST-1e,19.0,False,1.0,7.0,,689.0,0.0,Heidie Quinnerettt,False
6030_07,Earth,False,G/981/S,TRAPPIST-1e,49.0,False,0.0,,0.0,0.0,0.0,Hatty Ellson,True
7475_01,Mars,True,F/1545/P,TRAPPIST-1e,43.0,False,0.0,0.0,0.0,0.0,0.0,Pros Leste,True
3047_02,Mars,False,E/190/P,TRAPPIST-1e,16.0,False,995.0,0.0,6.0,48.0,0.0,Wafros Quart,False
0772_04,Europa,False,E/56/S,55 Cancri e,7.0,False,0.0,0.0,0.0,0.0,0.0,Arrain Hednigic,True
6896_02,Mars,False,F/1320/S,TRAPPIST-1e,3.0,False,0.0,0.0,0.0,0.0,0.0,Goats Khake,True
8449_01,Europa,False,C/317/S,55 Cancri e,32.0,False,0.0,2154.0,0.0,9655.0,859.0,Arrain Purellliss,False
3662_02,Europa,True,B/142/S,55 Cancri e,38.0,False,0.0,0.0,0.0,0.0,0.0,Betenar Poselfle,True
1100_04,Mars,False,E/62/P,TRAPPIST-1e,29.0,False,528.0,271.0,99.0,0.0,130.0,Heat Frité,False
5598_01,Earth,False,G/903/S,,19.0,False,0.0,0.0,500.0,2.0,208.0,Lulah Thony,True
6604_01,Europa,True,C/205/P,55 Cancri e,42.0,False,0.0,0.0,0.0,0.0,0.0,Coxaron Unsive,True
8796_03,Earth,True,G/1418/S,TRAPPIST-1e,0.0,False,,0.0,0.0,0.0,0.0,Joya Jorden,False
2859_01,Europa,True,C/98/P,55 Cancri e,,False,0.0,0.0,0.0,0.0,0.0,Navior Excialing,True
1916_02,Europa,False,D/61/P,55 Cancri e,22.0,False,1744.0,79.0,0.0,12.0,1514.0,,False
0221_07,Mars,True,E/13/S,TRAPPIST-1e,42.0,False,0.0,0.0,0.0,0.0,0.0,Rohs Reke,False
4696_01,Mars,True,F/883/S,TRAPPIST-1e,39.0,False,0.0,0.0,0.0,0.0,0.0,Gice Bre,True
8849_01,Earth,True,G/1427/S,55 Cancri e,27.0,False,0.0,0.0,,0.0,,Valex Chanash,True
5414_01,Earth,False,G/872/P,PSO J318.5-22,16.0,False,481.0,0.0,166.0,0.0,122.0,Leen Buckentry,False
5963_01,Mars,False,F/1228/P,55 Cancri e,23.0,False,112.0,1184.0,143.0,2.0,585.0,Poloos Bane,False
4475_02,Europa,True,A/55/S,55 Cancri e,27.0,False,0.0,0.0,0.0,0.0,0.0,Nesham Fairdised,True
6038_01,Mars,False,F/1147/S,TRAPPIST-1e,22.0,False,2413.0,0.0,53.0,1.0,0.0,Dooss Apple,False
2770_01,Earth,False,G/443/S,TRAPPIST-1e,56.0,False,0.0,1721.0,0.0,96.0,0.0,Oraine Gainebergan,False
4156_01,Earth,True,G/684/P,55 Cancri e,15.0,,0.0,0.0,0.0,0.0,0.0,Millia Watkinsley,False
6283_01,Earth,False,F/1206/S,TRAPPIST-1e,21.0,False,0.0,296.0,2.0,0.0,1543.0,Tonyan Chanan,False
7166_01,Mars,False,F/1378/S,TRAPPIST-1e,19.0,False,862.0,0.0,5.0,2032.0,0.0,Cinst Purte,False
7508_01,Europa,False,B/284/S,TRAPPIST-1e,23.0,False,3580.0,564.0,103.0,,90.0,Alar Exible,False
4790_01,Europa,False,B/189/S,,54.0,True,0.0,2853.0,0.0,0.0,1666.0,Alarkab Mirinanty,False
8260_02,Earth,False,G/1334/S,55 Cancri e,8.0,False,0.0,0.0,0.0,0.0,0.0,Stancy Dunnisey,True
3773_01,Earth,False,F/711/S,PSO J318.5-22,22.0,False,2.0,257.0,348.0,2.0,0.0,Ivanna Prestonard,True
1144_01,Earth,False,G/177/S,TRAPPIST-1e,12.0,False,0.0,0.0,0.0,0.0,0.0,Molley Barnolderg,True
4615_01,Mars,False,F/865/S,TRAPPIST-1e,42.0,False,36.0,0.0,2554.0,0.0,9.0,Chon Fla,True
0119_01,,False,A/0/P,TRAPPIST-1e,39.0,False,0.0,2344.0,0.0,65.0,6898.0,Batan Coning,False
1089_02,Europa,False,D/41/P,TRAPPIST-1e,26.0,False,0.0,565.0,1.0,677.0,794.0,Gacrab Pronfraked,False
3305_01,Mars,True,D/106/P,TRAPPIST-1e,35.0,False,0.0,0.0,0.0,0.0,0.0,Swink Jaff,False
5158_01,Earth,False,F/1054/P,TRAPPIST-1e,16.0,False,0.0,1.0,0.0,,61.0,Willah Jacostaney,False
4983_01,Earth,False,F/1016/P,TRAPPIST-1e,22.0,False,61.0,0.0,214.0,445.0,,Mabley Mcbriguez,True
8981_01,Earth,False,E/589/S,TRAPPIST-1e,29.0,False,311.0,7.0,665.0,0.0,0.0,Deanny Rames,False
0147_01,Earth,True,G/26/S,TRAPPIST-1e,50.0,False,0.0,0.0,0.0,0.0,0.0,Samie Hubbarrison,True
2826_02,Europa,False,C/96/P,TRAPPIST-1e,49.0,False,20.0,6807.0,174.0,3538.0,2473.0,Terops Pabler,False
4939_01,Earth,False,F/1007/P,TRAPPIST-1e,19.0,False,0.0,2077.0,0.0,0.0,0.0,Lonnis Bryangton,True
1980_03,Earth,True,G/312/S,TRAPPIST-1e,44.0,False,0.0,0.0,0.0,0.0,0.0,Penne Browlerson,True
2232_01,Earth,False,F/438/S,55 Cancri e,31.0,False,0.0,14.0,671.0,1.0,3.0,Eriky Dyers,False
0525_01,Earth,True,,TRAPPIST-1e,47.0,False,0.0,0.0,0.0,0.0,0.0,Wenise Mirezavis,True
8948_01,Europa,False,B/342/S,TRAPPIST-1e,57.0,,0.0,13.0,0.0,52.0,11325.0,Sterfik Hetforhaft,False
1915_01,Earth,False,E/116/P,TRAPPIST-1e,,False,0.0,51.0,0.0,37.0,704.0,Letta Hurchez,False
3184_01,Europa,False,B/117/S,55 Cancri e,10.0,False,0.0,0.0,0.0,0.0,0.0,Arkard Sechausive,True
3300_02,Mars,False,F/688/P,TRAPPIST-1e,47.0,False,378.0,0.0,117.0,1147.0,132.0,Quan Fla,False
1758_01,Earth,False,G/274/S,TRAPPIST-1e,55.0,False,587.0,0.0,0.0,318.0,3.0,Maril Fielsenders,False
0357_01,Earth,False,F/65/S,TRAPPIST-1e,41.0,False,,1198.0,0.0,124.0,572.0,Eduard Mcleaney,False
2597_02,,False,F/500/S,55 Cancri e,31.0,False,995.0,7.0,1213.0,0.0,687.0,Pikes Jamai,False
2235_01,Earth,False,F/449/P,TRAPPIST-1e,27.0,False,203.0,539.0,0.0,0.0,0.0,Elica Tranciams,False
7014_01,Europa,False,C/257/S,55 Cancri e,25.0,False,0.0,3512.0,20.0,24.0,1459.0,Edar Speery,True
2397_01,Earth,False,G/387/S,55 Cancri e,36.0,False,0.0,810.0,0.0,0.0,0.0,Elenna Raney,False
0340_01,Europa,True,B/10/S,55 Cancri e,38.0,False,0.0,0.0,0.0,0.0,0.0,Pentard Poille,True
6238_01,Mars,True,F/1196/S,TRAPPIST-1e,26.0,False,0.0,0.0,0.0,0.0,0.0,Chios Mity,True
7300_01,Earth,False,G/1189/S,TRAPPIST-1e,35.0,False,0.0,0.0,885.0,0.0,0.0,Joana Emenez,True
4902_01,Earth,True,G/791/P,TRAPPIST-1e,46.0,False,0.0,0.0,0.0,0.0,0.0,Dennie Whiters,False
0824_01,Mars,False,F/158/S,TRAPPIST-1e,51.0,False,815.0,0.0,343.0,55.0,0.0,Teda Chpie,False
1273_01,Earth,False,F/246/S,TRAPPIST-1e,23.0,False,0.0,0.0,0.0,759.0,0.0,Teremy Cruzaley,False
1524_01,Earth,True,G/236/S,TRAPPIST-1e,14.0,False,0.0,0.0,0.0,0.0,0.0,Therie Shawforden,True
6665_02,Europa,False,B/222/P,TRAPPIST-1e,18.0,False,4.0,1337.0,0.0,0.0,182.0,Sabireo Disivering,False
0129_01,Earth,True,G/22/S,PSO J318.5-22,22.0,False,0.0,0.0,,0.0,0.0,Race Fowles,True
8813_01,Earth,False,G/1421/S,PSO J318.5-22,41.0,False,413.0,0.0,0.0,7.0,347.0,,False
3006_01,Earth,False,G/474/S,PSO J318.5-22,19.0,False,23.0,0.0,0.0,0.0,732.0,Race Wolferguson,False
6334_04,Earth,True,G/1028/S,PSO J318.5-22,0.0,False,0.0,0.0,0.0,0.0,0.0,Vick Jenson,True
6169_01,Earth,False,G/1000/S,TRAPPIST-1e,18.0,,382.0,10.0,291.0,90.0,9.0,Carley Harley,True
6558_01,Earth,False,F/1363/P,TRAPPIST-1e,31.0,False,3.0,0.0,0.0,747.0,43.0,Philda Cleminglas,True
8226_02,Mars,True,F/1572/S,TRAPPIST-1e,37.0,False,0.0,0.0,0.0,0.0,0.0,Guark Mille,True
1805_01,Earth,True,G/284/S,TRAPPIST-1e,24.0,False,0.0,0.0,0.0,0.0,0.0,Doryn Bradlerson,True
5067_01,Earth,False,F/964/S,55 Cancri e,36.0,False,0.0,1808.0,0.0,344.0,0.0,Kerryn Wolfernan,True
6390_01,Earth,True,G/1036/S,TRAPPIST-1e,22.0,False,,0.0,0.0,0.0,0.0,Ton Kellson,True
5685_01,Earth,True,G/910/P,TRAPPIST-1e,19.0,False,0.0,0.0,0.0,0.0,0.0,Ianne Bryants,False
5591_01,Earth,False,E/363/S,55 Cancri e,14.0,False,590.0,9.0,0.0,0.0,192.0,Elene Ewiseston,False
1891_01,Mars,True,E/142/S,TRAPPIST-1e,52.0,False,0.0,0.0,0.0,0.0,0.0,,False
0573_01,Earth,False,F/117/P,TRAPPIST-1e,,False,14.0,809.0,25.0,54.0,,Deandy Dickley,False
6421_02,Europa,False,,TRAPPIST-1e,29.0,False,0.0,577.0,0.0,5568.0,432.0,Saxino Redand,False
6085_01,Earth,False,F/1257/P,TRAPPIST-1e,46.0,False,0.0,0.0,868.0,0.0,3.0,Jimmyn Gainney,True
8536_01,Europa,False,E/559/S,55 Cancri e,28.0,False,0.0,101.0,0.0,0.0,12143.0,Mesatik Plattering,False
6446_02,Earth,True,G/1047/S,TRAPPIST-1e,0.0,False,0.0,0.0,0.0,0.0,0.0,Nelley Yatters,True
9110_01,Earth,False,F/1866/P,TRAPPIST-1e,47.0,False,0.0,0.0,16.0,3.0,854.0,Ronne Armstromez,False
6590_01,Europa,True,B/217/P,TRAPPIST-1e,24.0,False,0.0,0.0,0.0,0.0,0.0,Gollux Nifficaus,False
5952_01,Mars,,F/1134/S,55 Cancri e,22.0,False,0.0,0.0,0.0,0.0,0.0,Rants Giba,True
7486_01,Earth,False,G/1210/P,55 Cancri e,14.0,False,0.0,184.0,16.0,1234.0,0.0,Katen Vandez,False
0261_01,Earth,False,F/56/P,TRAPPIST-1e,26.0,False,66.0,29.0,0.0,0.0,803.0,Dord Bookerson,False
3938_01,Mars,True,F/743/S,,56.0,False,0.0,0.0,0.0,0.0,0.0,,True
5487_01,Mars,True,F/1136/P,TRAPPIST-1e,24.0,False,0.0,0.0,0.0,0.0,0.0,Flams Nan,True
1916_01,Europa,True,D/61/P,TRAPPIST-1e,15.0,False,0.0,0.0,0.0,0.0,0.0,Cheddin Castery,True
5696_01,Earth,True,G/911/P,PSO J318.5-22,33.0,False,0.0,0.0,0.0,0.0,0.0,Janney Mcgoway,True
5211_01,Earth,False,E/332/S,TRAPPIST-1e,24.0,False,666.0,938.0,1.0,0.0,,Hen Barrelliver,False
5988_01,Mars,False,F/1235/P,55 Cancri e,44.0,False,2956.0,0.0,10.0,12.0,692.0,Aard Curle,False
1450_02,Europa,False,D/53/S,55 Cancri e,30.0,False,0.0,138.0,0.0,5467.0,112.0,Cella Ailled,False
0314_01,Earth,False,G/51/P,55 Cancri e,26.0,False,386.0,0.0,74.0,0.0,1330.0,Kell Kochroeders,False
3237_01,Mars,False,D/104/P,TRAPPIST-1e,21.0,False,1097.0,0.0,80.0,589.0,0.0,Graw Lapie,False
2565_01,Mars,True,F/527/P,TRAPPIST-1e,17.0,False,0.0,0.0,0.0,0.0,0.0,Miloss Lepie,True
1239_01,Earth,False,E/78/P,PSO J318.5-22,30.0,False,585.0,13.0,122.0,40.0,105.0,Guye Klindsey,True
8054_01,Mars,False,F/1540/S,55 Cancri e,52.0,False,,0.0,262.0,1425.0,571.0,Hex Reste,False
3655_01,Earth,False,F/690/S,TRAPPIST-1e,17.0,False,0.0,432.0,0.0,3003.0,0.0,Deandy Moreman,False
1806_01,Mars,False,E/138/S,TRAPPIST-1e,26.0,False,0.0,0.0,0.0,0.0,0.0,Goos Hotte,False
1271_01,Earth,True,G/189/P,PSO J318.5-22,21.0,False,0.0,0.0,0.0,0.0,0.0,Melara Hubbarrison,False
1423_01,Europa,True,B/61/S,TRAPPIST-1e,24.0,False,0.0,0.0,0.0,0.0,0.0,Seginon Asoppor,True
5780_03,Europa,True,B/195/P,55 Cancri e,21.0,False,0.0,0.0,0.0,0.0,0.0,Betenar Ousious,True
4901_02,Earth,False,E/305/P,TRAPPIST-1e,34.0,False,695.0,25.0,276.0,0.0,0.0,Benny Baldson,False
2907_01,Earth,False,F/552/S,TRAPPIST-1e,25.0,False,0.0,9.0,2005.0,0.0,5.0,Paulah Weavesend,True
4176_02,Mars,True,F/859/P,TRAPPIST-1e,20.0,False,0.0,0.0,0.0,0.0,0.0,Lidex Opité,True
8052_02,Earth,False,G/1302/S,PSO J318.5-22,18.0,False,0.0,0.0,0.0,1.0,335.0,Perryl Serry,False
5345_01,Mars,False,D/167/P,,14.0,False,809.0,0.0,59.0,0.0,0.0,Frunad Cheen,False
4309_01,Earth,False,E/270/P,TRAPPIST-1e,37.0,False,0.0,0.0,785.0,3.0,0.0,Coracy Whitledges,False
6665_03,Europa,False,B/222/P,TRAPPIST-1e,53.0,False,0.0,0.0,0.0,0.0,0.0,Tachba Disivering,True
6033_02,Mars,True,F/1247/P,55 Cancri e,15.0,False,0.0,0.0,0.0,0.0,0.0,Lops Bancy,True
6887_01,Earth,False,G/1122/S,TRAPPIST-1e,32.0,False,0.0,326.0,31.0,5.0,545.0,Beathy Patrichane,False
8216_01,Earth,False,G/1334/P,TRAPPIST-1e,18.0,False,22.0,0.0,681.0,0.0,1.0,Patsya Bonder,True
4815_01,Earth,False,F/907/S,55 Cancri e,21.0,False,564.0,9.0,0.0,0.0,30.0,Amandy Hultz,True
6366_01,Earth,False,E/424/S,PSO J318.5-22,16.0,False,0.0,0.0,99.0,,774.0,Veremy Benderez,True
8966_01,Mars,False,F/1735/S,TRAPPIST-1e,52.0,False,1231.0,2.0,8.0,0.0,0.0,Dow Bush,False
5643_03,Mars,False,F/1077/S,TRAPPIST-1e,15.0,False,643.0,0.0,45.0,0.0,10.0,Eaturs Karte,False
4679_01,Europa,False,C/181/S,TRAPPIST-1e,63.0,False,0.0,4579.0,1.0,1006.0,2084.0,Zaviton Iniouser,True
4774_01,Mars,True,F/972/P,TRAPPIST-1e,0.0,False,0.0,0.0,0.0,0.0,0.0,Siese Perty,True
4030_03,Earth,False,G/661/S,TRAPPIST-1e,0.0,False,0.0,0.0,0.0,0.0,0.0,Gleney Carpennels,False
2179_01,Europa,False,C/80/S,TRAPPIST-1e,30.0,False,437.0,3585.0,0.0,4488.0,281.0,Eltaird Dianket,False
0138_02,Earth,False,E/5/P,,34.0,False,0.0,22.0,0.0,564.0,207.0,Monah Gambs,False
8173_01,Europa,False,C/304/S,TRAPPIST-1e,44.0,False,0.0,3771.0,0.0,521.0,4.0,Asellah Shricatory,True
2549_03,Mars,False,F/522/P,TRAPPIST-1e,55.0,False,1281.0,0.0,7.0,1.0,0.0,Oafron Prin,False
6984_02,Mars,True,F/1450/P,TRAPPIST-1e,54.0,False,0.0,0.0,0.0,0.0,0.0,Peefox Hake,True
0784_01,Europa,True,C/33/S,55 Cancri e,28.0,False,0.0,0.0,0.0,0.0,0.0,Grafirk Aiming,True
1288_01,Earth,False,G/192/P,TRAPPIST-1e,24.0,False,621.0,0.0,0.0,0.0,0.0,Nance Flemaney,False
1267_01,Earth,True,G/191/S,PSO J318.5-22,34.0,,0.0,0.0,0.0,0.0,0.0,Hencey Jacostaffey,True
6864_01,Europa,True,A/71/P,TRAPPIST-1e,13.0,False,0.0,0.0,0.0,0.0,0.0,Aske Scoudelle,True
8636_01,Mars,True,F/1772/P,TRAPPIST-1e,55.0,False,0.0,0.0,0.0,0.0,0.0,Panzel Ruity,True
7667_01,Europa,True,B/251/P,55 Cancri e,15.0,False,0.0,0.0,0.0,0.0,0.0,Suhelik Opshosent,True
9267_01,Europa,True,E/607/S,TRAPPIST-1e,21.0,False,0.0,0.0,0.0,0.0,0.0,Arraid Opshaft,True
6122_01,Earth,False,F/1267/P,55 Cancri e,36.0,False,0.0,0.0,700.0,0.0,0.0,Thelix Burnewman,True
3000_01,Earth,False,F/627/P,TRAPPIST-1e,19.0,False,736.0,0.0,0.0,0.0,1.0,Therta Spencervan,False
0248_01,Europa,False,C/10/S,TRAPPIST-1e,33.0,False,0.0,1.0,0.0,8620.0,1063.0,Genifi Spanxibus,False
3415_01,Earth,False,F/702/P,TRAPPIST-1e,39.0,False,505.0,178.0,181.0,0.0,0.0,Lilace Bakerrison,False
8168_01,Earth,False,F/1561/S,55 Cancri e,32.0,False,7.0,723.0,,6.0,13.0,Alber Carpentley,False
4006_01,Earth,True,G/660/S,55 Cancri e,14.0,,0.0,0.0,0.0,0.0,0.0,Hilly Wolfaddox,True
2403_01,Earth,False,G/388/S,,25.0,False,7.0,0.0,0.0,877.0,0.0,Antony Frederry,False
5719_02,Earth,True,G/918/P,TRAPPIST-1e,3.0,False,0.0,0.0,0.0,0.0,0.0,Min Tranciams,False
1507_01,Earth,False,F/289/S,TRAPPIST-1e,43.0,False,0.0,0.0,1217.0,2.0,0.0,,True
0691_01,Mars,False,E/49/S,TRAPPIST-1e,19.0,False,164.0,0.0,783.0,0.0,0.0,Bubbix Potte,False
3469_01,Europa,True,B/109/P,TRAPPIST-1e,41.0,False,0.0,0.0,0.0,0.0,0.0,Caiamin Singmage,True
1662_01,Earth,False,F/314/S,PSO J318.5-22,20.0,False,127.0,0.0,0.0,542.0,0.0,Wenise Sterson,False
5852_01,Earth,False,E/370/P,TRAPPIST-1e,27.0,False,0.0,0.0,0.0,727.0,260.0,Stendy Byerry,False
0361_01,Earth,False,F/68/S,55 Cancri e,33.0,False,0.0,36.0,0.0,280.0,417.0,Virgie Headardyer,True
1222_01,Earth,False,G/183/P,TRAPPIST-1e,75.0,False,0.0,493.0,0.0,131.0,132.0,Evenna Hubert,False
0285_01,Europa,True,E/16/P,TRAPPIST-1e,14.0,False,0.0,0.0,0.0,0.0,0.0,Krabik Invebodene,True
2274_01,Europa,True,C/79/P,55 Cancri e,27.0,False,0.0,0.0,0.0,0.0,0.0,Alrairk Proorbeng,True
4818_01,Mars,False,D/150/S,TRAPPIST-1e,65.0,False,588.0,196.0,272.0,0.0,0.0,Jele Reake,True
6280_01,Earth,True,G/1012/P,TRAPPIST-1e,47.0,False,0.0,0.0,0.0,0.0,0.0,Chelly Pettyreeman,True
7767_01,Earth,True,G/1257/S,PSO J318.5-22,22.0,False,0.0,0.0,0.0,0.0,0.0,Curtle Oconley,True
9060_01,Earth,False,F/1853/P,TRAPPIST-1e,28.0,False,0.0,8.0,338.0,135.0,390.0,Annard Charryerry,False
2131_01,Earth,False,E/128/P,TRAPPIST-1e,26.0,False,0.0,,0.0,91.0,900.0,Terrie Mayder,False
8854_01,Earth,True,G/1429/S,TRAPPIST-1e,12.0,False,0.0,0.0,0.0,0.0,0.0,Pristy Hammons,False
1161_01,Europa,False,B/48/S,55 Cancri e,28.0,False,0.0,11330.0,72.0,43.0,461.0,Zanino Anderking,True
5938_01,Earth,False,E/384/S,55 Cancri e,14.0,False,0.0,0.0,52.0,0.0,,Melvia Floydendley,True
5738_01,Earth,True,G/929/S,TRAPPIST-1e,18.0,False,0.0,0.0,0.0,0.0,0.0,Ritany Morelly,True
3446_01,Earth,True,G/555/S,PSO J318.5-22,44.0,False,0.0,0.0,0.0,0.0,0.0,Lilasa Buckleinson,True
5915_01,Earth,False,E/382/S,TRAPPIST-1e,32.0,False,0.0,0.0,39.0,0.0,749.0,Garion Mcneiley,False
8123_01,Earth,True,G/1312/P,TRAPPIST-1e,45.0,False,0.0,0.0,0.0,0.0,0.0,Violan Newtontoss,False
0220_03,Earth,True,G/37/P,TRAPPIST-1e,13.0,False,0.0,0.0,0.0,0.0,0.0,Branca Wilsoney,False
5471_01,Earth,False,G/877/S,TRAPPIST-1e,57.0,False,685.0,,0.0,0.0,,Jeanie Loway,False
2015_01,Earth,False,F/387/S,TRAPPIST-1e,19.0,False,1139.0,18.0,0.0,0.0,671.0,Fayene Hickett,True
9128_01,Earth,False,F/1870/P,TRAPPIST-1e,36.0,False,794.0,371.0,0.0,228.0,1.0,Jacque Briggston,False
7974_01,Europa,False,C/259/P,TRAPPIST-1e,27.0,False,0.0,2318.0,1127.0,2423.0,115.0,Azim Geatenth,False
1669_01,Mars,False,F/317/S,TRAPPIST-1e,31.0,False,2436.0,0.0,147.0,16.0,0.0,Flams Spane,False
2768_01,Earth,False,F/533/S,TRAPPIST-1e,36.0,False,123.0,3.0,,7.0,0.0,Herina Cartz,True
3195_06,Earth,True,G/505/S,TRAPPIST-1e,9.0,False,0.0,0.0,0.0,0.0,0.0,Violan Litthews,False
5857_01,Europa,False,E/378/S,TRAPPIST-1e,,False,0.0,2.0,64.0,139.0,3831.0,Caiamin Tinganking,False
6734_01,Europa,False,C/249/S,55 Cancri e,47.0,False,0.0,2699.0,0.0,671.0,8.0,Pleion Sparsaxle,True
7902_03,Earth,True,G/1276/P,TRAPPIST-1e,49.0,False,0.0,0.0,0.0,0.0,0.0,Jodye Georgasey,False
3732_01,Europa,True,A/43/S,55 Cancri e,5.0,False,,0.0,0.0,0.0,0.0,Sheleon Scoudelle,True
4662_01,Europa,False,C/148/P,TRAPPIST-1e,32.0,False,45.0,985.0,0.0,0.0,6803.0,Dirk Uningably,False
5129_01,Earth,True,G/827/P,TRAPPIST-1e,27.0,False,0.0,0.0,0.0,0.0,0.0,Anthia Savaraldez,True
8712_01,Mars,True,F/1792/P,TRAPPIST-1e,14.0,,0.0,0.0,0.0,0.0,0.0,Blesh Snoff,True
1882_02,Europa,True,,55 Cancri e,17.0,False,0.0,0.0,0.0,0.0,0.0,Phonons Antcal,True
4177_03,Europa,False,B/161/S,55 Cancri e,44.0,False,36.0,588.0,0.0,1675.0,3597.0,Wasath Foraud,False
7069_03,Earth,False,G/1159/S,TRAPPIST-1e,0.0,False,0.0,0.0,0.0,0.0,0.0,Ericky Waltonnedy,True
1110_01,Europa,False,C/42/S,TRAPPIST-1e,23.0,False,0.0,24.0,0.0,55.0,7516.0,Auvara Ennalve,False
2736_01,Mars,False,D/81/P,TRAPPIST-1e,27.0,True,1709.0,4.0,24.0,0.0,0.0,Mark Prity,False
4040_01,Earth,True,G/663/P,TRAPPIST-1e,34.0,False,0.0,0.0,0.0,,0.0,Brance Micknightt,False
5479_01,Earth,True,G/881/S,55 Cancri e,36.0,False,0.0,0.0,0.0,0.0,0.0,Timyra Romason,True
0531_02,Earth,True,G/82/P,55 Cancri e,,False,0.0,0.0,0.0,0.0,0.0,Darley Alentonway,True
0714_02,Earth,False,G/109/P,TRAPPIST-1e,1.0,False,0.0,0.0,0.0,0.0,0.0,Claine Rilley,False
5514_03,Earth,False,G/889/S,TRAPPIST-1e,27.0,False,0.0,6.0,0.0,814.0,107.0,Ton Monroellynn,True
1179_01,Europa,True,B/49/S,TRAPPIST-1e,15.0,False,0.0,0.0,0.0,0.0,0.0,Kleeiak Dischod,True
6091_01,Earth,True,G/988/P,TRAPPIST-1e,28.0,False,0.0,0.0,0.0,0.0,0.0,Gera Lynnerett,True
2204_01,Europa,True,B/90/S,55 Cancri e,25.0,False,0.0,0.0,0.0,0.0,0.0,Taraid Aillyber,True
3915_01,Earth,True,G/641/S,TRAPPIST-1e,33.0,False,0.0,0.0,0.0,0.0,0.0,Leondy Mayods,True
2477_01,Europa,True,C/86/P,TRAPPIST-1e,21.0,False,0.0,,0.0,0.0,0.0,Nunkib Suptibler,True
2203_01,Mars,False,D/76/S,TRAPPIST-1e,43.0,False,2019.0,0.0,560.0,0.0,0.0,Guanch Boyst,False
3133_01,Earth,False,G/513/P,PSO J318.5-22,31.0,False,0.0,140.0,394.0,0.0,0.0,Aliey Chanash,False
1381_01,Earth,True,G/209/S,PSO J318.5-22,20.0,False,0.0,0.0,0.0,0.0,0.0,Stevey Hoopez,True
0385_01,Earth,False,G/65/P,TRAPPIST-1e,23.0,False,13.0,747.0,0.0,0.0,128.0,Tanley Klinson,False
8452_04,Europa,False,C/279/P,TRAPPIST-1e,36.0,False,0.0,1055.0,18.0,1669.0,49.0,Muonon Voliat,True
4493_01,Earth,False,F/845/S,TRAPPIST-1e,26.0,False,42.0,65.0,895.0,407.0,0.0,Sus Coolez,True
3225_02,Europa,False,C/120/S,TRAPPIST-1e,28.0,False,0.0,3281.0,0.0,68.0,341.0,Bosoneb Surind,True
8503_02,Europa,False,B/279/P,TRAPPIST-1e,31.0,False,0.0,529.0,0.0,,3884.0,Keidus Coweboded,False
4817_01,Mars,False,F/979/P,TRAPPIST-1e,26.0,False,17.0,0.0,746.0,394.0,0.0,Honda Emone,False
7585_02,Europa,False,C/281/S,TRAPPIST-1e,39.0,,8209.0,18.0,432.0,3560.0,54.0,Azhasim Admingried,False
6613_01,Earth,True,G/1078/S,TRAPPIST-1e,15.0,False,0.0,0.0,0.0,0.0,0.0,Darry Sawyerson,True
6454_01,Earth,True,G/1046/P,TRAPPIST-1e,44.0,False,0.0,0.0,0.0,0.0,,Tin Byerton,True
3009_01,Mars,True,E/185/P,PSO J318.5-22,55.0,False,0.0,0.0,0.0,0.0,0.0,Blakes Chcak,True
4338_01,Europa,False,C/156/S,TRAPPIST-1e,51.0,False,0.0,0.0,0.0,0.0,0.0,Leshmet Gealloyalt,True
4438_01,Mars,False,F/910/P,TRAPPIST-1e,36.0,False,721.0,0.0,471.0,0.0,0.0,Salros Wate,False
2772_01,Earth,False,G/444/S,TRAPPIST-1e,23.0,False,0.0,0.0,0.0,757.0,0.0,Patoya Meyersones,False
3704_01,Earth,False,F/699/S,TRAPPIST-1e,21.0,False,120.0,235.0,0.0,,0.0,Dia Loway,False
7865_02,Europa,True,C/293/S,TRAPPIST-1e,32.0,False,0.0,0.0,0.0,0.0,0.0,Kaffias Secont,True
6363_06,Earth,True,G/1026/P,TRAPPIST-1e,47.0,False,0.0,0.0,0.0,0.0,0.0,Cary Gouldensen,False
7188_03,Europa,True,C/233/P,TRAPPIST-1e,27.0,True,0.0,0.0,0.0,0.0,0.0,Halsham Imingle,True
2096_01,Mars,False,F/412/S,TRAPPIST-1e,29.0,False,216.0,10.0,611.0,594.0,0.0,Milly Kité,False
5103_01,Europa,True,E/317/P,TRAPPIST-1e,56.0,False,0.0,0.0,0.0,0.0,0.0,Proxima Poless,True
8618_02,Europa,True,B/336/S,TRAPPIST-1e,16.0,False,0.0,0.0,0.0,0.0,0.0,Jihonon Resendent,True
5528_01,Earth,False,F/1143/P,TRAPPIST-1e,18.0,False,0.0,288.0,35.0,0.0,435.0,Hanna Peckerson,False
4868_01,Earth,False,E/304/P,TRAPPIST-1e,17.0,False,0.0,775.0,0.0,13.0,0.0,Rona Rocholton,True
8782_01,Mars,True,F/1701/S,TRAPPIST-1e,20.0,False,0.0,0.0,0.0,0.0,,Ale Butty,True
5004_01,Europa,True,B/165/P,TRAPPIST-1e,27.0,False,0.0,0.0,0.0,0.0,0.0,Mediah Gloyanthy,True
8680_01,Mars,False,F/1786/P,TRAPPIST-1e,44.0,False,,971.0,700.0,0.0,0.0,Scera Sty,False
0969_01,Mars,True,F/202/P,TRAPPIST-1e,44.0,False,0.0,0.0,0.0,0.0,0.0,Lar Emone,True
2308_04,Europa,False,D/77/S,TRAPPIST-1e,67.0,False,0.0,4715.0,0.0,599.0,6.0,Polluma Pringrous,True
1186_05,Earth,False,G/183/S,TRAPPIST-1e,12.0,False,0.0,0.0,0.0,0.0,0.0,Eriney Browlerson,False
2709_03,Mars,False,F/523/S,,33.0,False,361.0,0.0,381.0,1622.0,0.0,Rana Welto,False
6080_01,Earth,False,G/989/S,TRAPPIST-1e,39.0,False,657.0,225.0,0.0,,0.0,Lyney Stephendsey,True
3225_01,Europa,True,C/120/S,55 Cancri e,17.0,False,0.0,0.0,0.0,0.0,0.0,Minoton Surind,True
5920_01,Earth,False,F/1223/P,TRAPPIST-1e,33.0,False,48.0,94.0,756.0,308.0,0.0,Celina Buckeenez,False
3913_02,Earth,False,F/738/S,PSO J318.5-22,29.0,False,0.0,2.0,553.0,44.0,0.0,Ermank Waterson,False
2902_01,Earth,False,G/471/P,TRAPPIST-1e,33.0,False,123.0,760.0,0.0,0.0,0.0,Lyney Merkins,False
8010_01,Europa,False,C/300/S,TRAPPIST-1e,59.0,False,0.0,2593.0,0.0,98.0,0.0,,True
7595_01,Earth,False,F/1451/S,TRAPPIST-1e,36.0,False,0.0,7.0,661.0,0.0,93.0,Enrie Owery,True
5365_01,Earth,False,E/337/P,TRAPPIST-1e,60.0,False,943.0,53.0,0.0,0.0,0.0,Pristy Whiters,False
5062_01,Earth,False,E/325/S,,46.0,False,971.0,0.0,20.0,0.0,5.0,Sallie Bushallert,False
5128_02,Mars,False,F/1045/P,TRAPPIST-1e,21.0,False,0.0,1.0,2832.0,0.0,0.0,Frus Frazo,True
0476_03,Mars,True,F/103/P,TRAPPIST-1e,12.0,False,0.0,0.0,0.0,0.0,0.0,Beah Chiff,True
5794_01,Europa,False,D/182/P,TRAPPIST-1e,45.0,False,0.0,1202.0,149.0,1472.0,3379.0,Winopus Shoeweely,False
6802_01,Europa,False,A/68/P,55 Cancri e,42.0,False,1751.0,516.0,0.0,12.0,672.0,Eleb Disteady,False
9179_04,Earth,True,G/1494/P,TRAPPIST-1e,39.0,False,0.0,0.0,0.0,0.0,0.0,Jonald Tranciams,True
2438_01,Mars,True,F/503/P,TRAPPIST-1e,23.0,False,0.0,0.0,0.0,0.0,0.0,Totse Stake,True
8157_05,Earth,False,G/1313/S,55 Cancri e,1.0,False,0.0,0.0,0.0,0.0,0.0,Lyne Morelly,True
0871_01,Europa,False,A/10/S,TRAPPIST-1e,20.0,False,2.0,4754.0,0.0,246.0,31.0,Polar Geneltic,True
2311_01,Earth,False,G/372/P,TRAPPIST-1e,33.0,False,0.0,763.0,1.0,66.0,84.0,Elsane Cabrewsond,False
5765_01,Europa,False,C/181/P,TRAPPIST-1e,42.0,False,0.0,1871.0,0.0,570.0,199.0,Altairk Heermy,False
9059_01,Earth,False,F/1753/S,TRAPPIST-1e,16.0,False,866.0,0.0,0.0,184.0,0.0,Anda Gregordy,False
8989_01,Europa,False,B/291/P,TRAPPIST-1e,17.0,False,0.0,366.0,23492.0,356.0,3.0,,True
3591_01,Earth,False,E/214/P,TRAPPIST-1e,22.0,False,0.0,0.0,0.0,0.0,1609.0,Elenay Serraynardy,False
1939_02,Mars,False,D/62/P,TRAPPIST-1e,13.0,False,3037.0,10.0,43.0,0.0,0.0,Sex Burta,False
6464_01,Earth,False,F/1338/P,PSO J318.5-22,18.0,False,22.0,0.0,20.0,596.0,5.0,Arllia Ellahan,False
0352_01,Mars,False,F/78/P,TRAPPIST-1e,23.0,False,2001.0,0.0,2975.0,0.0,0.0,Hits Strad,False
2824_01,Europa,True,C/104/S,55 Cancri e,35.0,False,0.0,0.0,0.0,0.0,0.0,Shain Rinicapead,True
6913_01,Mars,True,F/1324/S,TRAPPIST-1e,49.0,False,0.0,0.0,0.0,0.0,0.0,Slus Hacle,True
0791_01,Earth,True,G/115/P,PSO J318.5-22,24.0,False,0.0,0.0,0.0,0.0,0.0,Neila Mcfarmerson,False
4542_01,Europa,True,B/150/P,TRAPPIST-1e,19.0,False,0.0,0.0,0.0,0.0,0.0,Coxak Sterve,True
8826_01,Europa,False,C/290/P,55 Cancri e,13.0,False,1212.0,4485.0,0.0,4016.0,57.0,Marin Hednigic,False
6894_02,Mars,False,F/1319/S,TRAPPIST-1e,0.0,False,0.0,0.0,0.0,0.0,0.0,Otlios Hacle,True
1434_03,Earth,True,G/222/P,TRAPPIST-1e,0.0,False,0.0,0.0,0.0,0.0,0.0,Emilla Cartez,False
2561_01,Earth,False,E/178/S,TRAPPIST-1e,19.0,False,194.0,44.0,0.0,549.0,1.0,Jerek Casonston,False
5392_01,Mars,False,E/343/S,TRAPPIST-1e,35.0,True,628.0,6.0,528.0,136.0,0.0,Zelowl Stik,False
4267_01,Earth,True,G/700/P,TRAPPIST-1e,13.0,False,,0.0,0.0,0.0,0.0,Vana Nichaner,True
2813_01,Earth,True,G/449/S,TRAPPIST-1e,14.0,False,0.0,0.0,0.0,0.0,0.0,Therek Bryants,True
5764_01,Earth,False,F/1100/S,TRAPPIST-1e,25.0,False,0.0,0.0,1037.0,8.0,1.0,Shery Nolds,True
1140_03,Europa,True,B/46/S,55 Cancri e,42.0,False,0.0,0.0,0.0,0.0,0.0,Wasaleh Sofraten,True
6862_02,Earth,False,G/1115/S,TRAPPIST-1e,9.0,False,0.0,0.0,0.0,0.0,0.0,Dianie Mcfaddennon,False
2136_01,Earth,False,G/343/S,TRAPPIST-1e,61.0,False,2.0,0.0,17.0,868.0,28.0,Sallie Waltonnedy,False
4822_03,,True,F/981/P,TRAPPIST-1e,22.0,False,0.0,0.0,0.0,0.0,0.0,Miten Hotte,True
1844_02,Earth,True,G/289/S,TRAPPIST-1e,2.0,False,0.0,0.0,0.0,0.0,0.0,Garley Stannondez,True
5146_01,Earth,False,F/986/S,55 Cancri e,26.0,False,7.0,751.0,0.0,38.0,0.0,Maura Cainghannon,True
8845_02,Earth,False,E/566/P,TRAPPIST-1e,23.0,False,0.0,1204.0,40.0,0.0,375.0,Paulah Coolez,False
0935_01,Earth,False,F/194/P,TRAPPIST-1e,36.0,False,0.0,11.0,0.0,18.0,872.0,Terly Rocknight,False
6906_01,Mars,False,F/1432/P,TRAPPIST-1e,35.0,False,1719.0,4389.0,1015.0,0.0,14.0,Elix Pelte,True
2707_02,Europa,True,B/103/S,PSO J318.5-22,29.0,False,0.0,0.0,0.0,0.0,0.0,Misa Belstrut,True
7052_01,Europa,,E/469/S,55 Cancri e,27.0,False,0.0,0.0,0.0,0.0,0.0,Terons Stranbeate,True
0515_01,Europa,True,B/20/S,TRAPPIST-1e,50.0,False,0.0,0.0,0.0,0.0,0.0,Alramix Swinvul,True
3259_01,Earth,False,G/530/P,TRAPPIST-1e,20.0,False,508.0,0.0,1.0,1372.0,0.0,Des Tranciams,False
2305_01,Earth,True,G/368/S,TRAPPIST-1e,60.0,False,0.0,0.0,0.0,0.0,0.0,,False
5592_01,Mars,True,F/1161/P,55 Cancri e,53.0,False,0.0,0.0,0.0,0.0,0.0,Wheard Quith,True
4256_03,Earth,True,G/698/P,TRAPPIST-1e,27.0,False,0.0,0.0,0.0,0.0,0.0,Hencey Garnes,True
2121_01,Earth,True,G/341/P,TRAPPIST-1e,23.0,False,0.0,0.0,0.0,0.0,0.0,Timyra Peterstarks,False
5814_05,Mars,True,D/176/S,TRAPPIST-1e,54.0,False,0.0,0.0,0.0,0.0,0.0,Caper Bine,True
6148_02,Mars,True,F/1176/S,TRAPPIST-1e,,False,0.0,0.0,0.0,0.0,0.0,Pikes Sueke,True
0220_04,Earth,False,E/10/P,TRAPPIST-1e,25.0,False,122.0,84.0,,0.0,0.0,Dont Wilsoney,False
6096_03,Mars,False,F/1162/S,TRAPPIST-1e,18.0,False,4397.0,610.0,1437.0,4.0,0.0,Pebray Wooes,False
7579_01,Earth,False,G/1229/S,PSO J318.5-22,45.0,False,1.0,7.0,56.0,613.0,0.0,Willy Curton,True
5886_01,Mars,False,F/1216/P,TRAPPIST-1e,24.0,False,10.0,49.0,,1497.0,10.0,Swack Fate,False
3029_01,Europa,False,C/103/P,55 Cancri e,21.0,False,0.0,878.0,82.0,360.0,1784.0,Geno Disgul,False
8504_02,Earth,True,G/1385/P,55 Cancri e,22.0,False,0.0,0.0,0.0,0.0,0.0,Kencey Moranthons,True
2432_01,Earth,False,F/499/P,TRAPPIST-1e,19.0,False,0.0,0.0,79.0,,0.0,Cellex Anthompson,False
8956_03,Earth,False,G/1453/P,PSO J318.5-22,24.0,False,0.0,0.0,40.0,0.0,575.0,Sallyl Bonnondry,False
7993_01,Europa,True,A/96/S,TRAPPIST-1e,40.0,False,0.0,0.0,0.0,0.0,0.0,Alphact Frakepeed,True
3353_05,Europa,False,C/125/S,55 Cancri e,19.0,False,0.0,4494.0,0.0,11.0,3460.0,Ankaan Reming,True
0398_01,Mars,False,D/13/S,TRAPPIST-1e,22.0,False,28.0,420.0,36.0,6011.0,3.0,Wales Tité,False
5581_01,Europa,True,B/212/S,55 Cancri e,27.0,False,0.0,0.0,0.0,0.0,,Alpha Frolestty,True
4711_01,Mars,False,F/959/P,TRAPPIST-1e,65.0,False,1420.0,0.0,84.0,0.0,0.0,Duckes Datte,False
1218_01,Earth,False,F/243/P,TRAPPIST-1e,14.0,False,0.0,0.0,0.0,2143.0,7.0,Karah Gilleranks,False
1526_01,Earth,False,F/300/P,55 Cancri e,23.0,False,4.0,,2.0,254.0,521.0,Karia Sotond,False
8796_08,Earth,True,G/1418/S,55 Cancri e,3.0,False,0.0,0.0,0.0,0.0,0.0,Dondy Traverdy,True
4446_04,Europa,False,B/175/S,55 Cancri e,41.0,False,35.0,6103.0,0.0,180.0,160.0,Grum Chocaters,True
8050_02,Earth,True,,TRAPPIST-1e,1.0,False,0.0,0.0,0.0,0.0,0.0,Ivanne Frazie,True
6981_01,Earth,False,F/1332/S,PSO J318.5-22,41.0,False,0.0,0.0,0.0,0.0,628.0,Joanny Cainghannon,False
9074_05,Earth,True,G/1460/S,TRAPPIST-1e,2.0,False,0.0,0.0,0.0,0.0,0.0,Fayel Trerady,True
3124_03,Mars,True,F/648/P,TRAPPIST-1e,46.0,False,0.0,0.0,0.0,0.0,0.0,Wal Hapie,True
1974_01,Mars,False,D/63/P,TRAPPIST-1e,41.0,False,3702.0,0.0,1.0,0.0,18.0,Sugark Cusa,False
2819_01,Earth,False,F/586/P,TRAPPIST-1e,38.0,False,77.0,169.0,0.0,0.0,470.0,Stal Ocherman,False
7437_01,Europa,True,B/279/S,55 Cancri e,45.0,False,0.0,0.0,0.0,0.0,0.0,Mesatan Disgul,True
2762_02,Earth,False,G/439/S,55 Cancri e,15.0,False,254.0,0.0,10.0,180.0,0.0,Paulah Leonzaley,False
1026_01,Earth,True,G/159/S,TRAPPIST-1e,21.0,False,,0.0,0.0,0.0,0.0,Lilace Leetersoney,False
1150_01,Earth,True,G/179/S,55 Cancri e,16.0,,,0.0,0.0,0.0,0.0,Dona Brookes,False
2537_01,Earth,False,E/152/P,PSO J318.5-22,23.0,False,0.0,9.0,292.0,35.0,349.0,Dwin Meltoney,True
4625_02,Europa,True,B/183/S,55 Cancri e,24.0,False,0.0,0.0,0.0,0.0,0.0,Naosa Ineedeve,True
3501_01,Mars,False,,TRAPPIST-1e,32.0,False,1272.0,0.0,1103.0,9.0,0.0,Swaffs Paste,False
7175_01,Earth,False,F/1486/P,TRAPPIST-1e,18.0,False,0.0,0.0,773.0,0.0,4.0,Lulah Ramoran,False
8254_01,Mars,True,F/1700/P,TRAPPIST-1e,,False,0.0,0.0,0.0,0.0,0.0,Cocowl Cone,True
6301_01,Earth,False,F/1304/P,TRAPPIST-1e,16.0,False,17.0,,0.0,537.0,173.0,Done Logannon,False
7833_01,Europa,False,B/305/S,55 Cancri e,34.0,False,0.0,3424.0,6.0,2445.0,1128.0,Ainkard Spandisket,False
2555_02,Europa,True,B/78/P,TRAPPIST-1e,34.0,False,0.0,0.0,0.0,0.0,0.0,Aldera Glisormal,True
2404_01,Europa,False,C/86/S,TRAPPIST-1e,29.0,False,0.0,544.0,7.0,2650.0,1561.0,Scharab Disheract,False
7099_01,Earth,False,F/1471/P,55 Cancri e,21.0,False,301.0,,19.0,0.0,0.0,Elicey Warrison,False
3136_01,Earth,True,G/514/P,TRAPPIST-1e,29.0,False,0.0,0.0,0.0,0.0,0.0,Feline Mcneiderson,True
6443_07,Earth,True,G/1046/S,TRAPPIST-1e,5.0,False,0.0,0.0,0.0,0.0,0.0,Everly Cochrisons,True
7830_03,Earth,False,G/1268/S,TRAPPIST-1e,46.0,False,0.0,,0.0,17.0,655.0,Willah Belley,False
8217_01,Earth,False,F/1570/S,TRAPPIST-1e,49.0,False,0.0,4.0,50.0,0.0,746.0,Joanny Mcbriddley,False
0993_01,Earth,False,F/184/S,55 Cancri e,24.0,False,252.0,0.0,0.0,449.0,0.0,Juanie Miltongson,False
0250_01,Earth,True,G/38/S,PSO J318.5-22,47.0,False,,0.0,0.0,0.0,0.0,Camily Kramosley,False
2662_01,Mars,False,F/551/P,55 Cancri e,,False,1722.0,4.0,937.0,0.0,0.0,Gies Ban,False
2486_01,Earth,False,F/513/P,TRAPPIST-1e,26.0,False,552.0,192.0,30.0,0.0,1.0,Marily Lopelases,False
6529_01,Earth,True,G/1063/S,PSO J318.5-22,21.0,False,0.0,0.0,0.0,0.0,0.0,Davis Williotters,True
8826_02,Europa,False,C/290/P,55 Cancri e,25.0,False,1369.0,310.0,3.0,4502.0,377.0,Nusakab Hednigic,False
1853_01,Earth,True,G/302/P,TRAPPIST-1e,14.0,False,0.0,0.0,0.0,0.0,0.0,Annez Webstenson,True
8003_01,Mars,False,F/1659/P,TRAPPIST-1e,7.0,False,0.0,0.0,0.0,0.0,0.0,Himass Tre,True
6827_03,Europa,True,A/84/S,TRAPPIST-1e,50.0,False,0.0,0.0,0.0,0.0,0.0,Zinoces Listive,True
0863_01,Earth,True,G/129/S,TRAPPIST-1e,36.0,False,0.0,0.0,0.0,0.0,0.0,Jone Walkerez,False
2090_01,Earth,False,F/413/P,TRAPPIST-1e,22.0,False,8.0,0.0,801.0,0.0,12.0,Dia Watkinsley,True
6322_01,Earth,False,E/419/S,TRAPPIST-1e,16.0,False,0.0,68.0,1541.0,0.0,0.0,Yvonna Cooperkins,True
3535_01,Mars,False,,TRAPPIST-1e,36.0,False,1304.0,0.0,7.0,18.0,0.0,Clow Porki,False
5397_01,Mars,True,D/162/S,TRAPPIST-1e,42.0,False,0.0,0.0,0.0,0.0,0.0,Rish Jamai,True
6243_01,Earth,True,G/1010/S,PSO J318.5-22,33.0,False,0.0,0.0,0.0,0.0,0.0,Holey Maystuarey,True
9264_01,Europa,True,E/606/S,55 Cancri e,30.0,False,0.0,0.0,0.0,0.0,0.0,Giedir Sionerorly,True
7311_01,Earth,False,F/1514/P,TRAPPIST-1e,18.0,False,0.0,949.0,0.0,0.0,0.0,Winia Gordanieves,False
0322_01,Earth,True,G/45/S,PSO J318.5-22,13.0,False,0.0,0.0,0.0,0.0,0.0,Annya Blange,False
7256_01,Earth,False,E/484/S,TRAPPIST-1e,21.0,False,42.0,606.0,1.0,38.0,100.0,Lynnie Scottney,False
2854_01,Earth,False,F/591/P,55 Cancri e,14.0,False,0.0,,14.0,692.0,809.0,Phia Buckentry,False
0555_01,Europa,True,C/20/P,55 Cancri e,61.0,False,0.0,0.0,0.0,0.0,0.0,Alraixa Graciansus,True
6213_01,Earth,False,F/1280/P,55 Cancri e,25.0,,258.0,0.0,306.0,311.0,24.0,Edgary Vincenton,True
7688_01,Earth,False,G/1233/P,TRAPPIST-1e,0.0,False,0.0,0.0,0.0,0.0,0.0,Rice Harrenoldez,False
5035_01,Earth,True,G/825/S,TRAPPIST-1e,13.0,False,0.0,0.0,0.0,0.0,0.0,Sethew Coolerson,True
5820_01,Earth,,F/1112/S,TRAPPIST-1e,45.0,False,112.0,406.0,198.0,0.0,0.0,Ellene Tersony,True
1461_01,Earth,True,G/224/S,TRAPPIST-1e,,False,0.0,,0.0,0.0,0.0,Naomin Gordond,False
1351_01,Earth,False,G/202/P,TRAPPIST-1e,22.0,False,0.0,0.0,0.0,0.0,0.0,,False
7696_01,Mars,False,E/499/P,TRAPPIST-1e,34.0,False,751.0,0.0,185.0,0.0,77.0,Sceres Hooff,False
5058_03,Mars,True,F/963/S,TRAPPIST-1e,42.0,False,0.0,0.0,0.0,0.0,0.0,Leos Apie,True
2545_01,Earth,True,G/410/P,55 Cancri e,78.0,False,0.0,0.0,0.0,0.0,0.0,Joycey Hoppernardy,False
1413_01,Earth,True,G/218/S,PSO J318.5-22,18.0,False,0.0,0.0,0.0,0.0,0.0,Genee Nichoan,False
0770_03,Earth,,G/117/S,TRAPPIST-1e,54.0,False,0.0,0.0,0.0,0.0,0.0,Hughy Mclardson,False
8864_01,Mars,True,F/1717/S,TRAPPIST-1e,18.0,False,0.0,0.0,0.0,0.0,0.0,Tench Pert,True
0333_01,Mars,True,F/73/P,55 Cancri e,29.0,False,0.0,0.0,0.0,0.0,0.0,Phios Melie,True
2221_01,Earth,True,G/355/P,PSO J318.5-22,29.0,False,0.0,0.0,0.0,0.0,0.0,Andrey Fisherry,True
3511_01,Mars,False,F/661/S,55 Cancri e,22.0,False,124.0,0.0,1763.0,0.0,1014.0,Basps Horte,False
4256_05,Earth,False,G/698/P,TRAPPIST-1e,37.0,False,0.0,0.0,115.0,671.0,0.0,Elicia Wooterston,False
0828_02,Earth,False,F/159/S,TRAPPIST-1e,41.0,False,324.0,2.0,,7.0,26.0,Rosey Santry,True
2919_01,Mars,False,D/96/S,TRAPPIST-1e,43.0,False,13.0,2119.0,315.0,0.0,261.0,Slix Kra,True
0358_02,Earth,True,G/50/S,PSO J318.5-22,32.0,False,0.0,0.0,0.0,0.0,0.0,Dandy Connon,True
9156_01,Europa,True,B/351/S,TRAPPIST-1e,28.0,False,0.0,0.0,0.0,0.0,0.0,Eltan Geneltic,True
4644_01,Earth,False,F/872/S,55 Cancri e,13.0,False,8.0,1385.0,1445.0,250.0,8.0,Juliey Fultz,True
6621_01,Earth,False,F/1378/P,55 Cancri e,43.0,False,0.0,0.0,642.0,0.0,8.0,Jilly Summington,True
0571_03,Europa,True,C/21/P,TRAPPIST-1e,42.0,False,0.0,0.0,0.0,0.0,0.0,Bahoton Ousious,True
8577_01,Mars,True,F/1654/S,TRAPPIST-1e,56.0,False,0.0,0.0,0.0,0.0,0.0,Mans Kill,True
7247_01,Earth,False,F/1396/S,TRAPPIST-1e,30.0,False,0.0,0.0,0.0,0.0,1150.0,Chrisa Hurchanney,False
0879_01,Earth,False,,TRAPPIST-1e,46.0,False,784.0,0.0,0.0,0.0,4.0,Therta Lanks,False
8458_04,Europa,True,C/319/S,TRAPPIST-1e,54.0,False,0.0,0.0,0.0,0.0,0.0,Tachib Sempreate,True
2571_01,Earth,False,G/414/P,TRAPPIST-1e,28.0,False,145.0,8.0,557.0,0.0,74.0,Janee Lamberguson,True
1304_04,Earth,False,E/82/P,TRAPPIST-1e,9.0,False,0.0,0.0,0.0,0.0,0.0,Sethew Powenoble,True
0434_01,Mars,True,F/77/S,TRAPPIST-1e,45.0,False,0.0,0.0,0.0,0.0,0.0,Row Pread,True
3758_01,Earth,False,G/618/S,TRAPPIST-1e,18.0,False,381.0,4.0,0.0,0.0,368.0,Ianya Litthews,False
5793_01,Europa,True,E/375/S,55 Cancri e,59.0,False,0.0,0.0,0.0,0.0,0.0,Dhenah Gloyanthy,True
2552_03,Earth,False,G/408/S,55 Cancri e,4.0,False,0.0,0.0,0.0,0.0,0.0,Teryla Vincenton,True
5243_02,Earth,True,G/855/S,TRAPPIST-1e,33.0,False,0.0,0.0,0.0,0.0,0.0,Dont Melez,True
4416_01,Europa,True,B/143/P,55 Cancri e,47.0,False,0.0,0.0,0.0,0.0,0.0,Alramak Prearright,True
2312_01,,True,G/369/S,TRAPPIST-1e,28.0,False,0.0,0.0,,0.0,0.0,Billex Sykess,False
3937_01,Earth,False,F/742/S,TRAPPIST-1e,24.0,False,45.0,588.0,5.0,7.0,0.0,Vanie Rossey,True
7950_02,Earth,True,G/1287/P,TRAPPIST-1e,,False,0.0,0.0,0.0,0.0,0.0,,True
2000_01,Europa,False,C/76/S,55 Cancri e,28.0,False,5.0,2676.0,13.0,0.0,157.0,Weia Plattering,True
3681_02,Europa,False,B/144/S,TRAPPIST-1e,21.0,False,4.0,,137.0,1640.0,455.0,Giedir Irived,False
6034_02,Mars,True,E/385/P,PSO J318.5-22,31.0,False,0.0,0.0,0.0,0.0,0.0,Othawk Pette,False
8884_01,Earth,False,F/1830/P,TRAPPIST-1e,26.0,False,1471.0,0.0,7.0,5.0,0.0,Jenne Mckins,True
6954_02,,False,E/445/P,TRAPPIST-1e,22.0,False,969.0,47.0,23.0,134.0,0.0,Weet Flie,False
5122_01,Earth,False,F/981/S,TRAPPIST-1e,24.0,False,0.0,464.0,321.0,0.0,90.0,Line Knoxtones,True
6489_01,Earth,True,G/1049/P,TRAPPIST-1e,16.0,False,0.0,0.0,0.0,0.0,0.0,Elsane Balley,False
0501_01,Europa,False,E/32/P,TRAPPIST-1e,42.0,False,0.0,929.0,967.0,,481.0,Hadirk Spedlybood,False
6111_04,Europa,True,A/58/P,55 Cancri e,34.0,False,0.0,0.0,0.0,0.0,0.0,Hezenif Folumorly,True
4262_01,Europa,True,C/135/P,TRAPPIST-1e,22.0,False,0.0,0.0,0.0,0.0,0.0,Ankabih Derterval,True
3948_01,Earth,False,F/814/P,TRAPPIST-1e,18.0,False,325.0,0.0,477.0,50.0,5.0,Erick Castron,False
7868_01,Earth,False,E/517/S,55 Cancri e,17.0,False,6256.0,0.0,0.0,1.0,21.0,Elly Hayerson,False
5394_01,Mars,False,D/172/P,TRAPPIST-1e,14.0,False,246.0,0.0,2153.0,0.0,0.0,Coakey Nanie,True
9158_01,Europa,True,B/298/P,55 Cancri e,30.0,True,0.0,0.0,0.0,0.0,0.0,Magnon Maglible,True
1421_01,Mars,False,F/274/S,TRAPPIST-1e,37.0,False,328.0,6153.0,,26.0,820.0,Whark Cres,False
7484_01,Earth,False,G/1209/P,55 Cancri e,25.0,False,0.0,1435.0,0.0,0.0,0.0,Coracy Rivanseney,True
9231_03,Mars,False,E/592/P,TRAPPIST-1e,22.0,False,0.0,0.0,0.0,0.0,0.0,Cus Paie,False
7379_01,Earth,False,F/1416/S,TRAPPIST-1e,20.0,False,9.0,0.0,1540.0,0.0,0.0,Annard Bryants,False
6477_02,Europa,False,D/196/S,55 Cancri e,17.0,False,0.0,311.0,6.0,4236.0,557.0,Ranan Witeronfus,False
3883_01,Europa,True,B/150/S,55 Cancri e,17.0,False,0.0,0.0,0.0,0.0,0.0,Mergas Unreezy,True
6766_01,Earth,False,G/1098/P,PSO J318.5-22,16.0,False,399.0,0.0,3.0,0.0,137.0,Viviay Nieldson,False
0020_06,Earth,False,E/0/S,TRAPPIST-1e,7.0,False,0.0,0.0,0.0,0.0,0.0,Terta Mcfaddennon,False
0664_01,Europa,False,E/46/S,TRAPPIST-1e,36.0,False,0.0,0.0,0.0,4507.0,5689.0,Jabba Cylistrand,False
2084_01,Europa,False,A/16/P,TRAPPIST-1e,40.0,False,19.0,10.0,1.0,4759.0,6007.0,Aston Boltund,False
4623_01,Europa,False,C/146/P,PSO J318.5-22,34.0,True,0.0,,21.0,7.0,16.0,Sadrix Repumparte,True
9220_03,Earth,False,F/1886/P,PSO J318.5-22,22.0,False,623.0,0.0,,0.0,53.0,Kennie Barrilloney,True
5909_01,Earth,False,F/1127/S,55 Cancri e,19.0,False,0.0,716.0,0.0,0.0,0.0,Luisy Fryan,True
8129_01,Earth,True,,55 Cancri e,13.0,False,0.0,0.0,0.0,0.0,0.0,Eline Casonston,True
7742_01,Mars,True,F/1477/S,TRAPPIST-1e,41.0,False,0.0,0.0,0.0,0.0,0.0,Wifts Nake,True
4289_01,Mars,True,F/890/P,TRAPPIST-1e,32.0,False,0.0,0.0,0.0,0.0,0.0,Lidex Perta,True
3392_02,Earth,True,G/541/S,TRAPPIST-1e,4.0,False,0.0,0.0,0.0,0.0,0.0,Jenn Gallard,True
5981_01,Mars,False,F/1140/S,TRAPPIST-1e,27.0,False,441.0,0.0,397.0,471.0,0.0,Harz Quart,False
0470_02,,True,F/86/S,TRAPPIST-1e,36.0,False,0.0,0.0,0.0,0.0,0.0,Jurs Binie,True
4930_01,Europa,True,B/161/P,,47.0,False,0.0,0.0,0.0,0.0,0.0,Alar Alenter,True
0850_01,Mars,True,E/62/S,TRAPPIST-1e,54.0,False,0.0,0.0,0.0,0.0,0.0,Koops Nan,True
7525_02,Europa,True,C/279/S,55 Cancri e,61.0,False,0.0,0.0,0.0,0.0,0.0,Geonev Retefule,True
4534_01,Earth,False,F/851/S,55 Cancri e,30.0,False,60.0,41.0,553.0,1.0,0.0,Carry Floydendley,True
7743_01,Earth,False,G/1244/P,TRAPPIST-1e,63.0,False,0.0,243.0,0.0,777.0,0.0,Jilley Alshipson,False
5188_01,Earth,False,G/838/P,TRAPPIST-1e,34.0,False,0.0,160.0,0.0,611.0,44.0,Chesty Bootez,False
5887_01,Earth,False,E/374/P,PSO J318.5-22,50.0,False,781.0,2.0,0.0,61.0,0.0,Adrie Cochrisons,True
1829_06,Europa,False,D/56/P,TRAPPIST-1e,29.0,False,0.0,699.0,0.0,0.0,1955.0,Ankark Persed,False
1478_02,Earth,False,F/289/P,PSO J318.5-22,39.0,False,,19.0,733.0,0.0,701.0,Toniel Sweene,False
1892_03,Europa,False,D/59/P,55 Cancri e,19.0,False,0.0,748.0,158.0,5037.0,44.0,Schird Stpingepid,False
5106_01,Earth,True,G/834/S,TRAPPIST-1e,29.0,False,0.0,0.0,0.0,0.0,0.0,Helle Barrez,True
1766_01,Earth,False,F/338/S,55 Cancri e,21.0,False,112.0,0.0,0.0,0.0,1333.0,Ronne Adavisons,False
2384_01,Earth,True,G/383/S,TRAPPIST-1e,57.0,False,0.0,0.0,0.0,0.0,0.0,Paulah Cleachrand,False
8053_01,Mars,False,F/1663/P,TRAPPIST-1e,29.0,False,1544.0,1.0,206.0,0.0,0.0,Spix Burie,False
8663_01,Earth,False,G/1394/S,TRAPPIST-1e,14.0,False,450.0,4791.0,896.0,0.0,0.0,Fery Hurchrisong,True
4210_02,Europa,True,C/151/S,55 Cancri e,28.0,False,0.0,0.0,0.0,0.0,0.0,Naosura Siccertful,True
5507_01,Mars,False,E/356/S,TRAPPIST-1e,21.0,False,0.0,0.0,0.0,0.0,0.0,Blakes Saf,False
3389_01,Mars,False,F/642/S,TRAPPIST-1e,23.0,False,24.0,1.0,1264.0,0.0,0.0,Hog Bun,True
5488_03,Europa,False,B/186/P,TRAPPIST-1e,53.0,False,0.0,6634.0,0.0,5047.0,108.0,Krabius Hoorherve,False
1153_01,Earth,True,G/174/P,TRAPPIST-1e,18.0,False,0.0,0.0,0.0,0.0,0.0,Alfrey Corman,True
2871_02,Europa,True,B/88/P,TRAPPIST-1e,27.0,False,0.0,0.0,0.0,0.0,0.0,Sarthim Unregul,True
8404_01,Earth,True,G/1346/S,TRAPPIST-1e,48.0,False,0.0,0.0,0.0,,0.0,Leria Hurles,True
1811_01,Earth,True,G/285/S,PSO J318.5-22,25.0,False,0.0,0.0,0.0,0.0,0.0,Gerry Georgasey,True
5984_02,Mars,False,E/381/P,TRAPPIST-1e,24.0,False,555.0,0.0,618.0,0.0,0.0,Ale Kin,False
8723_01,Earth,False,F/1794/P,TRAPPIST-1e,38.0,False,32.0,1163.0,0.0,52.0,1935.0,Aleen Traverdy,False
6415_01,Mars,True,F/1225/S,TRAPPIST-1e,51.0,False,0.0,0.0,0.0,0.0,0.0,Eang Potie,True
1712_02,Mars,False,F/339/P,TRAPPIST-1e,27.0,False,103.0,1.0,49.0,2421.0,24.0,Cinets Pamca,False
5005_01,Earth,False,F/1019/P,TRAPPIST-1e,46.0,False,819.0,31.0,0.0,49.0,2.0,Rayley Daughtson,False
7119_01,Earth,False,F/1476/P,TRAPPIST-1e,20.0,False,415.0,479.0,0.0,1019.0,239.0,Blancy Morrows,False
8203_01,Europa,False,C/307/S,55 Cancri e,23.0,False,0.0,395.0,0.0,6.0,,Altan Pernised,False
8405_01,Earth,False,G/1372/P,TRAPPIST-1e,37.0,False,0.0,0.0,1025.0,0.0,0.0,Randa Bairdford,True
7872_06,Earth,False,G/1267/P,PSO J318.5-22,7.0,False,0.0,0.0,0.0,0.0,0.0,Herita Wardendez,True
6137_05,Earth,True,G/994/S,TRAPPIST-1e,2.0,False,0.0,0.0,0.0,0.0,0.0,Loree Serry,True
5823_01,Earth,True,G/944/S,55 Cancri e,18.0,False,0.0,0.0,0.0,0.0,0.0,Ronna Antoshipson,True
1439_02,Mars,False,D/52/S,TRAPPIST-1e,30.0,False,806.0,100.0,9.0,,47.0,Croo Lette,False
6934_01,Mars,False,F/1436/P,TRAPPIST-1e,47.0,False,160.0,0.0,1232.0,36.0,0.0,Cats Nutty,True
5557_01,Earth,True,G/890/P,TRAPPIST-1e,37.0,False,0.0,0.0,0.0,0.0,0.0,Jerek Mathison,True
8383_05,Earth,False,G/1368/P,TRAPPIST-1e,8.0,,0.0,0.0,0.0,0.0,0.0,Gwenda Gibbsonton,False
1767_02,Europa,False,C/65/S,TRAPPIST-1e,50.0,False,3677.0,782.0,0.0,6.0,1168.0,Decruxa Stewder,True
1649_01,Earth,True,G/265/P,55 Cancri e,14.0,False,0.0,0.0,0.0,0.0,0.0,Diandi Hinglendez,False
5859_01,Earth,False,E/371/P,,23.0,False,0.0,456.0,2624.0,912.0,8.0,Leene Griffince,True
2506_02,Europa,True,A/19/P,55 Cancri e,39.0,False,0.0,0.0,0.0,0.0,0.0,Mariton Apenelexy,True
5716_01,Earth,False,F/1093/S,PSO J318.5-22,29.0,False,0.0,173.0,0.0,0.0,1155.0,Gabrin Jimes,True
6511_03,Earth,True,G/1055/P,55 Cancri e,0.0,False,0.0,0.0,0.0,0.0,0.0,Thelix Gainney,True
3641_02,Earth,False,G/595/P,TRAPPIST-1e,48.0,False,,0.0,1.0,0.0,0.0,Lilasa Powery,False
3836_01,Mars,False,F/723/S,TRAPPIST-1e,21.0,False,1060.0,0.0,91.0,0.0,0.0,,True
5885_08,Earth,False,G/954/S,TRAPPIST-1e,25.0,False,0.0,0.0,892.0,0.0,0.0,Fayene Oneiles,True
2944_02,Earth,False,G/469/S,PSO J318.5-22,2.0,False,,0.0,0.0,0.0,0.0,Ernard Nichoan,False
5006_03,Europa,False,B/166/P,TRAPPIST-1e,20.0,False,0.0,219.0,0.0,5.0,3283.0,Alark Stingive,False
3332_02,Mars,True,D/107/S,TRAPPIST-1e,37.0,False,0.0,0.0,0.0,0.0,0.0,Plat Flate,True
2861_01,Earth,False,F/547/S,TRAPPIST-1e,17.0,False,5.0,756.0,0.0,0.0,0.0,Evaley Marson,True
5626_01,Earth,True,G/911/S,PSO J318.5-22,23.0,False,0.0,0.0,0.0,0.0,0.0,Fayen Vinston,True
8661_01,Earth,False,F/1675/S,TRAPPIST-1e,19.0,False,886.0,0.0,0.0,1587.0,12.0,Herina Pierry,False
4888_01,Europa,True,C/192/S,TRAPPIST-1e,28.0,False,0.0,0.0,0.0,0.0,0.0,Mark Tairbatic,True
4508_02,Mars,False,E/283/P,TRAPPIST-1e,21.0,False,572.0,584.0,128.0,14.0,0.0,Eet Pepie,False
8899_01,Earth,False,G/1435/S,TRAPPIST-1e,6.0,False,0.0,0.0,0.0,0.0,0.0,Helle Bookson,True
5303_05,Earth,False,G/857/P,55 Cancri e,7.0,False,0.0,0.0,0.0,0.0,0.0,Ronia Lambleyoun,False
1637_01,Earth,True,G/255/S,TRAPPIST-1e,25.0,False,0.0,0.0,0.0,0.0,0.0,Leony Ricews,True
7022_01,Europa,False,D/215/S,TRAPPIST-1e,35.0,False,0.0,5552.0,6.0,8.0,226.0,Wimps Bleling,True
0241_01,Europa,,E/11/P,55 Cancri e,33.0,False,0.0,1249.0,0.0,4812.0,1116.0,Alas Dischod,False
5196_01,Earth,True,G/839/P,TRAPPIST-1e,43.0,False,0.0,0.0,0.0,0.0,0.0,Gracey Haynard,True
3431_01,Mars,True,F/705/P,TRAPPIST-1e,,False,0.0,0.0,0.0,0.0,0.0,Tig Datte,True
1628_01,Europa,True,B/71/S,TRAPPIST-1e,47.0,False,0.0,0.0,0.0,0.0,0.0,Zauri Foraud,True
3826_01,,False,G/626/S,TRAPPIST-1e,18.0,False,0.0,0.0,0.0,1565.0,224.0,Fanna Navages,False
7098_01,Earth,False,F/1356/S,TRAPPIST-1e,35.0,False,3.0,0.0,651.0,0.0,78.0,Joanny Guerson,True
1709_02,Mars,False,D/61/S,TRAPPIST-1e,23.0,False,2210.0,0.0,89.0,0.0,0.0,Bet Minen,True
8451_01,Mars,False,F/1625/S,55 Cancri e,31.0,False,1997.0,0.0,0.0,0.0,0.0,Ale Start,False
9024_01,Mars,False,F/1749/S,55 Cancri e,27.0,False,63.0,0.0,1970.0,0.0,0.0,Flys Jamai,True
8489_01,Earth,True,G/1383/P,PSO J318.5-22,22.0,False,,0.0,0.0,0.0,0.0,Elicey Danielps,True
1011_01,Earth,False,,TRAPPIST-1e,31.0,False,1633.0,4.0,49.0,6.0,0.0,Camie Prinson,False
4465_01,Europa,True,A/54/S,TRAPPIST-1e,2.0,False,0.0,0.0,0.0,0.0,0.0,Aldhib Diabysid,False
8836_02,Earth,True,G/1430/P,TRAPPIST-1e,19.0,False,0.0,0.0,0.0,0.0,0.0,Jeron Mcinton,False
8674_01,Mars,False,F/1784/P,TRAPPIST-1e,21.0,False,4924.0,0.0,49.0,2.0,0.0,Gra Resty,False
1578_01,Earth,False,E/98/P,TRAPPIST-1e,22.0,False,0.0,24.0,0.0,176.0,783.0,Everly Garrincent,False
9221_01,Earth,True,G/1497/P,TRAPPIST-1e,21.0,False,0.0,0.0,0.0,0.0,,Elicey Beachez,False
2558_03,Mars,False,F/525/P,TRAPPIST-1e,55.0,False,403.0,0.0,922.0,0.0,0.0,Wor Katte,True
1348_02,Europa,True,B/57/S,TRAPPIST-1e,,False,0.0,0.0,0.0,0.0,0.0,Aske Balightal,True
2189_01,Earth,,G/354/P,TRAPPIST-1e,34.0,False,0.0,0.0,0.0,628.0,0.0,Nelly Cruzaley,False
4332_01,Earth,True,G/707/S,55 Cancri e,17.0,False,0.0,0.0,0.0,0.0,0.0,Tammyl Dukertyler,True
7914_02,Earth,False,G/1278/P,TRAPPIST-1e,24.0,False,0.0,80.0,106.0,344.0,0.0,Marynk Munozaley,False
8276_02,Europa,True,C/273/P,TRAPPIST-1e,23.0,False,0.0,0.0,0.0,0.0,0.0,Zaurion Tractive,True
4550_01,Earth,False,F/853/S,TRAPPIST-1e,28.0,False,0.0,180.0,516.0,,,Ebonyd Sotond,True
5689_01,Earth,False,F/1180/P,TRAPPIST-1e,34.0,False,233.0,0.0,0.0,1054.0,156.0,Raceky Scotterkins,False
4770_01,Earth,False,F/900/S,55 Cancri e,22.0,False,0.0,509.0,2.0,8.0,74.0,Elany Stantiagord,True
6111_05,Europa,False,A/58/P,TRAPPIST-1e,33.0,False,0.0,2110.0,0.0,773.0,10.0,Sabiton Folumorly,True
8136_01,Europa,True,C/268/P,55 Cancri e,26.0,False,0.0,0.0,0.0,0.0,0.0,Alphact Inderad,True
5356_01,Earth,False,E/340/S,TRAPPIST-1e,29.0,False,0.0,32.0,0.0,4517.0,0.0,Julies Winsley,False
5111_01,Europa,False,B/171/P,TRAPPIST-1e,25.0,False,0.0,3.0,0.0,763.0,3541.0,Sarid Unkcatted,False
4129_01,Earth,False,F/847/P,TRAPPIST-1e,23.0,False,15.0,1.0,777.0,3.0,3.0,Kyley Matts,False
5674_01,Europa,False,B/217/S,TRAPPIST-1e,22.0,False,0.0,11594.0,0.0,10247.0,1.0,Alrain Unsible,False
0222_01,Mars,False,F/41/S,TRAPPIST-1e,20.0,False,1406.0,0.0,0.0,11.0,0.0,Gone Perte,False
6659_01,Mars,,F/1383/P,TRAPPIST-1e,37.0,False,0.0,0.0,0.0,0.0,0.0,Jifes Stpie,True
2956_01,Earth,False,G/470/S,PSO J318.5-22,28.0,False,3.0,141.0,0.0,0.0,1689.0,Tonnie Houseson,False
2606_02,Earth,False,F/537/P,TRAPPIST-1e,45.0,False,10.0,16.0,801.0,73.0,,Claura Dawsoncis,False
2154_01,Earth,False,G/348/P,TRAPPIST-1e,19.0,False,78.0,0.0,0.0,550.0,0.0,Regana Barles,False
0738_01,Mars,,F/157/P,TRAPPIST-1e,47.0,False,0.0,0.0,0.0,0.0,0.0,Ran Pread,True
8743_01,Earth,,F/1802/P,55 Cancri e,19.0,False,179.0,16.0,246.0,280.0,0.0,Isa Villenson,False
7073_01,Earth,True,G/1161/S,TRAPPIST-1e,40.0,False,0.0,0.0,0.0,0.0,,Glena Hahnstonsen,True
3013_01,,False,F/629/P,TRAPPIST-1e,13.0,False,,256.0,0.0,207.0,409.0,Morrie Moongton,False
0660_01,Earth,True,G/99/S,TRAPPIST-1e,15.0,False,0.0,0.0,0.0,0.0,0.0,Leonyl Saley,False
2513_01,Earth,False,,TRAPPIST-1e,28.0,False,0.0,55.0,0.0,656.0,0.0,Loree Mathison,False
8988_06,Earth,True,G/1448/S,TRAPPIST-1e,17.0,False,,0.0,0.0,0.0,0.0,Caseye Fowlesterez,True
0334_01,Mars,False,F/62/S,TRAPPIST-1e,29.0,False,5715.0,2.0,211.0,1476.0,0.0,Unfly Mushe,False
6776_01,Earth,False,F/1409/P,55 Cancri e,24.0,False,1.0,0.0,0.0,691.0,0.0,Alancy Mcgoway,False
2534_02,Europa,True,B/75/P,55 Cancri e,18.0,False,0.0,0.0,0.0,0.0,0.0,Mahamak Sorbitter,True
4165_01,Earth,False,G/685/P,TRAPPIST-1e,37.0,False,246.0,0.0,703.0,5.0,0.0,Kendy Logannon,True
4112_01,Earth,True,G/678/S,TRAPPIST-1e,28.0,False,0.0,0.0,0.0,0.0,0.0,Shany Rasmussony,True
4780_02,Mars,True,E/309/S,TRAPPIST-1e,25.0,False,0.0,0.0,0.0,0.0,0.0,Ranutz Teake,True
0425_01,Mars,False,F/96/P,TRAPPIST-1e,37.0,False,1094.0,2.0,26.0,34.0,1.0,Blesh Fiha,False
4505_02,Europa,False,C/165/S,TRAPPIST-1e,40.0,False,2.0,76.0,0.0,201.0,,Dabik Wirdley,False
0466_01,Earth,False,F/101/P,TRAPPIST-1e,36.0,False,0.0,0.0,863.0,1.0,1.0,Aude Beachez,False
2300_02,Europa,False,C/81/P,55 Cancri e,34.0,False,0.0,22.0,,3028.0,3768.0,Arid Alcemblery,False
9145_01,Earth,True,G/1489/P,TRAPPIST-1e,34.0,False,0.0,0.0,0.0,0.0,0.0,Raulia Curton,False
8581_02,Europa,True,C/323/S,TRAPPIST-1e,33.0,False,0.0,0.0,0.0,0.0,0.0,Mesatz Meplel,True
1425_02,Earth,True,G/220/P,TRAPPIST-1e,1.0,False,0.0,0.0,0.0,0.0,0.0,Mael Adavisons,True
7219_06,Europa,False,C/235/P,TRAPPIST-1e,32.0,False,0.0,163.0,0.0,6953.0,50.0,Isoton Arible,False
6055_02,Europa,True,C/185/P,TRAPPIST-1e,41.0,False,0.0,0.0,0.0,0.0,0.0,Achiram Prefule,True
2625_01,Earth,True,G/426/P,TRAPPIST-1e,14.0,False,0.0,0.0,0.0,0.0,0.0,Paulie Stanleyd,True
4804_01,Earth,False,F/906/S,TRAPPIST-1e,18.0,False,211.0,594.0,2.0,493.0,62.0,Dorene Thorney,True
0555_02,Europa,False,C/20/P,TRAPPIST-1e,33.0,False,0.0,165.0,1.0,2525.0,0.0,Alhain Graciansus,False
3211_02,Earth,False,G/521/P,55 Cancri e,43.0,False,511.0,233.0,,0.0,144.0,Maura Baldson,False
9101_01,Earth,False,F/1865/P,TRAPPIST-1e,21.0,False,,0.0,496.0,430.0,0.0,Gera Frazie,False
4625_04,Europa,True,B/183/S,55 Cancri e,25.0,False,0.0,0.0,0.0,0.0,0.0,Auvara Ineedeve,True
6173_01,Europa,True,B/208/P,TRAPPIST-1e,23.0,False,0.0,0.0,,0.0,0.0,,True
5435_01,Mars,False,F/1121/P,TRAPPIST-1e,50.0,False,846.0,0.0,280.0,280.0,0.0,Fal Blane,False
6092_01,Earth,False,F/1161/S,TRAPPIST-1e,16.0,,0.0,0.0,641.0,33.0,29.0,Karlie Singtons,True
0984_07,Earth,True,G/150/S,PSO J318.5-22,,False,0.0,0.0,0.0,0.0,0.0,Shery Flemaney,False
7007_02,Europa,False,E/450/P,TRAPPIST-1e,,False,0.0,996.0,0.0,726.0,813.0,Fomam Bradissive,False
3428_01,Europa,True,C/113/P,55 Cancri e,53.0,False,0.0,0.0,0.0,0.0,0.0,Betenif Cumpting,True
4973_02,Earth,True,G/803/P,55 Cancri e,3.0,False,0.0,0.0,0.0,0.0,0.0,Brence Stephendsey,True
3976_01,Europa,False,,TRAPPIST-1e,29.0,False,0.0,7164.0,0.0,58.0,1.0,Thab Patoetic,True
1094_01,Earth,False,F/224/P,TRAPPIST-1e,60.0,,437.0,2.0,0.0,0.0,365.0,Carona Webstenson,False
6299_01,Europa,False,C/192/P,55 Cancri e,46.0,False,0.0,8943.0,0.0,0.0,159.0,Merops Femoused,True
1636_01,Earth,False,G/254/S,TRAPPIST-1e,41.0,False,139.0,666.0,6.0,71.0,25.0,Daisya Connelson,False
3807_01,Earth,True,G/623/S,TRAPPIST-1e,18.0,False,0.0,0.0,0.0,0.0,0.0,Benew Barnolaney,True
3434_01,Earth,True,G/562/P,TRAPPIST-1e,23.0,False,0.0,0.0,0.0,0.0,0.0,Millia Smalloney,True
1035_01,Mars,False,F/214/P,55 Cancri e,13.0,False,4.0,0.0,1973.0,0.0,39.0,Nutz Bra,True
3923_02,Earth,True,G/642/P,TRAPPIST-1e,9.0,False,0.0,0.0,0.0,0.0,0.0,Isaacy Cofferson,True
3361_03,Mars,True,F/635/S,TRAPPIST-1e,18.0,False,0.0,0.0,0.0,0.0,0.0,Bakix Razo,True
1509_01,Mars,False,E/95/P,TRAPPIST-1e,32.0,,1240.0,0.0,58.0,0.0,0.0,Sumpix Dal,False
7159_01,Europa,True,C/263/S,PSO J318.5-22,32.0,False,0.0,0.0,0.0,0.0,0.0,Alrairk Perable,True
7950_04,Earth,True,G/1287/P,TRAPPIST-1e,26.0,False,0.0,0.0,0.0,0.0,0.0,Elany Ingston,True
6779_02,Europa,True,B/258/S,55 Cancri e,14.0,False,,0.0,0.0,0.0,0.0,Alhail Stioutody,True
4514_01,Earth,True,G/736/S,TRAPPIST-1e,16.0,False,0.0,0.0,0.0,0.0,0.0,Jacque Cleman,True
3744_01,Mars,False,E/249/S,PSO J318.5-22,34.0,True,0.0,490.0,869.0,0.0,0.0,Denuts Ropie,True
6675_02,Earth,False,E/427/P,PSO J318.5-22,24.0,False,61.0,0.0,0.0,0.0,1495.0,,False
2792_01,Earth,True,G/446/S,PSO J318.5-22,36.0,False,0.0,0.0,0.0,0.0,0.0,Duana Figuez,True
1761_01,Earth,False,F/347/P,55 Cancri e,23.0,False,145.0,490.0,17.0,49.0,1.0,Ine Sweekstarks,False
8338_03,Mars,True,F/1716/P,TRAPPIST-1e,17.0,False,0.0,0.0,0.0,,0.0,Feles Empie,True
7078_01,Earth,False,G/1163/S,TRAPPIST-1e,13.0,False,244.0,0.0,100.0,423.0,14.0,Hard Wartyson,False
4943_01,Mars,True,F/1009/P,TRAPPIST-1e,20.0,,0.0,0.0,0.0,0.0,0.0,Packs Curie,True
4194_01,Mars,True,F/862/P,55 Cancri e,34.0,False,0.0,0.0,0.0,0.0,0.0,Oaters Kité,True
5156_02,Europa,False,B/200/S,TRAPPIST-1e,29.0,False,0.0,4198.0,227.0,1.0,1415.0,Atonon Traild,True
3473_01,Earth,False,F/654/S,TRAPPIST-1e,20.0,False,0.0,880.0,5.0,25.0,490.0,Elanie Hurles,False
0519_01,Earth,True,G/77/S,TRAPPIST-1e,,False,0.0,0.0,0.0,0.0,0.0,Ryany Farleyatton,True
3280_02,Earth,False,F/684/P,55 Cancri e,32.0,False,1150.0,201.0,0.0,0.0,8.0,Lilly Ricks,False
1738_01,Earth,False,E/129/S,TRAPPIST-1e,18.0,False,0.0,0.0,19.0,467.0,,Rosey Sawyerson,False
6208_01,Mars,True,F/1279/P,55 Cancri e,59.0,False,0.0,0.0,0.0,0.0,0.0,Seat Burie,True
0970_01,Earth,True,G/142/P,TRAPPIST-1e,19.0,False,0.0,0.0,0.0,0.0,0.0,Tamie Blace,True
9188_01,Earth,False,G/1481/S,TRAPPIST-1e,24.0,False,0.0,0.0,807.0,0.0,2.0,Delley Pager,False
8075_01,Earth,False,F/1547/S,55 Cancri e,19.0,False,355.0,0.0,0.0,0.0,284.0,Troyce Starkers,False
3197_01,Earth,False,F/668/P,55 Cancri e,18.0,False,0.0,0.0,,588.0,0.0,Molley Ryanga,False
1099_01,Earth,False,F/225/P,PSO J318.5-22,22.0,False,0.0,78.0,642.0,0.0,0.0,Andine Mcneiley,False
7830_01,Earth,True,G/1268/S,PSO J318.5-22,23.0,False,0.0,0.0,0.0,0.0,0.0,Briane Belley,True
8116_01,Mars,False,D/252/P,55 Cancri e,28.0,False,49.0,0.0,0.0,2.0,1136.0,Ties Prin,False
1843_01,Europa,False,E/112/P,TRAPPIST-1e,46.0,False,2249.0,153.0,137.0,,194.0,Saxinon Unaasor,False
0283_02,Earth,False,F/64/P,TRAPPIST-1e,22.0,False,146.0,654.0,1.0,0.0,2.0,Roydo Santin,True
3750_02,Earth,False,G/610/P,TRAPPIST-1e,48.0,False,396.0,0.0,,0.0,297.0,Leony Mayods,False
2718_01,Europa,True,B/106/S,TRAPPIST-1e,72.0,False,0.0,0.0,0.0,0.0,0.0,Quarkab Supred,True
7783_01,Mars,True,F/1487/S,TRAPPIST-1e,18.0,False,0.0,0.0,0.0,0.0,0.0,Tous Wate,True
4021_01,Mars,False,F/832/P,TRAPPIST-1e,32.0,False,1843.0,0.0,662.0,0.0,0.0,Flys Buth,False
2645_05,Europa,True,C/95/S,55 Cancri e,26.0,False,0.0,0.0,0.0,0.0,0.0,Mesonon Improus,True
6175_02,Earth,True,G/1000/P,TRAPPIST-1e,21.0,False,0.0,0.0,0.0,0.0,0.0,Margia Chanan,True
9157_04,Earth,False,G/1476/S,55 Cancri e,12.0,False,0.0,0.0,0.0,0.0,0.0,Arla Navages,True
9149_02,Europa,False,B/350/S,55 Cancri e,22.0,False,0.0,36.0,1.0,3761.0,4521.0,Meron Dompreced,False
7749_01,Mars,True,D/244/P,55 Cancri e,29.0,False,0.0,0.0,0.0,0.0,0.0,Shood Pie,True
6431_02,Earth,True,G/1038/P,PSO J318.5-22,20.0,False,0.0,0.0,0.0,0.0,0.0,Timyra Kramosley,True
8961_05,Earth,True,G/1455/P,TRAPPIST-1e,12.0,False,0.0,0.0,0.0,0.0,0.0,Rena Blancoy,False
4324_03,Mars,False,F/810/S,TRAPPIST-1e,25.0,False,412.0,0.0,567.0,775.0,0.0,Oareel Krake,False
1117_01,Earth,False,E/63/P,TRAPPIST-1e,18.0,False,855.0,0.0,51.0,0.0,0.0,Jimen Andackson,False
6309_03,Earth,True,G/1023/S,TRAPPIST-1e,3.0,,0.0,0.0,0.0,0.0,0.0,Olgary Goldendrice,True
6334_01,Earth,True,G/1028/S,TRAPPIST-1e,31.0,False,0.0,0.0,0.0,0.0,0.0,Shanya Jenson,True
4215_01,Mars,False,D/145/P,TRAPPIST-1e,34.0,True,992.0,0.0,14.0,0.0,0.0,Gocock Floaf,False
3674_01,Earth,False,G/600/S,55 Cancri e,34.0,False,232.0,457.0,1.0,218.0,0.0,Ebonya Buchansen,True
3083_01,Europa,False,D/100/S,55 Cancri e,23.0,False,0.0,587.0,0.0,1497.0,1014.0,Antak Bootty,False
5028_01,Europa,False,A/61/S,55 Cancri e,47.0,False,1904.0,18.0,0.0,89.0,4411.0,Enifak Plattering,False
8615_02,Earth,True,G/1389/S,55 Cancri e,13.0,False,0.0,0.0,0.0,0.0,0.0,Jarena Buckentry,True
2512_02,Europa,True,C/91/S,55 Cancri e,37.0,False,0.0,0.0,0.0,0.0,0.0,Winork Parymider,True
7710_01,Europa,False,B/253/P,TRAPPIST-1e,27.0,False,118.0,1769.0,4127.0,118.0,619.0,Chabih Eguing,True
0263_01,Earth,True,G/43/P,TRAPPIST-1e,28.0,False,0.0,0.0,0.0,0.0,0.0,Maen Merkins,True
0471_01,Europa,False,B/22/P,TRAPPIST-1e,16.0,False,0.0,45.0,2.0,5183.0,170.0,Astab Fuelisent,False
7569_01,Mars,False,E/493/P,TRAPPIST-1e,18.0,False,3591.0,0.0,158.0,0.0,120.0,Gamuls Sune,False
2562_01,Mars,True,F/526/P,TRAPPIST-1e,24.0,False,0.0,0.0,0.0,0.0,0.0,Con Brele,True
6324_03,Earth,False,G/1025/S,TRAPPIST-1e,40.0,False,1.0,0.0,895.0,10.0,0.0,Eleah Hinetthews,True
7361_01,Europa,True,C/239/P,55 Cancri e,23.0,,0.0,0.0,0.0,0.0,0.0,Gieba Rodwative,True
3835_01,Earth,False,E/255/S,PSO J318.5-22,63.0,False,1.0,897.0,0.0,0.0,8.0,Berna Tersony,False
0610_01,Earth,False,F/129/P,TRAPPIST-1e,24.0,False,0.0,,229.0,502.0,5.0,Erie Potters,False
6535_01,Mars,False,E/415/P,TRAPPIST-1e,35.0,False,771.0,0.0,183.0,0.0,0.0,Powl Cread,False
5817_01,Mars,True,F/1111/S,TRAPPIST-1e,28.0,False,0.0,0.0,0.0,0.0,0.0,Alex Berle,True
2778_01,Mars,False,D/82/P,TRAPPIST-1e,35.0,,2301.0,0.0,414.0,,0.0,Gorice Fisty,True
8502_01,Mars,False,D/254/S,TRAPPIST-1e,33.0,True,1264.0,1787.0,36.0,473.0,337.0,Cole Purte,False
8231_01,Earth,False,G/1327/S,TRAPPIST-1e,33.0,False,201.0,819.0,0.0,0.0,0.0,Hen Fryersonis,True
6520_01,Earth,False,G/1060/S,,19.0,False,0.0,4.0,0.0,1785.0,3.0,Erie Horndley,False
1294_02,Europa,True,A/14/S,PSO J318.5-22,30.0,False,0.0,0.0,0.0,0.0,0.0,Chamak Plegred,True
3027_01,Earth,True,G/493/P,TRAPPIST-1e,24.0,False,0.0,0.0,0.0,0.0,0.0,Tracia Fitzgerson,False
6517_01,Earth,False,F/1350/P,PSO J318.5-22,32.0,False,388.0,0.0,0.0,439.0,0.0,Warry Bertiz,False
3149_01,Earth,False,G/494/S,TRAPPIST-1e,18.0,False,0.0,730.0,79.0,0.0,,Natha Portananney,True
8451_02,Mars,True,F/1625/S,TRAPPIST-1e,27.0,False,0.0,0.0,0.0,0.0,0.0,Grog Start,True
8348_01,Mars,True,E/532/P,TRAPPIST-1e,47.0,False,0.0,,0.0,0.0,0.0,Minies Hotty,True
3714_02,Mars,False,D/116/S,PSO J318.5-22,33.0,False,33.0,397.0,354.0,,0.0,Cowl Harta,False
2055_05,Earth,True,G/330/P,TRAPPIST-1e,3.0,False,0.0,0.0,0.0,0.0,0.0,Harlen Woodwinez,True
4625_07,Europa,True,B/183/S,55 Cancri e,29.0,False,0.0,0.0,0.0,0.0,0.0,Sadiram Ineedeve,True
5945_02,Earth,True,G/970/S,55 Cancri e,34.0,False,0.0,0.0,0.0,0.0,0.0,Vanard Flynner,True
4804_02,Earth,False,G/785/S,TRAPPIST-1e,7.0,False,0.0,0.0,,0.0,0.0,Hanne Thorney,True
4104_01,Earth,False,G/675/P,TRAPPIST-1e,41.0,False,1025.0,0.0,0.0,0.0,0.0,Ritany Gallard,False
5470_01,Earth,True,G/878/P,TRAPPIST-1e,20.0,False,,0.0,0.0,0.0,0.0,Franda Vales,False
8213_01,Earth,False,G/1333/P,TRAPPIST-1e,32.0,False,0.0,2.0,1.0,0.0,881.0,Feryla Gouldensen,False
2402_01,Earth,True,G/389/P,TRAPPIST-1e,13.0,False,0.0,0.0,,0.0,0.0,Glenna Valezaley,False
1738_02,Earth,True,G/268/S,55 Cancri e,22.0,False,0.0,0.0,0.0,0.0,0.0,Wenny Sawyerson,True
3230_01,Mars,True,F/674/P,TRAPPIST-1e,62.0,False,0.0,0.0,0.0,0.0,0.0,Healls Sache,True
4560_01,Earth,False,G/744/S,TRAPPIST-1e,,False,0.0,57.0,851.0,0.0,0.0,Daven Monsoney,True
8819_01,Earth,False,G/1428/P,TRAPPIST-1e,44.0,False,857.0,0.0,1.0,8.0,17.0,Almary Sancasey,False
7542_01,Earth,False,F/1442/S,TRAPPIST-1e,35.0,False,4.0,53.0,0.0,0.0,844.0,Gabria Batestonley,False
3542_01,Mars,True,F/669/S,TRAPPIST-1e,31.0,False,0.0,0.0,0.0,0.0,0.0,Beres Derry,True
5034_01,Earth,False,G/824/S,TRAPPIST-1e,36.0,False,0.0,52.0,8.0,0.0,4160.0,Briany Sellahaney,False
5854_01,Earth,False,F/1117/S,TRAPPIST-1e,36.0,False,0.0,75.0,106.0,0.0,1903.0,Molley Olshaffey,True
0618_02,Earth,False,F/131/P,PSO J318.5-22,21.0,False,1.0,368.0,0.0,0.0,388.0,Troyce Yorkland,False
2619_01,Earth,False,F/504/S,55 Cancri e,17.0,False,2000.0,0.0,0.0,0.0,0.0,Elaney Chanan,False
4568_01,Mars,False,F/940/P,TRAPPIST-1e,42.0,False,4102.0,0.0,36.0,0.0,1825.0,Ples Pamca,False
9099_01,Earth,False,E/597/S,TRAPPIST-1e,32.0,False,0.0,475.0,51.0,440.0,642.0,Delley Boltond,False
6565_01,Mars,False,E/437/S,TRAPPIST-1e,40.0,False,2081.0,1.0,0.0,0.0,25.0,Lakes Emead,False
0657_02,Earth,False,G/97/S,TRAPPIST-1e,38.0,False,0.0,8.0,736.0,140.0,0.0,Glenna Cardner,False
3010_01,Europa,False,B/96/P,TRAPPIST-1e,48.0,False,0.0,8403.0,0.0,7627.0,83.0,Kraban Praugnox,False
6747_01,Europa,True,C/215/P,TRAPPIST-1e,31.0,False,,0.0,0.0,0.0,0.0,Duhrak Alaxed,True
8055_01,Earth,False,E/533/S,TRAPPIST-1e,27.0,False,0.0,0.0,846.0,59.0,0.0,Joeula Baxterson,False
4003_01,Earth,False,F/827/P,TRAPPIST-1e,22.0,False,1417.0,0.0,0.0,0.0,0.0,,True
3124_02,Mars,False,F/648/P,TRAPPIST-1e,47.0,False,1130.0,8.0,299.0,0.0,0.0,Gech Hapie,True
0324_01,Earth,True,G/53/P,55 Cancri e,43.0,False,0.0,0.0,0.0,0.0,0.0,Carma Hooperez,False
4487_01,Earth,False,G/735/P,TRAPPIST-1e,39.0,False,0.0,3.0,0.0,802.0,49.0,Tine Buckleinson,False
7813_01,Earth,False,F/1622/P,TRAPPIST-1e,27.0,False,0.0,55.0,0.0,740.0,85.0,Landa Hallahaney,False
9004_01,Europa,True,B/292/P,55 Cancri e,20.0,False,0.0,0.0,0.0,0.0,0.0,Kabiton Plegred,True
6059_01,Earth,False,G/982/P,TRAPPIST-1e,28.0,False,8.0,0.0,3949.0,0.0,9.0,Andie Rices,True
2995_02,Europa,True,B/94/P,55 Cancri e,40.0,False,0.0,0.0,0.0,0.0,0.0,Marinon Roforhauge,True
6223_01,Mars,False,E/398/P,TRAPPIST-1e,23.0,False,1696.0,46.0,82.0,235.0,17.0,Chonk Nache,False
5116_01,Mars,True,F/980/S,TRAPPIST-1e,25.0,False,0.0,0.0,0.0,0.0,0.0,Ars Prity,True
5977_02,Europa,False,B/230/S,55 Cancri e,57.0,False,200.0,9.0,0.0,,24133.0,,False
2100_01,Earth,False,F/413/S,PSO J318.5-22,45.0,False,0.0,0.0,734.0,3.0,5.0,Garyan Briggins,True
9028_01,Earth,False,G/1464/P,TRAPPIST-1e,22.0,False,1.0,676.0,13.0,217.0,1.0,Karah Starkers,False
3608_01,Europa,True,D/122/P,55 Cancri e,17.0,False,0.0,0.0,0.0,0.0,0.0,Zosmas Mormonized,True
8609_01,Earth,False,E/564/S,TRAPPIST-1e,27.0,False,0.0,0.0,2.0,994.0,0.0,Bara Cochrisons,False
1625_02,Europa,False,C/59/P,TRAPPIST-1e,29.0,False,0.0,930.0,0.0,2113.0,98.0,Dabik Patimonne,False
9013_03,Earth,False,G/1461/P,55 Cancri e,0.0,False,0.0,0.0,0.0,0.0,0.0,Brancy Prestonard,True
3324_01,Mars,True,F/630/S,TRAPPIST-1e,31.0,False,0.0,0.0,0.0,0.0,0.0,Yalmon Buche,True
8656_03,Europa,True,A/103/S,55 Cancri e,29.0,True,0.0,0.0,0.0,0.0,0.0,Eltares Imparmle,True
6328_01,Earth,True,G/1020/P,TRAPPIST-1e,33.0,False,,0.0,0.0,0.0,0.0,Violey Hoppers,False
6921_04,Europa,False,C/255/S,TRAPPIST-1e,28.0,True,0.0,14076.0,0.0,928.0,372.0,Dsch Stersetery,True
5721_01,Europa,True,B/219/S,TRAPPIST-1e,37.0,False,0.0,0.0,0.0,0.0,0.0,Giedia Mostedry,True
3421_01,Earth,False,F/704/P,PSO J318.5-22,40.0,False,15.0,0.0,0.0,670.0,,Lardy Burrilllins,False
8645_01,Earth,False,F/1776/P,55 Cancri e,23.0,False,1.0,26.0,1908.0,318.0,0.0,Herita Arneras,True
4574_01,Mars,False,F/857/S,TRAPPIST-1e,23.0,False,176.0,493.0,169.0,0.0,1023.0,Cank Sad,False
4624_01,Mars,False,F/868/S,TRAPPIST-1e,58.0,False,1246.0,0.0,66.0,36.0,0.0,Giamon Gelle,False
7331_01,Mars,False,D/232/P,TRAPPIST-1e,61.0,False,1711.0,0.0,0.0,0.0,8.0,Mureah Nacke,False
4348_01,Europa,True,B/142/P,TRAPPIST-1e,47.0,True,0.0,0.0,0.0,0.0,0.0,Krazet Conate,True
0718_01,Earth,False,E/43/P,TRAPPIST-1e,21.0,False,521.0,0.0,4.0,261.0,1.0,Alendy Mondsey,False
1550_01,Europa,False,C/58/S,TRAPPIST-1e,26.0,False,1.0,230.0,0.0,42.0,4030.0,Marin Supiensive,False
6328_04,Earth,False,G/1020/P,55 Cancri e,0.0,False,0.0,0.0,0.0,0.0,0.0,Hard Hoppers,True
6706_01,Europa,True,B/224/P,TRAPPIST-1e,21.0,False,0.0,0.0,0.0,0.0,0.0,Asellah Dishocatal,True
8833_01,Earth,True,G/1424/S,55 Cancri e,15.0,False,0.0,0.0,0.0,0.0,0.0,Jennya Vanglis,True
8120_01,Europa,False,D/253/P,55 Cancri e,36.0,False,0.0,4260.0,0.0,0.0,1678.0,Hekarf Pacticious,True
3100_02,Earth,False,F/586/S,TRAPPIST-1e,52.0,False,809.0,0.0,0.0,0.0,0.0,Jord Farmonrada,True
2375_01,Earth,False,G/383/P,55 Cancri e,22.0,False,0.0,0.0,659.0,94.0,0.0,Jeroy Franankson,True
8799_01,Earth,False,G/1419/S,TRAPPIST-1e,19.0,False,0.0,0.0,855.0,11.0,42.0,Rossie Boltond,True
3204_01,Europa,False,A/27/P,TRAPPIST-1e,26.0,False,,1653.0,7.0,227.0,1457.0,Sadra Wirdley,False
3854_01,Earth,True,G/632/P,TRAPPIST-1e,33.0,False,0.0,0.0,0.0,0.0,0.0,Racey Carsoning,True
7719_01,Mars,True,E/506/S,TRAPPIST-1e,26.0,False,0.0,0.0,0.0,0.0,0.0,Pon Leste,True
5571_01,Earth,False,G/900/S,55 Cancri e,26.0,False,0.0,406.0,0.0,0.0,503.0,Delley Nichoan,True
4005_08,Earth,True,G/657/P,TRAPPIST-1e,8.0,False,0.0,0.0,0.0,0.0,0.0,,False
1811_02,Earth,False,F/347/S,TRAPPIST-1e,,,928.0,20.0,0.0,0.0,0.0,Gerek Georgasey,False
1946_01,Earth,False,G/313/P,TRAPPIST-1e,34.0,False,0.0,0.0,53.0,731.0,0.0,Rayley Castannison,False
0151_01,Earth,True,G/20/P,55 Cancri e,38.0,False,0.0,0.0,0.0,0.0,0.0,Shanie Simson,False
3748_01,Mars,True,F/774/P,TRAPPIST-1e,,False,0.0,0.0,0.0,0.0,0.0,Pot Gin,True
2752_01,Earth,False,G/444/P,TRAPPIST-1e,9.0,False,0.0,0.0,0.0,0.0,0.0,Jarena Ballocks,False
1080_01,Mars,False,F/204/S,TRAPPIST-1e,50.0,False,202.0,,1108.0,0.0,0.0,Ret Parte,False
4343_01,Earth,True,G/708/S,PSO J318.5-22,13.0,False,0.0,0.0,0.0,0.0,0.0,,True
8164_01,Earth,False,G/1314/S,TRAPPIST-1e,31.0,False,0.0,918.0,0.0,0.0,900.0,Loree Wolfernan,False
7885_01,Earth,True,G/1273/P,TRAPPIST-1e,26.0,False,0.0,0.0,0.0,0.0,0.0,Tancis Potters,True
8149_01,Earth,True,G/1319/P,PSO J318.5-22,26.0,False,0.0,0.0,0.0,0.0,0.0,Gordo Contrevins,False
2431_01,Earth,False,F/498/P,TRAPPIST-1e,13.0,False,0.0,2.0,0.0,566.0,208.0,Candy Josesh,False
4744_01,Europa,False,C/152/P,TRAPPIST-1e,34.0,False,0.0,48.0,2067.0,3.0,6.0,Alino Ingent,True
0402_01,,True,D/15/S,55 Cancri e,32.0,True,0.0,0.0,0.0,0.0,0.0,Teron Sageng,True
8816_05,Europa,False,B/340/S,TRAPPIST-1e,64.0,,0.0,1770.0,0.0,4111.0,180.0,Terops Diouselt,False
5849_01,Earth,False,F/1208/P,TRAPPIST-1e,39.0,False,0.0,0.0,0.0,0.0,1104.0,Jilley Brightez,False
2607_03,Europa,False,B/99/S,55 Cancri e,35.0,False,0.0,1471.0,2.0,445.0,533.0,Hekaron Brakepined,True
6787_02,Earth,,F/1411/P,TRAPPIST-1e,0.0,False,0.0,0.0,0.0,0.0,0.0,Helean Booneid,False
5840_01,Earth,True,G/946/P,TRAPPIST-1e,23.0,False,0.0,0.0,0.0,0.0,0.0,Jerrye Potters,False
3489_02,Mars,True,F/719/P,TRAPPIST-1e,39.0,False,0.0,0.0,0.0,0.0,0.0,Swal Onpie,True
3401_01,Earth,False,G/545/S,TRAPPIST-1e,18.0,False,0.0,0.0,1435.0,0.0,,Karene Fisheparks,True
8889_01,,False,G/1439/P,55 Cancri e,17.0,False,0.0,0.0,615.0,0.0,0.0,Erman Russelloyd,False
2595_02,Mars,,F/533/P,TRAPPIST-1e,4.0,False,0.0,0.0,0.0,0.0,0.0,Ban Cakie,True
7818_01,Earth,True,G/1257/P,TRAPPIST-1e,22.0,False,0.0,0.0,0.0,0.0,0.0,Joelan Brenney,False
3458_01,Mars,True,F/710/P,55 Cancri e,36.0,False,0.0,0.0,0.0,,0.0,Vitax Madan,True
1507_03,Earth,False,G/231/S,TRAPPIST-1e,78.0,False,0.0,0.0,0.0,441.0,4.0,Anny Jeffey,False
5151_01,Mars,True,F/1052/P,TRAPPIST-1e,14.0,False,0.0,0.0,0.0,0.0,0.0,Flark Cotik,True
3874_01,Earth,False,G/631/S,TRAPPIST-1e,,False,86.0,218.0,0.0,0.0,479.0,Clindy Lambleyoun,False
0919_01,Earth,False,F/190/P,PSO J318.5-22,26.0,False,18.0,84.0,93.0,886.0,289.0,Hery Kimons,False
4521_01,Earth,False,F/929/P,TRAPPIST-1e,18.0,False,1.0,1.0,0.0,0.0,746.0,Jessa Oneidson,False
3562_02,Mars,False,D/119/P,55 Cancri e,55.0,False,14.0,0.0,0.0,3778.0,1.0,Mats Nad,False
8108_01,Earth,False,F/1552/S,PSO J318.5-22,19.0,False,150.0,605.0,0.0,0.0,1.0,Stevey Evedorsen,False
7803_02,Earth,True,G/1253/P,55 Cancri e,19.0,False,0.0,0.0,0.0,0.0,0.0,Nathy Tranklinay,True
5250_01,Mars,True,F/1007/S,TRAPPIST-1e,22.0,False,0.0,0.0,0.0,0.0,0.0,Clek Dan,True
7712_01,Europa,False,A/93/S,TRAPPIST-1e,25.0,True,1.0,4298.0,0.0,0.0,2.0,Alphact Gealter,True
7186_03,Europa,False,E/461/P,TRAPPIST-1e,44.0,False,0.0,0.0,16.0,72.0,4304.0,Weias Mosteraked,False
5080_01,Earth,False,F/969/S,,21.0,False,1.0,0.0,143.0,558.0,1.0,Herina Buckeelez,False
0923_02,Europa,True,B/38/S,TRAPPIST-1e,22.0,False,0.0,0.0,0.0,0.0,0.0,Alpha Stiviorad,True
2786_01,Earth,False,E/190/S,PSO J318.5-22,53.0,False,0.0,1.0,0.0,195.0,493.0,Luise Franankson,True
5042_01,Earth,False,F/1026/P,TRAPPIST-1e,18.0,False,8.0,1.0,4.0,419.0,304.0,Lorice Estiagosen,True
8339_02,Europa,,D/246/S,TRAPPIST-1e,22.0,False,0.0,3716.0,0.0,1098.0,2065.0,Eleb Dratembid,False
0979_01,Europa,False,B/40/S,,44.0,False,0.0,0.0,0.0,0.0,0.0,Gimph Fushausive,True
1996_01,Earth,False,F/381/S,TRAPPIST-1e,15.0,False,12.0,25.0,197.0,631.0,0.0,Sallie Fryan,False
5684_01,,True,B/218/S,TRAPPIST-1e,33.0,False,0.0,0.0,0.0,0.0,0.0,Zaninon Busive,True
3777_01,Europa,True,B/147/S,55 Cancri e,35.0,False,0.0,0.0,0.0,0.0,0.0,Mareson Clunic,True
1177_01,Europa,True,C/44/P,TRAPPIST-1e,59.0,False,0.0,0.0,0.0,0.0,0.0,Kaffias Wasterivel,True
6207_03,Mars,False,E/397/P,TRAPPIST-1e,19.0,False,0.0,0.0,0.0,0.0,0.0,Caper Brity,False
5602_02,Europa,False,B/190/P,55 Cancri e,18.0,False,0.0,3268.0,0.0,436.0,342.0,Hadirk Sedece,True
0431_01,Mars,True,F/97/P,TRAPPIST-1e,43.0,False,0.0,0.0,0.0,0.0,0.0,Fronch Melto,True
6189_01,Earth,False,G/1004/P,TRAPPIST-1e,3.0,False,0.0,0.0,0.0,0.0,0.0,Eulah Garnes,True
1855_01,Earth,True,G/303/P,TRAPPIST-1e,0.0,False,0.0,0.0,0.0,0.0,0.0,Ellena Jenson,True
4570_01,Europa,True,C/170/S,TRAPPIST-1e,64.0,False,0.0,0.0,,0.0,0.0,,True
4741_03,Mars,,F/961/P,TRAPPIST-1e,6.0,False,0.0,0.0,0.0,0.0,0.0,Oslos Bau,True
3450_02,Europa,False,B/132/S,TRAPPIST-1e,21.0,False,0.0,2834.0,0.0,414.0,558.0,Weion Knocke,True
9179_01,Earth,True,G/1494/P,TRAPPIST-1e,26.0,False,0.0,0.0,0.0,0.0,0.0,Paulah Tranciams,True
2500_01,Earth,False,G/403/S,TRAPPIST-1e,22.0,False,272.0,44.0,0.0,1064.0,418.0,Curtle Hoppernardy,False
0330_02,Europa,False,C/14/S,TRAPPIST-1e,32.0,False,247.0,4651.0,0.0,46.0,202.0,,True
8168_04,Earth,False,F/1561/S,TRAPPIST-1e,,False,4.0,0.0,9.0,20.0,831.0,Bland Boyers,False
3218_03,Earth,False,G/510/S,TRAPPIST-1e,1.0,False,0.0,0.0,0.0,0.0,0.0,Wena Bardinard,False
1597_01,Earth,True,G/254/P,TRAPPIST-1e,31.0,False,0.0,0.0,0.0,0.0,,Thewis Hahnstonsen,True
0596_01,Mars,False,F/123/P,TRAPPIST-1e,46.0,False,21.0,0.0,2155.0,422.0,,Ton Gene,True
1197_01,Europa,False,B/45/P,55 Cancri e,32.0,True,0.0,122.0,3700.0,337.0,1388.0,Wasatan Folhal,False
7515_02,Mars,False,F/1437/S,TRAPPIST-1e,0.0,False,0.0,0.0,,0.0,0.0,Rants Gre,True
5991_01,Europa,False,C/224/S,55 Cancri e,26.0,False,0.0,9641.0,51.0,224.0,2428.0,Minoton Cralinal,True
6031_01,,False,F/1146/S,,52.0,False,0.0,645.0,0.0,0.0,395.0,Bobara Alshipson,True
0971_01,Earth,True,G/143/P,TRAPPIST-1e,64.0,False,0.0,0.0,0.0,0.0,0.0,,False
5885_06,Earth,False,G/954/S,TRAPPIST-1e,32.0,False,4518.0,914.0,0.0,93.0,0.0,Carold Oneiles,False
2156_01,Earth,False,F/421/S,TRAPPIST-1e,49.0,False,651.0,25.0,0.0,849.0,2.0,Troya Cofferson,False
4216_02,,True,B/134/P,TRAPPIST-1e,20.0,False,0.0,0.0,0.0,0.0,0.0,Sabiark Dratembid,True
7505_01,Mars,False,F/1553/P,TRAPPIST-1e,51.0,True,511.0,0.0,291.0,4212.0,0.0,Ste Fone,False
2443_01,,False,D/72/P,TRAPPIST-1e,31.0,False,1458.0,421.0,76.0,0.0,0.0,,False
1407_01,Earth,False,F/278/P,TRAPPIST-1e,21.0,False,737.0,4.0,27.0,8.0,0.0,Lerome Foxter,False
3119_01,Earth,False,G/490/S,TRAPPIST-1e,74.0,False,571.0,0.0,0.0,277.0,0.0,Jorgie Hamberterry,False
1503_01,Mars,False,D/48/P,TRAPPIST-1e,35.0,False,1890.0,0.0,497.0,1.0,0.0,Koops Haste,False
2206_01,Earth,False,F/432/S,PSO J318.5-22,13.0,False,0.0,14.0,857.0,0.0,72.0,Elindy Callowery,False
6008_01,Earth,False,F/1238/P,PSO J318.5-22,24.0,,0.0,73.0,617.0,0.0,0.0,Raceky Cookson,True
2479_01,Earth,True,,PSO J318.5-22,21.0,False,0.0,0.0,0.0,0.0,0.0,Joela Gordanieves,False
1146_01,Earth,False,F/232/P,55 Cancri e,26.0,,620.0,0.0,187.0,0.0,1304.0,Dianie Roses,False
7509_01,Earth,False,F/1434/S,TRAPPIST-1e,37.0,False,1442.0,4.0,0.0,3.0,0.0,Herina Mcneiley,False
8277_01,Earth,True,G/1348/P,55 Cancri e,32.0,False,0.0,0.0,0.0,0.0,0.0,Diandy Woody,True
3499_03,Earth,False,F/723/P,TRAPPIST-1e,38.0,False,0.0,1025.0,23.0,0.0,0.0,Mon Clemondsey,True
6234_01,Mars,False,F/1287/P,PSO J318.5-22,40.0,True,301.0,0.0,1310.0,4.0,,Sters Bun,True
3868_01,Earth,False,F/731/S,TRAPPIST-1e,63.0,False,1540.0,,0.0,0.0,1.0,Brie Braymon,False
3506_01,Europa,True,B/113/P,55 Cancri e,48.0,False,0.0,0.0,0.0,0.0,0.0,Minoces Hometerval,True
3645_01,Mars,True,D/124/P,TRAPPIST-1e,42.0,False,0.0,0.0,0.0,0.0,0.0,Masal Pepie,True
2491_01,Earth,False,G/401/S,PSO J318.5-22,25.0,False,2.0,2762.0,552.0,0.0,1391.0,Eila Haydenzier,False
0642_01,Europa,False,C/25/S,55 Cancri e,29.0,False,0.0,3344.0,0.0,118.0,972.0,Dilatik Kiling,True
9034_01,Europa,True,D/288/P,TRAPPIST-1e,14.0,False,0.0,0.0,0.0,0.0,0.0,Marfar Crakete,True
0907_01,Europa,False,B/34/P,55 Cancri e,41.0,False,0.0,5738.0,7.0,9038.0,28.0,Achah Cassiding,False
6556_01,Mars,True,F/1362/P,TRAPPIST-1e,29.0,False,0.0,0.0,0.0,0.0,0.0,Nes Gine,True
8766_01,Mars,True,F/1807/P,TRAPPIST-1e,24.0,False,0.0,0.0,0.0,0.0,0.0,Fles Mine,True
9224_01,Mars,False,F/1786/S,TRAPPIST-1e,24.0,False,745.0,639.0,977.0,4.0,0.0,Bants Reke,False
4695_01,Mars,False,F/882/S,TRAPPIST-1e,0.0,False,0.0,0.0,0.0,0.0,0.0,Cobix Snoff,True
5441_01,Europa,True,B/207/S,55 Cancri e,24.0,False,0.0,0.0,0.0,0.0,0.0,Raston Spoilling,True
1874_02,Earth,,F/374/P,PSO J318.5-22,29.0,False,0.0,0.0,0.0,486.0,1479.0,Vanley Woodgezalez,False
5587_01,Earth,False,F/1159/P,55 Cancri e,22.0,False,654.0,2.0,83.0,0.0,0.0,Dianie Deckerson,False
3531_02,Mars,True,F/731/P,TRAPPIST-1e,45.0,,,0.0,0.0,0.0,0.0,Cinda Erflé,True
9023_01,Earth,False,E/593/S,TRAPPIST-1e,18.0,False,0.0,1.0,0.0,618.0,21.0,,True
2553_01,Europa,True,D/87/S,TRAPPIST-1e,30.0,False,0.0,0.0,0.0,0.0,0.0,Grafik Obnoftle,True
8890_01,Earth,False,G/1434/S,PSO J318.5-22,27.0,False,0.0,0.0,0.0,1606.0,3675.0,Coreen Tersimpson,False
4444_01,Earth,False,E/291/S,TRAPPIST-1e,40.0,False,0.0,901.0,0.0,0.0,89.0,Kenny Salez,False
3600_01,Earth,True,G/580/S,TRAPPIST-1e,24.0,False,0.0,0.0,0.0,0.0,0.0,Anda Lardy,True
1302_01,Mars,False,D/45/S,55 Cancri e,22.0,False,218.0,50.0,4817.0,146.0,256.0,Beah Erry,True
0756_02,Europa,False,B/27/S,TRAPPIST-1e,34.0,False,47.0,287.0,0.0,4302.0,0.0,Ranon Geraing,False
5969_03,Earth,False,G/972/S,TRAPPIST-1e,2.0,False,0.0,0.0,0.0,0.0,0.0,Vine Reenez,True
0571_01,Europa,True,C/21/P,55 Cancri e,22.0,False,0.0,0.0,0.0,0.0,0.0,Branev Ousious,True
5717_01,Earth,False,G/917/P,TRAPPIST-1e,59.0,False,0.0,664.0,0.0,144.0,141.0,Wardan Fowles,True
2496_01,Earth,False,F/481/S,TRAPPIST-1e,25.0,False,64.0,0.0,0.0,660.0,0.0,Ireen Goody,False
3282_02,Europa,True,B/120/S,TRAPPIST-1e,60.0,,0.0,0.0,0.0,0.0,0.0,Alzird Prighty,True
1015_01,Earth,False,F/189/S,TRAPPIST-1e,44.0,,0.0,131.0,267.0,554.0,0.0,Wilmay Antoshipson,False
1857_01,Mars,False,D/63/S,55 Cancri e,31.0,False,120.0,0.0,657.0,52.0,0.0,Pios Emone,False
7444_01,Earth,True,G/1203/P,TRAPPIST-1e,17.0,False,0.0,0.0,,0.0,0.0,Kenny Thorney,False
8701_01,Mars,False,F/1789/P,55 Cancri e,19.0,False,203.0,0.0,172.0,1460.0,151.0,Hammet Rekle,False
2446_01,Earth,False,F/507/P,TRAPPIST-1e,33.0,False,0.0,0.0,661.0,0.0,94.0,Lestie Hoppernardy,True
4219_03,Mars,False,F/868/P,TRAPPIST-1e,32.0,False,1331.0,416.0,0.0,665.0,64.0,Supix Min,False
5713_01,Earth,False,G/915/P,TRAPPIST-1e,42.0,False,0.0,29.0,317.0,434.0,45.0,Lawren Blangibson,True
6487_01,Earth,False,F/1343/P,TRAPPIST-1e,26.0,False,0.0,0.0,0.0,22.0,1030.0,Marlie Solon,False
6062_02,Mars,False,E/388/P,TRAPPIST-1e,35.0,False,0.0,0.0,0.0,0.0,0.0,Cranch Sesa,False
4810_01,Earth,False,,PSO J318.5-22,20.0,False,30.0,4.0,0.0,321.0,451.0,Lulard Blacks,False
8997_02,Earth,False,F/1742/S,TRAPPIST-1e,30.0,False,604.0,0.0,50.0,147.0,2.0,Kaye Guerson,False
7229_01,Earth,False,F/1391/S,PSO J318.5-22,57.0,False,0.0,1.0,0.0,664.0,19.0,Gaylah Leonadorsen,False
4978_01,Earth,False,F/1015/P,TRAPPIST-1e,20.0,False,0.0,358.0,287.0,0.0,,Floyde Hortis,False
0444_02,,False,F/99/P,TRAPPIST-1e,26.0,True,1869.0,0.0,136.0,0.0,0.0,Colal Curte,False
4916_01,Mars,True,F/1001/P,TRAPPIST-1e,19.0,False,0.0,0.0,0.0,0.0,0.0,Unch Mity,True
1660_01,Earth,,E/122/S,TRAPPIST-1e,20.0,False,0.0,1.0,0.0,905.0,0.0,Estina Cardner,False
5742_01,Earth,False,F/1096/S,55 Cancri e,50.0,False,57.0,29.0,0.0,0.0,643.0,Ger Rigginsen,False
8133_01,Mars,False,D/254/P,TRAPPIST-1e,27.0,False,831.0,0.0,0.0,867.0,20.0,Gra Suncy,False
5312_01,Europa,True,B/182/P,TRAPPIST-1e,27.0,False,0.0,0.0,0.0,0.0,0.0,Sulaton Prefule,True
1462_01,Earth,True,G/231/P,TRAPPIST-1e,30.0,False,0.0,0.0,0.0,0.0,0.0,Timmie Webstes,True
2599_01,Earth,True,,TRAPPIST-1e,21.0,False,0.0,0.0,0.0,0.0,0.0,Hery Bardinard,False
9066_01,Earth,False,F/1756/S,PSO J318.5-22,30.0,False,1269.0,9.0,0.0,0.0,0.0,Blancy Dotsondez,False
3033_01,Earth,False,G/479/S,PSO J318.5-22,21.0,False,0.0,27.0,1181.0,0.0,513.0,Hardy Wagnerray,False
0992_05,Europa,True,D/35/S,55 Cancri e,17.0,False,0.0,0.0,0.0,0.0,0.0,Sinon Kiling,True
1959_01,Europa,True,C/66/P,TRAPPIST-1e,15.0,False,0.0,0.0,0.0,0.0,0.0,Weion Exibuctich,True
7630_01,Earth,False,F/1585/P,55 Cancri e,48.0,False,0.0,172.0,115.0,1.0,645.0,Estina Hughriend,False
0072_01,Earth,False,F/17/S,TRAPPIST-1e,14.0,False,0.0,1.0,0.0,0.0,1063.0,Thell Brantuarez,False
5167_01,Earth,False,F/990/S,TRAPPIST-1e,47.0,False,1.0,17.0,0.0,1069.0,0.0,Joana Crayeson,False
1304_05,Earth,True,E/82/P,TRAPPIST-1e,37.0,False,0.0,0.0,0.0,0.0,0.0,Moniey Powenoble,False
1236_01,Earth,False,F/246/P,55 Cancri e,21.0,False,614.0,43.0,0.0,1.0,0.0,Briany Lancock,False
4354_01,Earth,False,E/276/P,TRAPPIST-1e,23.0,False,115.0,1.0,0.0,,249.0,Millie Greeves,False
6128_01,Earth,True,G/992/P,TRAPPIST-1e,23.0,False,0.0,0.0,0.0,0.0,0.0,Samany Serry,False
1058_01,Earth,False,F/201/S,TRAPPIST-1e,19.0,False,0.0,0.0,27.0,53.0,677.0,Keithy Ingston,False
6370_01,Mars,True,F/1216/S,TRAPPIST-1e,28.0,False,0.0,0.0,0.0,0.0,0.0,Row Kart,True
7217_01,Mars,False,F/1495/P,TRAPPIST-1e,21.0,False,21.0,0.0,874.0,226.0,0.0,Bleda Pead,True
4680_03,Mars,,F/952/P,TRAPPIST-1e,19.0,False,0.0,0.0,0.0,0.0,0.0,,True
2564_01,Europa,False,E/179/S,TRAPPIST-1e,42.0,False,2.0,3024.0,0.0,89.0,10.0,Acceleb Unrent,True
4721_01,Earth,True,G/771/S,TRAPPIST-1e,23.0,False,0.0,0.0,0.0,0.0,0.0,Alancy Santry,True
7937_01,Europa,False,D/229/S,TRAPPIST-1e,36.0,False,0.0,9532.0,0.0,2326.0,461.0,Misadr Skessid,False
7156_02,Mars,False,E/475/S,TRAPPIST-1e,,False,0.0,0.0,0.0,0.0,0.0,Repart Ramad,True
6573_01,Earth,False,F/1257/S,TRAPPIST-1e,50.0,False,0.0,896.0,1.0,0.0,5.0,Emilla Mosepherry,True
4244_01,Earth,False,F/794/S,TRAPPIST-1e,17.0,False,0.0,628.0,0.0,66.0,449.0,Yvetta Weaverays,True
7559_01,Earth,False,F/1569/P,TRAPPIST-1e,22.0,False,0.0,0.0,441.0,0.0,423.0,Stace Castannison,False
4889_01,Earth,False,G/794/S,PSO J318.5-22,57.0,False,274.0,8.0,0.0,19.0,466.0,Thewis Mullericer,False
5300_01,Earth,True,G/864/S,55 Cancri e,51.0,False,0.0,0.0,0.0,0.0,0.0,Healle Klindsayer,True
6882_02,Mars,False,E/438/P,TRAPPIST-1e,53.0,False,0.0,0.0,0.0,0.0,0.0,Giamon Dake,False
9003_01,Earth,False,F/1744/S,TRAPPIST-1e,23.0,,2.0,167.0,0.0,0.0,555.0,Rence Llobsoney,True
8522_01,Earth,False,F/1751/P,TRAPPIST-1e,27.0,False,3.0,,10.0,4.0,855.0,Ianna Quinnerettt,True
5885_02,Earth,False,F/1123/S,TRAPPIST-1e,55.0,False,0.0,0.0,0.0,507.0,909.0,Philia Oneiles,True
5662_01,Earth,True,G/916/S,TRAPPIST-1e,14.0,False,0.0,0.0,0.0,0.0,0.0,Alendy Wolferguson,True
3439_04,Europa,False,B/130/S,TRAPPIST-1e,39.0,False,0.0,2.0,0.0,909.0,3291.0,Cheddin Modent,False
9014_01,Europa,True,B/293/P,TRAPPIST-1e,29.0,False,0.0,0.0,0.0,0.0,0.0,Nunkib Dishearly,True
7302_01,Mars,False,E/486/S,TRAPPIST-1e,33.0,False,728.0,0.0,285.0,0.0,0.0,Rish Fle,False
8462_01,Earth,False,F/1629/S,TRAPPIST-1e,21.0,False,32.0,640.0,0.0,0.0,0.0,Maen Klindsey,True
4061_03,Mars,True,F/766/S,TRAPPIST-1e,1.0,False,0.0,0.0,0.0,,0.0,,True
0636_01,Earth,False,F/136/P,55 Cancri e,13.0,False,0.0,7.0,0.0,339.0,359.0,Craine Santantines,False
1833_01,Europa,False,C/61/P,55 Cancri e,48.0,False,140.0,127.0,0.0,4102.0,521.0,Mirark Scoudelle,False
3726_01,Earth,True,G/604/P,TRAPPIST-1e,35.0,False,0.0,0.0,0.0,,0.0,Brence Bardina,True
3608_03,Europa,,D/122/P,TRAPPIST-1e,57.0,False,0.0,0.0,0.0,0.0,0.0,Skyrmak Mormonized,True
7690_01,Earth,,G/1234/P,TRAPPIST-1e,28.0,False,0.0,0.0,0.0,0.0,0.0,Juane Stanleyd,True
5719_01,Earth,False,G/918/P,TRAPPIST-1e,70.0,False,390.0,0.0,0.0,0.0,518.0,Ireen Tranciams,True
8233_01,Earth,False,F/1575/S,TRAPPIST-1e,30.0,False,0.0,0.0,779.0,0.0,18.0,Leene Balderts,False
1490_01,Europa,False,D/47/P,55 Cancri e,26.0,False,0.0,304.0,0.0,3998.0,,Caphird Crioncery,False
8628_01,Earth,False,F/1664/S,PSO J318.5-22,49.0,False,0.0,18.0,0.0,0.0,686.0,Enry Johnsondez,False
0459_01,Earth,False,F/84/S,TRAPPIST-1e,15.0,False,2156.0,0.0,0.0,59.0,2.0,Hardy Nichoan,False
0427_01,Europa,False,E/26/P,TRAPPIST-1e,31.0,False,417.0,,7185.0,562.0,792.0,Algor Efulows,True
7523_01,Earth,False,G/1219/S,TRAPPIST-1e,24.0,False,0.0,0.0,643.0,167.0,0.0,Bara Mcclayton,True
5601_05,Earth,True,G/904/S,55 Cancri e,8.0,False,0.0,0.0,0.0,0.0,0.0,Maya Vandan,True
8427_01,Earth,True,G/1376/P,PSO J318.5-22,17.0,False,0.0,0.0,0.0,0.0,0.0,Nice Sosanturney,False
1410_01,Earth,False,F/279/P,TRAPPIST-1e,23.0,False,0.0,567.0,896.0,0.0,122.0,Evane Lerez,False
2258_01,Earth,True,G/364/P,TRAPPIST-1e,46.0,False,,0.0,0.0,0.0,0.0,All Leonzaley,True
5018_01,Earth,True,G/812/P,TRAPPIST-1e,13.0,False,0.0,0.0,0.0,0.0,0.0,Shanie Pooles,True
5885_01,Earth,False,F/1123/S,TRAPPIST-1e,41.0,,8.0,532.0,0.0,0.0,100.0,Danna Oneiles,True
7941_01,Europa,False,C/257/P,TRAPPIST-1e,41.0,False,0.0,116.0,10705.0,9181.0,10.0,Alrakan Apedishaft,False
2714_01,Earth,False,F/561/P,55 Cancri e,59.0,,269.0,1776.0,0.0,0.0,12.0,Maryn Mcintons,False
6978_01,Earth,False,E/446/P,55 Cancri e,24.0,False,0.0,893.0,0.0,4.0,8.0,Gwendy Chardsonnon,True
4446_03,Europa,True,B/175/S,55 Cancri e,59.0,False,0.0,0.0,0.0,0.0,0.0,Wasaton Chocaters,True
4345_01,Earth,False,G/717/P,TRAPPIST-1e,28.0,False,0.0,1125.0,3.0,562.0,7.0,Lelah Sancockett,False
6990_01,Earth,False,,PSO J318.5-22,21.0,False,1.0,22.0,0.0,649.0,2.0,Lison Franton,False
1599_02,Europa,True,C/58/P,55 Cancri e,53.0,False,0.0,0.0,0.0,0.0,0.0,Enifak Drelcate,True
7787_01,Europa,False,B/301/S,55 Cancri e,39.0,False,258.0,1541.0,0.0,,621.0,Polari Cousel,False
2139_01,Mars,True,F/417/S,TRAPPIST-1e,19.0,False,0.0,0.0,0.0,0.0,0.0,Gibil Razo,True
7253_01,Europa,False,D/225/P,TRAPPIST-1e,26.0,False,0.0,896.0,0.0,690.0,1.0,Alaron Obedaming,True
0410_01,Earth,False,F/72/S,55 Cancri e,21.0,False,0.0,150.0,0.0,567.0,0.0,Tyrona Roachoanand,False
3594_01,Earth,True,G/588/P,PSO J318.5-22,64.0,False,0.0,0.0,0.0,0.0,0.0,Amyra Kirks,True
0378_05,Europa,True,B/11/S,TRAPPIST-1e,13.0,False,0.0,0.0,0.0,0.0,0.0,Polaton Pirejus,True
1603_03,Earth,False,G/256/P,55 Cancri e,7.0,False,0.0,0.0,0.0,0.0,0.0,Dessie Carreralend,True
3287_01,Earth,False,G/522/S,PSO J318.5-22,2.0,False,,0.0,0.0,0.0,0.0,Jeron Carlsonney,True
9071_01,Earth,False,F/1855/P,55 Cancri e,22.0,False,0.0,0.0,1072.0,46.0,3.0,Anton Woody,False
2944_01,Earth,False,F/559/S,TRAPPIST-1e,51.0,False,214.0,3.0,16.0,569.0,0.0,Min Nichoan,False
4397_01,Earth,True,,PSO J318.5-22,35.0,False,0.0,0.0,0.0,0.0,0.0,Meline Foledges,True
7989_01,Earth,True,G/1290/S,PSO J318.5-22,25.0,False,0.0,0.0,0.0,0.0,0.0,Perryl Baketton,False
7505_02,Mars,True,F/1553/P,TRAPPIST-1e,3.0,False,0.0,0.0,0.0,0.0,0.0,Hone Fone,True
2071_01,Europa,False,C/78/S,55 Cancri e,45.0,False,0.0,3559.0,0.0,3615.0,163.0,Zaninon Subateful,False
6271_01,Europa,False,A/62/P,TRAPPIST-1e,37.0,False,0.0,0.0,0.0,0.0,0.0,Cheleon Wrempeedly,True
7337_01,Europa,False,A/89/S,TRAPPIST-1e,25.0,False,0.0,115.0,0.0,1823.0,4041.0,Ranons Folkshbox,False
5585_02,Earth,False,F/1158/P,TRAPPIST-1e,34.0,False,245.0,0.0,542.0,0.0,19.0,Velyne Popelazquez,True
8268_01,Europa,True,B/321/S,TRAPPIST-1e,40.0,False,0.0,0.0,0.0,0.0,0.0,Astrark Impress,True
4256_02,Earth,True,G/698/P,TRAPPIST-1e,18.0,False,0.0,0.0,0.0,0.0,0.0,Crisey Garnes,False
6949_01,Earth,False,E/464/S,55 Cancri e,25.0,False,0.0,12.0,851.0,19.0,103.0,Lolas Dillestron,False
4163_01,Earth,True,G/683/S,55 Cancri e,16.0,False,0.0,0.0,0.0,0.0,0.0,Lyne Woodwinton,True
0663_01,Earth,False,F/140/P,TRAPPIST-1e,44.0,False,86.0,525.0,16.0,49.0,39.0,Jeroy Buckentry,True
5148_02,Earth,True,G/831/P,TRAPPIST-1e,16.0,False,0.0,0.0,0.0,0.0,0.0,Jeanny Moodsey,True
0833_01,Europa,True,,55 Cancri e,36.0,False,0.0,0.0,0.0,0.0,0.0,Tarmus Poicaptic,True
2652_01,Earth,False,F/513/S,TRAPPIST-1e,22.0,False,0.0,0.0,670.0,0.0,32.0,Wally Davispinoz,True
8150_01,Mars,True,E/539/S,55 Cancri e,3.0,False,0.0,0.0,,0.0,0.0,Bles Kart,True
4441_02,Europa,True,B/144/P,TRAPPIST-1e,39.0,False,0.0,0.0,0.0,0.0,0.0,,True
7279_01,Europa,True,C/236/P,55 Cancri e,38.0,False,0.0,0.0,0.0,0.0,0.0,Halsham Prombled,True
1551_01,Europa,False,E/96/P,TRAPPIST-1e,30.0,False,0.0,1376.0,43.0,0.0,1460.0,Skyrmak Clidly,True
3703_02,Mars,False,F/768/P,TRAPPIST-1e,20.0,False,1377.0,267.0,36.0,0.0,0.0,Shersp Coflé,False
8227_01,Earth,False,E/527/P,TRAPPIST-1e,27.0,False,14.0,1186.0,460.0,12.0,9.0,Leneva Headardyer,True
0549_02,Mars,True,F/98/S,TRAPPIST-1e,43.0,False,0.0,0.0,0.0,0.0,0.0,Guans Watte,True
8144_04,Europa,False,B/270/P,TRAPPIST-1e,5.0,False,0.0,0.0,0.0,0.0,0.0,Dhena Donotaked,True
3839_01,Mars,False,E/228/P,TRAPPIST-1e,23.0,False,418.0,4.0,627.0,0.0,0.0,Puffes Kine,False
3546_01,Earth,False,F/672/S,TRAPPIST-1e,36.0,False,0.0,10.0,0.0,0.0,,Alendy Llonovancis,False
2544_01,Europa,False,B/97/S,55 Cancri e,6.0,False,0.0,0.0,0.0,0.0,0.0,Majoth Sernator,True
5814_01,Mars,False,D/176/S,TRAPPIST-1e,17.0,False,513.0,0.0,669.0,0.0,0.0,Prabon Bine,False
2368_01,Mars,False,E/141/P,TRAPPIST-1e,22.0,False,579.0,0.0,267.0,0.0,108.0,Prow Potte,False
8302_02,Earth,False,F/1594/S,TRAPPIST-1e,17.0,False,4.0,0.0,867.0,0.0,0.0,Heremy Burchrison,False
6991_01,Europa,False,B/233/P,55 Cancri e,38.0,False,0.0,692.0,0.0,3587.0,0.0,Kabiton Disivering,False
4127_01,Europa,,B/130/P,TRAPPIST-1e,23.0,False,0.0,0.0,0.0,0.0,,Dsch Ainserfle,True
0429_02,Europa,True,A/5/S,55 Cancri e,46.0,False,0.0,0.0,0.0,0.0,0.0,Taurak Ineysive,True
2460_01,Earth,True,G/402/P,PSO J318.5-22,28.0,False,0.0,0.0,0.0,0.0,0.0,Man Solon,True
0992_06,Europa,False,D/35/S,55 Cancri e,37.0,False,4301.0,791.0,0.0,1748.0,91.0,Weidus Kiling,False
2159_01,Earth,False,F/424/S,TRAPPIST-1e,18.0,False,0.0,402.0,2027.0,0.0,0.0,Hencey Casez,True
5466_01,Europa,True,B/185/P,55 Cancri e,41.0,False,0.0,0.0,0.0,0.0,0.0,Mesons Matoltuble,True
7545_01,Earth,True,G/1225/S,TRAPPIST-1e,,False,0.0,0.0,0.0,0.0,0.0,Jasony Nguerrettye,False
2679_01,Earth,True,G/426/S,TRAPPIST-1e,,False,0.0,0.0,0.0,0.0,0.0,Paulas Boltond,False
4680_04,Mars,False,D/155/P,TRAPPIST-1e,37.0,False,1144.0,4.0,34.0,0.0,0.0,Meass Colte,False
1995_01,Earth,False,G/314/S,PSO J318.5-22,30.0,False,231.0,0.0,0.0,274.0,26.0,Gerry Sterreray,False
3262_01,Earth,False,F/681/P,TRAPPIST-1e,32.0,False,0.0,632.0,0.0,0.0,0.0,Jodia Pottmanley,False
1865_05,Earth,,G/292/S,TRAPPIST-1e,25.0,False,0.0,60.0,0.0,646.0,1115.0,Terly Roses,False
8901_01,Europa,True,B/341/S,TRAPPIST-1e,31.0,False,0.0,0.0,0.0,0.0,0.0,Alphah Cousel,True
6675_01,Earth,,F/1388/P,TRAPPIST-1e,60.0,False,707.0,24.0,0.0,0.0,170.0,Derry Gouldensen,False
8321_01,Earth,False,F/1713/P,TRAPPIST-1e,23.0,False,0.0,0.0,0.0,0.0,693.0,Hillie Farrez,False
2044_01,Earth,False,F/396/S,TRAPPIST-1e,27.0,,0.0,0.0,634.0,1.0,23.0,Breney Conleydenan,True
8322_01,Europa,False,,PSO J318.5-22,45.0,True,,49.0,0.0,4864.0,3902.0,Hamelik Briouse,False
9179_02,Earth,False,G/1494/P,TRAPPIST-1e,31.0,False,459.0,194.0,0.0,5.0,125.0,Hollie Tranciams,False
1133_01,Mars,False,E/64/P,TRAPPIST-1e,27.0,False,0.0,0.0,0.0,0.0,0.0,Anes Lake,True
4095_01,Earth,False,G/671/P,55 Cancri e,14.0,False,834.0,1080.0,3.0,183.0,208.0,Deaney Romez,False
2950_01,Earth,False,F/617/P,TRAPPIST-1e,20.0,False,310.0,0.0,374.0,0.0,5.0,Lawren Fielsenders,False
0285_02,Europa,True,E/16/P,55 Cancri e,42.0,False,0.0,0.0,0.0,0.0,0.0,Grasath Invebodene,True
5058_02,Mars,False,F/963/S,PSO J318.5-22,30.0,True,600.0,31.0,1.0,659.0,191.0,Gork Apie,False
1709_05,Mars,True,F/326/S,TRAPPIST-1e,26.0,False,0.0,0.0,0.0,0.0,0.0,Fams Minen,True
6780_02,Europa,False,C/251/S,TRAPPIST-1e,39.0,False,2167.0,30.0,1472.0,,0.0,Eltan Plaricit,True
5700_01,Earth,True,G/924/S,TRAPPIST-1e,47.0,False,0.0,0.0,0.0,0.0,0.0,Coreen Ricks,True
0793_01,Earth,False,G/117/P,PSO J318.5-22,39.0,False,0.0,0.0,0.0,7.0,766.0,Millie Powenoble,False
8856_01,Earth,True,G/1434/P,PSO J318.5-22,28.0,False,0.0,0.0,0.0,0.0,0.0,Teremy Mckinsond,True
2476_01,Earth,False,F/512/P,TRAPPIST-1e,35.0,,0.0,0.0,1.0,0.0,1264.0,Luise Arner,False
0482_01,Earth,False,E/28/S,TRAPPIST-1e,27.0,False,0.0,118.0,0.0,5.0,665.0,Anny Mallerez,False
6792_01,Mars,False,F/1412/P,TRAPPIST-1e,41.0,False,145.0,0.0,2383.0,30.0,40.0,Razzle Reate,True
3282_03,Europa,False,B/120/S,TRAPPIST-1e,43.0,False,0.0,1440.0,0.0,85.0,150.0,Sheratz Prighty,True
5945_03,Earth,False,G/970/S,PSO J318.5-22,47.0,False,163.0,2.0,11.0,593.0,0.0,Alancy Morez,True
6748_01,Mars,True,F/1289/S,TRAPPIST-1e,27.0,False,0.0,0.0,0.0,,0.0,Cank Scake,True
2138_01,Earth,True,G/344/S,55 Cancri e,13.0,,0.0,0.0,0.0,0.0,0.0,Colly Powery,True
7425_01,Earth,True,G/1200/P,TRAPPIST-1e,29.0,False,0.0,0.0,0.0,0.0,,Milyla Balderts,True
7708_01,Earth,False,F/1471/S,TRAPPIST-1e,18.0,False,110.0,103.0,471.0,11.0,1.0,Arl Chavezalez,False
4022_01,Earth,False,F/833/P,PSO J318.5-22,37.0,False,4.0,0.0,223.0,512.0,1.0,Lavey Hubbarrison,False
8288_02,Mars,False,F/1705/P,TRAPPIST-1e,15.0,False,1150.0,0.0,175.0,1.0,11.0,Goleer Sache,False
1116_03,Earth,True,G/174/S,TRAPPIST-1e,26.0,False,0.0,0.0,0.0,0.0,0.0,Colly Barnolaney,True
2878_01,Mars,False,F/593/P,TRAPPIST-1e,42.0,False,44.0,0.0,3648.0,0.0,9.0,Grey Ancy,True
5956_01,Earth,False,E/379/P,TRAPPIST-1e,21.0,,12.0,0.0,0.0,1658.0,0.0,Hard Kramosley,False
4172_05,Mars,False,F/856/P,TRAPPIST-1e,56.0,False,128.0,0.0,959.0,0.0,42.0,Barks Flell,False
2435_01,Earth,False,F/467/S,TRAPPIST-1e,33.0,False,4.0,0.0,28.0,0.0,2757.0,Lynnee Bonder,False
6199_01,Mars,True,E/412/S,TRAPPIST-1e,34.0,False,0.0,0.0,,0.0,0.0,Chrice Spien,True
5810_01,Earth,True,G/935/P,TRAPPIST-1e,28.0,False,0.0,0.0,0.0,0.0,0.0,Valey Chapmaney,True
3397_01,Earth,False,G/543/S,TRAPPIST-1e,22.0,False,0.0,269.0,0.0,100.0,28.0,Guyl Barkeretton,False
4252_01,Earth,False,F/795/S,TRAPPIST-1e,15.0,False,156.0,1.0,1132.0,192.0,33.0,Annon Knoxtones,True
1688_03,Earth,True,G/262/S,TRAPPIST-1e,19.0,False,,0.0,0.0,0.0,0.0,Line Webstenson,True
6405_04,Earth,False,G/1039/S,55 Cancri e,0.0,False,0.0,0.0,0.0,0.0,0.0,Diandy Toddleton,True
5927_02,Europa,False,B/201/P,,23.0,False,0.0,109.0,0.0,4810.0,25.0,Naviton Sysilstict,False
4900_01,Earth,False,F/994/P,PSO J318.5-22,35.0,False,0.0,0.0,2.0,672.0,10.0,Idace Gaington,False
6663_01,Earth,False,G/1079/P,TRAPPIST-1e,20.0,False,402.0,25.0,9.0,373.0,0.0,Almara Hickerson,False
3476_03,Earth,False,G/571/P,55 Cancri e,0.0,False,0.0,0.0,0.0,,0.0,,True
1024_02,Earth,True,G/152/P,TRAPPIST-1e,0.0,False,0.0,0.0,0.0,0.0,0.0,Myrace Nichaner,True
2928_03,Europa,True,B/92/P,TRAPPIST-1e,44.0,False,0.0,0.0,0.0,0.0,0.0,Gluinol Mander,True
3499_02,Earth,False,G/574/P,TRAPPIST-1e,1.0,False,0.0,0.0,0.0,0.0,0.0,Yolace Clemondsey,True
2965_01,Earth,False,F/622/P,TRAPPIST-1e,14.0,False,0.0,0.0,709.0,258.0,3.0,Amandy Munozanson,False
0753_03,Europa,True,,55 Cancri e,42.0,False,0.0,0.0,0.0,0.0,0.0,Matan Ennalve,True
9161_02,Earth,True,G/1493/P,TRAPPIST-1e,36.0,False,0.0,0.0,,0.0,0.0,Luzel Lopelases,True
3761_01,,False,E/222/P,55 Cancri e,45.0,False,824.0,2196.0,385.0,19.0,1113.0,Nuscham Stingive,True
1731_01,Earth,True,G/281/P,PSO J318.5-22,17.0,False,0.0,0.0,0.0,0.0,0.0,Alfrey Santry,True
1060_01,Earth,False,G/166/S,TRAPPIST-1e,57.0,False,,20.0,157.0,21.0,689.0,Willip Clayson,False
8294_01,Mars,True,E/543/S,TRAPPIST-1e,62.0,False,0.0,0.0,0.0,0.0,0.0,,True
6360_03,Europa,True,A/75/S,TRAPPIST-1e,40.0,False,0.0,0.0,0.0,0.0,0.0,Becruxa Clumsty,True
6774_03,Earth,False,F/1408/P,TRAPPIST-1e,33.0,False,0.0,0.0,704.0,0.0,0.0,Tancis Steinardson,False
3310_01,Europa,True,D/107/P,TRAPPIST-1e,26.0,False,0.0,0.0,0.0,0.0,0.0,Grafik Bagint,True
1484_01,Earth,,E/93/P,TRAPPIST-1e,16.0,False,92.0,1.0,884.0,0.0,0.0,Lan Roachoanand,False
4433_01,Earth,True,G/729/P,PSO J318.5-22,21.0,False,0.0,0.0,0.0,0.0,0.0,Eriney Guerson,False
9048_01,Earth,True,G/1471/P,TRAPPIST-1e,54.0,False,0.0,0.0,0.0,0.0,0.0,Sall Garzaley,False
3536_01,Europa,True,A/40/S,55 Cancri e,28.0,False,0.0,0.0,0.0,0.0,0.0,Zosmas Ineedeve,True
2449_03,Mars,True,F/508/P,TRAPPIST-1e,7.0,False,0.0,0.0,0.0,0.0,0.0,Moss Nacke,True
5698_01,Earth,False,F/1088/S,TRAPPIST-1e,14.0,False,0.0,0.0,325.0,247.0,305.0,Natha Mulley,False
5422_01,Europa,True,D/164/S,55 Cancri e,26.0,False,0.0,0.0,0.0,,0.0,Pleion Sperap,True
0207_01,Earth,True,G/32/P,PSO J318.5-22,19.0,False,0.0,0.0,0.0,0.0,0.0,Thony Mcfaddennon,False
7162_01,Earth,,F/1485/P,TRAPPIST-1e,65.0,False,43.0,21.0,22.0,50.0,731.0,Bland Pernard,False
2329_01,Mars,True,F/472/P,TRAPPIST-1e,29.0,False,0.0,,0.0,0.0,0.0,Heersh Burry,True
4744_02,Europa,True,C/152/P,55 Cancri e,34.0,False,0.0,0.0,0.0,0.0,0.0,Sulaton Ingent,True
0534_01,Europa,False,B/23/P,TRAPPIST-1e,34.0,False,98.0,715.0,29.0,5732.0,1902.0,Asellux Parbage,False
7831_01,Mars,False,F/1626/P,TRAPPIST-1e,16.0,False,1095.0,0.0,54.0,0.0,0.0,,False
3787_03,Mars,False,D/122/S,TRAPPIST-1e,,False,132.0,75.0,849.0,0.0,0.0,Guls Prie,True
6036_01,Europa,False,C/225/S,TRAPPIST-1e,44.0,False,0.0,1289.0,1224.0,514.0,1674.0,Achah Stpingepid,True
0765_01,Mars,False,F/142/S,PSO J318.5-22,35.0,False,1248.0,0.0,55.0,12.0,0.0,Frus Burle,True
2589_02,Europa,True,C/91/P,55 Cancri e,50.0,False,0.0,0.0,0.0,0.0,0.0,Alphact Meteet,True
6745_01,Earth,False,F/1400/P,PSO J318.5-22,28.0,False,545.0,0.0,501.0,0.0,0.0,Jimmyn Mcinton,False
8753_02,Earth,False,F/1805/P,TRAPPIST-1e,38.0,False,22.0,9.0,40.0,732.0,0.0,Garyan Sellentry,False
4436_01,Earth,True,G/730/P,PSO J318.5-22,22.0,False,0.0,0.0,0.0,0.0,0.0,Lardy Jacobbinson,True
3161_01,Europa,False,E/208/S,55 Cancri e,56.0,False,0.0,323.0,971.0,58.0,4240.0,Batan Roustorly,False
5778_01,Earth,False,G/926/P,TRAPPIST-1e,36.0,False,0.0,0.0,0.0,0.0,907.0,Verney Pernard,False
4168_02,Earth,False,E/260/P,TRAPPIST-1e,28.0,False,0.0,241.0,6.0,0.0,542.0,Elina Deckerson,False
3899_01,Europa,True,E/234/P,TRAPPIST-1e,23.0,False,0.0,0.0,0.0,0.0,0.0,Kaffias Ingwhed,True
2594_01,Europa,True,B/98/S,TRAPPIST-1e,34.0,False,0.0,0.0,0.0,0.0,0.0,Neutrix Cisorter,True
2687_01,Earth,False,F/556/P,TRAPPIST-1e,51.0,False,0.0,1347.0,0.0,43.0,0.0,Carry Kimons,True
9227_03,Earth,True,G/1498/P,PSO J318.5-22,1.0,False,0.0,0.0,0.0,0.0,0.0,Paulas Hinglendez,True
7741_02,Earth,False,E/508/S,TRAPPIST-1e,24.0,False,9.0,769.0,9.0,0.0,0.0,Jilla Matts,False
4309_02,Earth,False,G/709/P,TRAPPIST-1e,6.0,False,0.0,0.0,0.0,0.0,0.0,Carlie Whitledges,True
1453_02,Earth,False,G/229/P,TRAPPIST-1e,63.0,False,3.0,801.0,0.0,0.0,5.0,Annon Thorney,True
0924_01,Earth,False,E/67/S,TRAPPIST-1e,33.0,False,13.0,0.0,984.0,0.0,0.0,Jona Chaellerty,False
9118_01,Earth,False,E/585/P,55 Cancri e,13.0,False,0.0,1501.0,23.0,5.0,163.0,Glenry Malliamsey,True
8993_01,Earth,,F/1844/P,PSO J318.5-22,27.0,False,32.0,8.0,5.0,588.0,18.0,Juliey Hahnstonsen,False
2353_01,Earth,False,G/380/S,TRAPPIST-1e,30.0,False,27.0,5412.0,86.0,,0.0,Janney Morgerson,True
6962_01,Earth,False,G/1136/S,TRAPPIST-1e,19.0,False,0.0,0.0,0.0,804.0,5.0,Dona Gibbsonton,False
7161_01,Europa,False,E/476/S,TRAPPIST-1e,33.0,False,0.0,3624.0,0.0,1537.0,498.0,Schyon Gealably,False
4632_03,Europa,False,C/176/S,55 Cancri e,26.0,False,0.0,431.0,28.0,10941.0,26.0,Cellus Dightent,False
2768_02,Earth,False,G/442/S,TRAPPIST-1e,0.0,False,0.0,0.0,0.0,0.0,0.0,Raceky Cartz,False
8757_01,Earth,False,G/1409/S,TRAPPIST-1e,28.0,False,1.0,1484.0,210.0,0.0,5.0,Vine Danielps,True
2210_01,Earth,True,G/355/S,TRAPPIST-1e,16.0,False,0.0,0.0,0.0,0.0,0.0,Helly Hestes,False
4979_01,Earth,True,G/804/P,PSO J318.5-22,24.0,False,0.0,0.0,0.0,0.0,0.0,Arllia Mckinn,False
2812_01,Mars,False,F/538/S,55 Cancri e,43.0,False,803.0,0.0,384.0,120.0,0.0,Hock Grean,True
9057_02,Europa,True,B/296/P,TRAPPIST-1e,55.0,False,0.0,0.0,0.0,0.0,0.0,Sitron Statch,True
0965_01,Mars,False,F/178/S,TRAPPIST-1e,19.0,False,631.0,0.0,834.0,304.0,0.0,Wacks Depie,False
5971_01,Mars,False,F/1230/P,TRAPPIST-1e,47.0,False,448.0,0.0,891.0,0.0,235.0,Jayrin Kinad,False
1918_03,Europa,False,A/23/S,TRAPPIST-1e,38.0,False,34.0,2043.0,0.0,1339.0,0.0,Hallux Assibler,True
4699_01,Earth,False,F/955/P,55 Cancri e,60.0,False,0.0,0.0,0.0,0.0,,Tammyl Roses,False
8694_01,Earth,True,G/1411/P,TRAPPIST-1e,13.0,False,0.0,0.0,0.0,0.0,0.0,Wenise Lunapperts,True
3256_01,Europa,True,E/217/S,55 Cancri e,54.0,False,0.0,0.0,0.0,0.0,0.0,Ashird Myling,True
6987_01,Earth,True,G/1139/S,TRAPPIST-1e,,False,0.0,0.0,0.0,0.0,0.0,Willey Moongton,True
9031_01,Earth,,G/1455/S,TRAPPIST-1e,51.0,False,0.0,0.0,689.0,0.0,32.0,Noria Bairdyork,False
0561_01,Earth,False,G/82/S,TRAPPIST-1e,22.0,False,0.0,0.0,332.0,442.0,0.0,Jessa Flemaney,False
2645_01,Europa,False,C/95/S,TRAPPIST-1e,55.0,False,0.0,815.0,1558.0,3.0,1334.0,Alrais Fordulgaug,True
2818_03,Mars,False,F/585/P,TRAPPIST-1e,24.0,False,165.0,0.0,981.0,2.0,0.0,Wifel Betie,True
5538_02,Mars,True,F/1146/P,TRAPPIST-1e,17.0,False,0.0,0.0,0.0,0.0,0.0,Hocks Gele,True
8999_01,Mars,False,D/274/S,55 Cancri e,32.0,False,2555.0,0.0,456.0,2.0,0.0,Roswal Raste,False
4356_01,Europa,True,B/167/S,55 Cancri e,28.0,False,0.0,0.0,0.0,0.0,0.0,Dabik Brantcable,True
3480_01,Earth,False,F/655/S,PSO J318.5-22,50.0,False,121.0,558.0,0.0,10.0,0.0,Jacky Vales,False
0291_01,Europa,False,D/10/S,TRAPPIST-1e,40.0,False,0.0,6500.0,88.0,1090.0,0.0,Castab Brakeril,True
1704_02,Mars,False,D/60/S,55 Cancri e,18.0,False,86.0,1164.0,516.0,0.0,0.0,Allota Fincy,True
5070_01,Earth,False,F/966/S,,20.0,,542.0,175.0,0.0,5.0,0.0,Lillia Collinson,True
0942_01,Mars,False,F/196/P,TRAPPIST-1e,18.0,False,594.0,0.0,555.0,0.0,0.0,Triple Vloaf,False
1653_01,Europa,False,A/19/S,,47.0,False,4.0,1303.0,830.0,774.0,2.0,Phernar Oderient,False
0020_04,Earth,False,E/0/S,TRAPPIST-1e,10.0,False,0.0,0.0,0.0,0.0,0.0,Breney Jacostanley,True
8514_01,Mars,,F/1748/P,TRAPPIST-1e,51.0,False,870.0,28.0,278.0,154.0,1288.0,Kie Ste,False
1012_01,Earth,True,G/149/P,TRAPPIST-1e,19.0,False,0.0,0.0,0.0,0.0,0.0,Valey Hubbarton,True
2401_01,Earth,True,G/388/P,PSO J318.5-22,42.0,False,0.0,0.0,0.0,0.0,0.0,Luise Francock,True
0571_02,Europa,True,C/21/P,TRAPPIST-1e,19.0,False,0.0,0.0,0.0,0.0,0.0,Alchium Ousious,False
4099_01,Earth,True,G/673/P,TRAPPIST-1e,,False,0.0,0.0,0.0,0.0,0.0,Willey Fryersonis,True
3087_01,Earth,,G/505/P,TRAPPIST-1e,35.0,False,0.0,0.0,0.0,0.0,0.0,Chadie Flyncharlan,True
8862_01,Europa,False,C/329/S,55 Cancri e,34.0,False,0.0,3126.0,0.0,112.0,15.0,Pharmus Myling,True
3751_01,Earth,False,,TRAPPIST-1e,24.0,False,0.0,274.0,594.0,35.0,658.0,Ambert Ericksonga,True
3533_01,Mars,False,E/211/P,TRAPPIST-1e,18.0,False,1749.0,50.0,280.0,2.0,0.0,Coakey Buthe,False
9150_01,Earth,False,G/1474/S,TRAPPIST-1e,45.0,False,1.0,0.0,638.0,9.0,161.0,Geney Schmondez,False
5909_03,Earth,True,G/961/S,55 Cancri e,2.0,False,0.0,0.0,0.0,0.0,0.0,Holey Fryan,True
0258_01,Earth,False,F/50/S,TRAPPIST-1e,22.0,False,0.0,0.0,313.0,299.0,92.0,Feryla Cooperkins,False
0442_01,Earth,False,F/98/P,TRAPPIST-1e,35.0,False,7.0,1043.0,0.0,0.0,0.0,Elica Armstromez,False
8266_01,Earth,True,G/1345/P,TRAPPIST-1e,10.0,False,0.0,0.0,0.0,0.0,0.0,Karay Thorney,True
3862_05,Mars,False,F/729/S,TRAPPIST-1e,54.0,False,149.0,981.0,215.0,0.0,0.0,Cherry Paie,True
2920_01,Earth,False,F/606/P,TRAPPIST-1e,23.0,False,0.0,179.0,569.0,0.0,0.0,Joelan Schwardson,True
4690_01,Europa,True,B/156/P,TRAPPIST-1e,35.0,False,0.0,0.0,0.0,0.0,0.0,Mediah Dishocatal,True
8476_01,Mars,False,D/252/S,TRAPPIST-1e,27.0,False,244.0,0.0,492.0,297.0,23.0,Slig Mille,True
7586_01,Europa,False,C/245/P,TRAPPIST-1e,29.0,False,220.0,1130.0,0.0,7.0,951.0,Weion Switmorary,True
5967_01,Earth,True,G/965/P,55 Cancri e,38.0,False,,0.0,0.0,0.0,0.0,Jonald Duranks,True
1439_01,Mars,False,F/279/S,TRAPPIST-1e,41.0,False,112.0,186.0,228.0,760.0,0.0,Lios Lette,False
2167_01,Earth,False,F/431/P,PSO J318.5-22,20.0,False,38.0,220.0,495.0,0.0,,Weney Mckinn,False
4813_01,Europa,False,C/190/S,55 Cancri e,49.0,False,0.0,7762.0,2.0,0.0,98.0,Ruchbia Exhaftearm,True
2059_01,Earth,False,G/333/P,TRAPPIST-1e,55.0,False,2.0,0.0,0.0,0.0,907.0,Ellena Moodmandez,True
3592_02,Mars,False,E/215/P,TRAPPIST-1e,21.0,False,354.0,113.0,,487.0,0.0,Book Nanie,False
2143_02,Earth,True,G/345/S,TRAPPIST-1e,7.0,False,0.0,0.0,0.0,0.0,0.0,Thel Miltongson,False
4336_01,Europa,False,C/155/S,TRAPPIST-1e,29.0,True,267.0,1418.0,257.0,843.0,0.0,Zedasim Gloother,True
2201_01,Europa,False,D/75/S,55 Cancri e,32.0,False,0.0,1968.0,13.0,1051.0,,Suhelik Subateful,True
4220_01,Earth,False,E/263/P,TRAPPIST-1e,31.0,False,553.0,224.0,9.0,1.0,0.0,Tine Acobson,False
1778_01,Earth,True,G/279/S,PSO J318.5-22,15.0,False,0.0,0.0,0.0,0.0,0.0,Stanya Adkinson,False
5375_02,Europa,True,C/210/S,TRAPPIST-1e,26.0,False,0.0,0.0,0.0,0.0,0.0,Quarke Tramsor,True
4005_04,Earth,True,,TRAPPIST-1e,12.0,False,0.0,0.0,0.0,0.0,0.0,Dia Spentley,False
5224_01,Earth,False,F/1003/S,TRAPPIST-1e,24.0,False,0.0,0.0,56.0,564.0,880.0,Diandy Mckinn,False
5983_01,Mars,False,F/1233/P,TRAPPIST-1e,25.0,True,1442.0,0.0,0.0,0.0,13.0,Squars Knike,False
4132_01,Earth,True,G/678/P,55 Cancri e,18.0,False,0.0,0.0,0.0,0.0,0.0,Curtle Norry,False
3332_01,Mars,False,D/107/S,55 Cancri e,48.0,,824.0,2.0,830.0,298.0,0.0,Blat Flité,False
2934_01,Earth,False,F/557/S,PSO J318.5-22,20.0,False,0.0,689.0,0.0,0.0,0.0,Adriet Moodman,False
8383_04,Earth,True,G/1368/P,TRAPPIST-1e,3.0,False,0.0,0.0,0.0,0.0,0.0,Weslie Gibbsonton,True
8597_01,Earth,True,G/1382/S,TRAPPIST-1e,23.0,False,0.0,0.0,0.0,0.0,0.0,Patoya Moreman,True
2295_01,Earth,False,F/466/P,TRAPPIST-1e,75.0,False,0.0,0.0,1224.0,,1769.0,Melica Emenez,False
7596_02,Europa,True,C/283/S,TRAPPIST-1e,56.0,False,0.0,0.0,0.0,0.0,0.0,,True
5606_01,Europa,True,B/213/S,55 Cancri e,45.0,False,0.0,0.0,0.0,0.0,0.0,Algor Paterpad,True
4315_01,Earth,False,E/272/P,TRAPPIST-1e,22.0,False,0.0,3.0,486.0,0.0,228.0,Clarry Hammonton,True
5378_01,Europa,False,C/173/P,TRAPPIST-1e,30.0,False,0.0,95.0,0.0,1202.0,5558.0,Cellum Alenter,False
2764_01,Earth,False,E/189/S,TRAPPIST-1e,42.0,False,0.0,0.0,213.0,166.0,1209.0,Racily Reyervaney,True
5772_01,Mars,False,F/1197/P,55 Cancri e,23.0,False,610.0,858.0,75.0,1358.0,0.0,Vuls Sidne,False
4625_06,,False,B/183/S,TRAPPIST-1e,27.0,False,0.0,453.0,137.0,1331.0,1660.0,Sabih Ineedeve,False
8848_01,,False,F/1824/P,TRAPPIST-1e,19.0,False,1037.0,0.0,40.0,0.0,0.0,Leos Lacke,True
7512_01,Earth,,F/1436/S,PSO J318.5-22,29.0,False,5.0,598.0,,0.0,0.0,Byrona Berges,False
6837_01,Mars,True,E/435/P,TRAPPIST-1e,43.0,False,0.0,0.0,0.0,0.0,0.0,Cireal Carté,True
1718_01,Earth,True,,TRAPPIST-1e,20.0,False,0.0,0.0,0.0,0.0,0.0,Elindy Reyervaney,True
4266_01,Earth,True,G/697/S,PSO J318.5-22,18.0,False,0.0,0.0,0.0,0.0,0.0,Vin Beston,True
6766_02,Earth,True,G/1098/P,TRAPPIST-1e,0.0,,0.0,0.0,0.0,0.0,0.0,Carita Warrishales,True
3986_02,Mars,False,F/755/S,TRAPPIST-1e,43.0,False,1448.0,0.0,150.0,0.0,0.0,Crowls Pine,False
8721_01,Europa,True,B/337/S,55 Cancri e,65.0,False,0.0,0.0,0.0,0.0,0.0,Mariton Tronsive,True
0316_02,Europa,True,B/9/S,TRAPPIST-1e,20.0,False,0.0,0.0,0.0,0.0,,Beneba Sorbitter,True
0641_01,Earth,False,F/114/S,TRAPPIST-1e,36.0,False,2.0,0.0,0.0,1958.0,19.0,Krisa Yanton,False
1962_03,Earth,True,G/316/P,TRAPPIST-1e,0.0,False,,0.0,0.0,0.0,0.0,Dixiel Ryanga,True
4254_02,Europa,True,B/136/P,TRAPPIST-1e,25.0,False,0.0,0.0,0.0,0.0,0.0,Gomeron Idercaling,True
5835_01,Earth,True,G/946/S,PSO J318.5-22,52.0,False,0.0,0.0,0.0,0.0,0.0,Stendy Avidson,True
5975_01,Europa,True,E/380/P,55 Cancri e,43.0,False,0.0,0.0,0.0,0.0,0.0,Pherkab Sageng,True
5136_01,Earth,False,F/984/S,55 Cancri e,24.0,False,0.0,0.0,0.0,704.0,0.0,Eulah Currisones,False
4038_01,Earth,True,G/664/S,PSO J318.5-22,24.0,False,0.0,0.0,0.0,0.0,0.0,Elice Reenez,False
8816_01,Europa,True,B/340/S,TRAPPIST-1e,48.0,False,0.0,0.0,0.0,0.0,,Murzima Diouselt,True
9034_03,Europa,False,D/288/P,55 Cancri e,27.0,False,0.0,984.0,0.0,13995.0,312.0,Phecca Headmish,False
8728_07,Earth,False,,TRAPPIST-1e,44.0,False,266.0,3.0,2.0,0.0,748.0,Delley Fulloydez,False
8728_04,Earth,False,F/1798/P,PSO J318.5-22,38.0,False,647.0,23.0,1.0,0.0,0.0,Ginald Fulloydez,False
4081_01,Earth,False,G/668/P,55 Cancri e,50.0,False,451.0,132.0,195.0,31.0,0.0,Patoya Penashley,False
3868_07,Earth,True,G/630/S,TRAPPIST-1e,9.0,False,0.0,0.0,0.0,0.0,0.0,Hene Braymon,False
9038_01,Europa,True,A/106/S,55 Cancri e,28.0,False,0.0,0.0,0.0,0.0,0.0,Betenar Listive,True
4249_02,Europa,True,B/166/S,TRAPPIST-1e,43.0,False,0.0,0.0,0.0,0.0,0.0,Alatrin Inghting,True
5955_02,Mars,False,F/1135/S,TRAPPIST-1e,27.0,False,1379.0,0.0,414.0,0.0,805.0,Frohs Sturt,False
8458_01,Europa,False,C/319/S,55 Cancri e,57.0,False,0.0,4301.0,31.0,665.0,6329.0,Atonea Sempreate,False
6999_01,Mars,False,E/449/P,TRAPPIST-1e,29.0,False,907.0,0.0,0.0,142.0,0.0,Mites Buth,False
0499_01,Mars,True,F/89/S,55 Cancri e,27.0,False,0.0,0.0,0.0,0.0,0.0,Eclass Meake,True
3200_01,Earth,False,F/669/P,TRAPPIST-1e,40.0,False,4.0,11.0,669.0,0.0,773.0,Brie Flynney,False
1402_02,Earth,True,G/215/S,55 Cancri e,33.0,False,0.0,0.0,,0.0,0.0,Leony Blacks,True
8878_01,Earth,False,E/568/P,TRAPPIST-1e,22.0,False,0.0,0.0,0.0,0.0,906.0,Tracek Rames,False
1889_01,Earth,False,F/378/P,TRAPPIST-1e,22.0,False,0.0,0.0,22.0,0.0,702.0,Vandy Hewson,False
7015_01,Europa,True,C/227/P,TRAPPIST-1e,29.0,False,0.0,0.0,0.0,0.0,0.0,Geons Geadle,True
0384_01,Earth,False,G/56/S,55 Cancri e,0.0,False,0.0,0.0,0.0,0.0,0.0,Cliney Simpsonks,True
3026_01,Earth,True,G/492/P,TRAPPIST-1e,22.0,False,0.0,0.0,0.0,0.0,0.0,Artis Gambs,False
1880_01,Earth,False,F/376/P,55 Cancri e,20.0,False,470.0,128.0,0.0,0.0,9.0,Valey Clean,False
1435_01,Earth,False,G/223/P,,23.0,False,0.0,20.0,26.0,0.0,659.0,Gabrin Gilleranks,False
2444_01,Earth,False,F/506/P,55 Cancri e,43.0,False,6.0,236.0,3.0,448.0,54.0,Benew Pentss,False
1961_01,Earth,False,G/315/P,TRAPPIST-1e,35.0,False,302.0,6.0,0.0,6.0,613.0,Kayne Giller,True
1812_01,,False,F/357/P,TRAPPIST-1e,25.0,False,9.0,852.0,73.0,12.0,57.0,Agnesa Hickson,True
2193_01,Earth,False,F/439/P,PSO J318.5-22,25.0,False,0.0,0.0,619.0,0.0,70.0,Karlen Singtons,False
3319_01,Earth,False,G/541/P,TRAPPIST-1e,56.0,False,0.0,335.0,532.0,15.0,26.0,Line Wolfaddox,False
5282_02,Earth,False,F/1016/S,TRAPPIST-1e,26.0,False,0.0,196.0,0.0,0.0,487.0,Eulah Torrez,True
1415_01,Europa,False,D/45/P,55 Cancri e,33.0,False,13.0,,2011.0,17.0,32.0,Preo Higast,True
4188_01,Earth,False,F/861/P,TRAPPIST-1e,23.0,False,1277.0,84.0,0.0,240.0,598.0,Lis Fowlesterez,True
1847_01,Earth,False,G/290/S,TRAPPIST-1e,65.0,False,5.0,317.0,,0.0,123.0,Jaimez Tuckers,False
5455_01,Mars,False,E/344/P,55 Cancri e,13.0,False,9920.0,0.0,180.0,130.0,571.0,Varkes Nate,False
2300_01,Europa,False,C/81/P,55 Cancri e,19.0,False,0.0,,0.0,0.0,8195.0,Genubik Alcemblery,False
5044_01,Earth,False,G/826/S,TRAPPIST-1e,23.0,False,0.0,381.0,142.0,0.0,261.0,Sanya Palmes,False
1258_01,Europa,False,A/10/P,55 Cancri e,30.0,False,0.0,3628.0,289.0,1737.0,4987.0,Tauva Cowsearney,False
2872_01,Earth,False,G/455/S,PSO J318.5-22,57.0,False,0.0,1431.0,0.0,30.0,337.0,Jonard Leblanchez,True
2629_01,Earth,False,G/427/P,TRAPPIST-1e,22.0,False,91.0,6.0,0.0,17.0,693.0,Sethew Lardsonald,False
2589_04,Europa,False,C/91/P,TRAPPIST-1e,30.0,True,0.0,632.0,0.0,673.0,2272.0,Weias Meteet,False
6569_01,Earth,True,G/1064/P,55 Cancri e,58.0,False,0.0,,0.0,0.0,0.0,Loisey Slatessen,True
7907_01,Mars,True,F/1513/S,TRAPPIST-1e,25.0,False,0.0,0.0,0.0,0.0,0.0,Erfros Nate,True
8508_02,Mars,True,F/1747/P,TRAPPIST-1e,2.0,False,0.0,0.0,0.0,0.0,0.0,Spikes Bake,True
0056_01,Europa,False,A/1/S,TRAPPIST-1e,2.0,False,0.0,0.0,0.0,0.0,0.0,Okulas Tractive,True
2409_02,Earth,True,G/390/P,TRAPPIST-1e,22.0,False,0.0,0.0,0.0,0.0,0.0,Eulahy Pottonalden,True
2091_01,Earth,False,F/414/P,TRAPPIST-1e,33.0,False,356.0,,0.0,245.0,0.0,Arlie Woodwinez,False
1800_03,Earth,True,G/283/S,TRAPPIST-1e,0.0,False,0.0,0.0,0.0,0.0,0.0,Vick Goffey,False
4463_02,Europa,True,B/145/P,TRAPPIST-1e,29.0,False,0.0,0.0,0.0,0.0,0.0,Ionium Boltund,True
6368_01,Earth,False,G/1033/S,TRAPPIST-1e,26.0,False,360.0,8.0,1.0,329.0,185.0,Mayne Bartines,False
5272_01,Mars,True,F/1076/P,TRAPPIST-1e,20.0,False,0.0,0.0,0.0,0.0,0.0,Push Winie,True
8975_02,Earth,False,F/1840/P,TRAPPIST-1e,27.0,False,1.0,,0.0,20.0,948.0,Inerry Goffey,False
6110_01,Earth,False,E/389/P,55 Cancri e,57.0,False,0.0,0.0,0.0,0.0,642.0,Sus Warrishales,True
1594_01,Earth,False,G/253/P,TRAPPIST-1e,,False,0.0,3.0,0.0,2.0,923.0,Lis Delazarson,True
5072_01,Earth,False,G/817/P,TRAPPIST-1e,10.0,False,0.0,0.0,0.0,0.0,0.0,Brina Saley,False
1651_03,Earth,True,G/266/P,PSO J318.5-22,0.0,False,0.0,0.0,0.0,0.0,0.0,Deanny Wonglasquez,True
2645_04,Europa,False,C/95/S,55 Cancri e,28.0,False,0.0,3053.0,0.0,839.0,2153.0,Meratz Improus,True
9072_02,Mars,False,F/1758/S,TRAPPIST-1e,30.0,False,160.0,0.0,719.0,162.0,0.0,Aleys Creke,False
4665_01,Earth,True,G/758/P,PSO J318.5-22,21.0,False,0.0,0.0,0.0,0.0,0.0,Bettie Rickson,False
4482_01,Earth,False,G/732/S,55 Cancri e,4.0,False,0.0,0.0,0.0,0.0,0.0,Eillis Bartines,False
9085_02,Europa,False,A/95/P,55 Cancri e,30.0,False,11.0,495.0,0.0,2049.0,2064.0,Sularon Hometerval,False
0631_01,Mars,True,F/113/S,TRAPPIST-1e,55.0,False,0.0,0.0,0.0,0.0,0.0,Croos She,True
0976_01,Earth,True,G/146/S,TRAPPIST-1e,20.0,False,0.0,0.0,0.0,0.0,0.0,Tonyn Sweeton,False
6406_01,Europa,True,,55 Cancri e,27.0,False,0.0,0.0,0.0,0.0,0.0,Arkeb Belstrut,True
7240_02,Mars,False,F/1392/S,TRAPPIST-1e,18.0,False,49.0,0.0,2885.0,1.0,0.0,Sunk Kad,True
0672_01,Earth,False,G/103/P,TRAPPIST-1e,25.0,False,1.0,0.0,38.0,7.0,740.0,Josey Carreralend,False
1918_02,Europa,True,A/23/S,TRAPPIST-1e,52.0,False,0.0,0.0,0.0,0.0,0.0,Sheleb Assibler,True
3981_01,Earth,False,,PSO J318.5-22,33.0,False,400.0,270.0,33.0,0.0,0.0,Pamont Carvis,False
7271_01,Earth,False,G/1171/P,55 Cancri e,21.0,False,61.0,201.0,222.0,161.0,60.0,,False
6490_03,Europa,False,C/201/P,55 Cancri e,27.0,False,0.0,6924.0,849.0,149.0,1166.0,Tabiton Ightive,True
1322_01,Earth,True,G/196/P,TRAPPIST-1e,40.0,False,0.0,0.0,0.0,0.0,0.0,Tonnie Masquez,True
3152_01,Earth,True,G/496/S,TRAPPIST-1e,14.0,False,0.0,0.0,0.0,0.0,0.0,Therek Greeves,False
4338_02,Europa,False,C/156/S,TRAPPIST-1e,41.0,False,0.0,545.0,0.0,2740.0,293.0,Halsham Aroodint,True
0955_01,Earth,True,G/145/S,55 Cancri e,17.0,False,,0.0,0.0,0.0,0.0,Glena Smalloney,False
2360_01,Earth,True,G/379/P,TRAPPIST-1e,24.0,False,0.0,0.0,0.0,0.0,0.0,Dorene Boyersons,True
0355_01,Earth,True,,TRAPPIST-1e,18.0,False,0.0,0.0,0.0,0.0,0.0,Tricky Warrison,True
2453_01,Mars,True,E/147/P,TRAPPIST-1e,27.0,False,0.0,0.0,0.0,0.0,0.0,Ter Teake,True
0690_01,Mars,True,F/122/S,TRAPPIST-1e,54.0,False,0.0,0.0,0.0,0.0,0.0,Yapich Start,True
2560_02,Earth,False,G/412/P,TRAPPIST-1e,21.0,False,882.0,0.0,0.0,,0.0,Herina Loway,False
8541_02,Mars,False,D/266/P,55 Cancri e,33.0,False,1914.0,5.0,0.0,0.0,228.0,Booss Rekle,True
4792_01,Earth,True,G/782/S,TRAPPIST-1e,18.0,False,0.0,0.0,0.0,0.0,0.0,Stace Drakeekss,True
3801_01,Earth,False,G/622/P,55 Cancri e,27.0,False,0.0,0.0,0.0,36.0,437.0,Mayne Leblanchez,False
4312_01,Europa,False,B/139/P,TRAPPIST-1e,26.0,False,0.0,137.0,0.0,0.0,7629.0,Weionan Sobvisted,False
5185_01,Mars,False,E/330/S,TRAPPIST-1e,29.0,False,523.0,0.0,21.0,4.0,811.0,Cruts Flie,False
3159_01,Mars,True,F/654/P,55 Cancri e,25.0,False,0.0,0.0,0.0,0.0,0.0,Eggers Melte,True
9036_01,Earth,True,G/1467/P,PSO J318.5-22,21.0,False,0.0,0.0,0.0,0.0,0.0,Ninald Barris,True
5223_01,Mars,False,F/1002/S,55 Cancri e,47.0,False,275.0,0.0,,24.0,0.0,Munda Ble,True
5903_01,Earth,False,E/376/P,TRAPPIST-1e,34.0,False,223.0,0.0,13.0,514.0,41.0,Vivia Doughan,False
5643_01,Mars,False,F/1077/S,TRAPPIST-1e,24.0,False,158.0,0.0,1594.0,1.0,0.0,Latsts Karte,True
4552_01,Mars,False,F/937/P,TRAPPIST-1e,43.0,False,375.0,103.0,1990.0,36.0,0.0,Cinst Bake,True
7250_01,Mars,False,F/1501/P,55 Cancri e,51.0,False,40.0,716.0,1907.0,0.0,0.0,Pold Chmad,True
0313_04,Earth,False,G/50/P,55 Cancri e,0.0,False,0.0,0.0,0.0,0.0,0.0,Hary Mckinsond,True
3474_02,Europa,False,B/110/P,TRAPPIST-1e,38.0,False,0.0,952.0,0.0,0.0,1790.0,Zubeneb Pasharne,False
3294_02,Earth,True,G/537/P,TRAPPIST-1e,,False,0.0,0.0,0.0,0.0,0.0,Elinda Georgasey,False
6405_02,Earth,,,,2.0,False,0.0,0.0,0.0,0.0,0.0,Feline Toddleton,True
0212_02,Earth,False,F/45/P,TRAPPIST-1e,35.0,False,147.0,188.0,0.0,10.0,387.0,Shally Workmans,False
4295_02,Mars,True,,TRAPPIST-1e,32.0,False,0.0,0.0,0.0,0.0,0.0,Rowne Manda,True
7028_02,Earth,True,G/1148/S,TRAPPIST-1e,16.0,False,0.0,,0.0,0.0,0.0,Eduard Reyervaney,True
2301_02,Earth,False,G/367/S,55 Cancri e,37.0,False,1508.0,,0.0,1.0,0.0,Weslie Hodgesss,False
1661_02,Europa,False,A/20/S,TRAPPIST-1e,57.0,False,0.0,62.0,0.0,2136.0,178.0,Almino Earmeter,False
4014_02,Europa,False,B/125/P,55 Cancri e,28.0,False,0.0,3238.0,0.0,750.0,2368.0,,False
0988_01,,False,G/151/S,TRAPPIST-1e,28.0,False,0.0,3.0,906.0,0.0,0.0,Lyne Bartez,False
5967_03,Earth,False,G/965/P,TRAPPIST-1e,0.0,False,0.0,0.0,0.0,0.0,0.0,Britta Duranks,False
4267_02,Earth,False,F/883/P,TRAPPIST-1e,32.0,False,0.0,0.0,1020.0,0.0,0.0,Glene Nichaner,True
6319_01,Earth,False,G/1019/P,TRAPPIST-1e,65.0,False,458.0,0.0,555.0,0.0,0.0,Pristy Hammonton,False
3490_02,Europa,False,D/111/P,55 Cancri e,19.0,False,0.0,1347.0,0.0,1756.0,37.0,Shain Sprender,True
9257_01,,False,F/1892/P,TRAPPIST-1e,13.0,False,39.0,0.0,1085.0,24.0,0.0,Ties Apple,False
5423_02,Mars,False,E/341/P,TRAPPIST-1e,28.0,False,142.0,0.0,1878.0,62.0,0.0,Cranch Prine,True
8641_01,Mars,False,F/1667/S,TRAPPIST-1e,3.0,False,0.0,0.0,0.0,0.0,0.0,Cint Mille,True
2801_01,Europa,False,B/87/P,TRAPPIST-1e,27.0,False,1.0,767.0,0.0,13104.0,3657.0,Taurius Frogauded,False
0061_01,Earth,False,F/12/S,TRAPPIST-1e,22.0,False,45.0,1096.0,148.0,1377.0,1.0,Shanya Salez,False
6218_02,Earth,False,E/413/S,TRAPPIST-1e,36.0,False,1603.0,0.0,2.0,87.0,0.0,Brinez Villenson,False
7790_03,Mars,True,F/1490/S,TRAPPIST-1e,25.0,False,0.0,0.0,0.0,0.0,0.0,Grawk Casty,True
2150_01,Earth,True,G/346/P,PSO J318.5-22,38.0,False,0.0,0.0,0.0,0.0,0.0,Walley Prickmantes,False
5644_01,Mars,False,F/1169/P,TRAPPIST-1e,28.0,False,1909.0,0.0,0.0,0.0,6.0,Gut Hake,False
4942_01,Earth,True,G/806/S,TRAPPIST-1e,3.0,,0.0,0.0,0.0,0.0,0.0,Lis Reenon,True
5090_04,Earth,True,G/821/P,TRAPPIST-1e,7.0,False,0.0,0.0,0.0,0.0,0.0,Adamy Willy,False
8081_01,Europa,False,D/251/P,55 Cancri e,39.0,False,2.0,15450.0,336.0,1.0,904.0,Mesarga Ambleetive,True
6843_02,Europa,True,B/260/S,55 Cancri e,30.0,False,0.0,0.0,0.0,0.0,0.0,Saxinon Rimplighty,True
8376_01,Mars,True,F/1607/S,TRAPPIST-1e,28.0,False,0.0,0.0,0.0,0.0,0.0,Gamuls Rapie,True
5427_01,,True,F/1118/P,TRAPPIST-1e,18.0,False,0.0,0.0,0.0,0.0,0.0,Frohs Stie,True
8835_01,Earth,True,G/1425/S,TRAPPIST-1e,,False,0.0,0.0,0.0,0.0,0.0,Shalle Bartines,False
1148_06,Europa,True,C/42/P,TRAPPIST-1e,29.0,False,0.0,0.0,,0.0,0.0,Batares Clugete,True
6891_01,Mars,False,D/215/P,TRAPPIST-1e,27.0,False,725.0,0.0,1660.0,0.0,0.0,Treynx Casty,True
2270_01,Mars,False,F/459/P,TRAPPIST-1e,46.0,False,171.0,0.0,1257.0,5.0,0.0,Spuffs Fla,True
0067_03,Earth,False,F/15/S,55 Cancri e,21.0,False,1946.0,37.0,0.0,0.0,24.0,Velyne Leeves,False
0859_01,Earth,True,G/127/S,TRAPPIST-1e,32.0,False,0.0,0.0,0.0,0.0,0.0,Eleaha Lambles,True
4359_01,Europa,False,C/137/P,TRAPPIST-1e,28.0,False,3.0,2127.0,0.0,696.0,10.0,,False
9186_01,Mars,True,F/1878/P,TRAPPIST-1e,2.0,False,0.0,0.0,,0.0,0.0,Mass Homin,True
4516_01,Earth,False,F/848/S,55 Cancri e,37.0,False,426.0,0.0,2.0,194.0,308.0,Marky Cleminglas,False
9030_01,Earth,False,F/1847/P,TRAPPIST-1e,28.0,False,1954.0,43.0,0.0,0.0,7.0,Hery Ericksonga,False
5947_01,Europa,True,E/388/S,TRAPPIST-1e,52.0,False,0.0,0.0,0.0,0.0,0.0,Kitauva Stment,True
9010_01,Mars,True,F/1846/P,55 Cancri e,32.0,False,0.0,0.0,0.0,0.0,0.0,Grog Pelte,True
2340_01,Earth,False,F/454/S,PSO J318.5-22,24.0,False,0.0,0.0,648.0,0.0,0.0,Karlie Huntt,False
0926_01,Europa,False,B/39/S,55 Cancri e,30.0,False,0.0,7992.0,0.0,507.0,25.0,Minchib Asticit,True
2788_01,Earth,True,G/449/P,PSO J318.5-22,27.0,False,0.0,0.0,0.0,0.0,0.0,Harlos Ramoran,False
5500_01,Mars,False,D/175/P,55 Cancri e,21.0,False,4027.0,0.0,47.0,83.0,0.0,Bar Cuche,False
4537_01,Earth,False,F/852/S,TRAPPIST-1e,24.0,False,0.0,591.0,0.0,0.0,1560.0,Josey Mccard,False
6452_02,Earth,False,G/1044/P,TRAPPIST-1e,12.0,False,,0.0,0.0,0.0,0.0,Iree Woodwardy,True
8896_01,Mars,True,F/1722/S,55 Cancri e,33.0,False,0.0,0.0,0.0,0.0,0.0,Gone Pri,True
9120_01,Earth,False,F/1763/S,TRAPPIST-1e,13.0,False,101.0,12.0,184.0,780.0,0.0,Sony Maynardner,False
6748_04,Mars,False,D/205/S,TRAPPIST-1e,34.0,False,470.0,0.0,,45.0,539.0,Moss Scake,False
9183_01,Europa,False,C/307/P,55 Cancri e,34.0,False,0.0,5.0,11.0,62.0,5804.0,,False
3116_01,Earth,False,F/645/P,TRAPPIST-1e,20.0,False,127.0,0.0,656.0,0.0,21.0,Jaye Mcguirez,False
2746_01,Mars,False,F/569/P,TRAPPIST-1e,52.0,False,758.0,0.0,356.0,5.0,0.0,Apix Wala,False
3888_01,Earth,False,G/633/S,,0.0,False,0.0,0.0,0.0,0.0,0.0,,True
8557_01,Europa,True,B/334/S,TRAPPIST-1e,39.0,False,0.0,0.0,0.0,0.0,0.0,Cheleon Swingse,True
6850_03,Earth,False,E/436/P,TRAPPIST-1e,52.0,False,2.0,46.0,800.0,0.0,773.0,Brancy Wolferton,False
4408_01,Mars,True,F/906/P,TRAPPIST-1e,75.0,False,0.0,0.0,0.0,0.0,0.0,Pich Knike,True
2389_01,Earth,False,G/384/S,TRAPPIST-1e,22.0,False,0.0,46.0,0.0,676.0,0.0,Annon Solon,False
6135_01,Earth,False,F/1272/P,TRAPPIST-1e,24.0,False,270.0,0.0,534.0,0.0,0.0,Joanie Ellahan,False
7584_01,Europa,,B/288/S,,19.0,False,0.0,0.0,0.0,0.0,0.0,Arrain Swingse,True
7859_01,,False,F/1504/S,TRAPPIST-1e,23.0,False,550.0,0.0,738.0,0.0,0.0,Shams Jaflé,True
7501_01,Earth,False,F/1433/S,TRAPPIST-1e,18.0,False,0.0,0.0,0.0,484.0,320.0,Henryn Burchard,False
7216_01,Earth,False,E/464/P,PSO J318.5-22,37.0,False,501.0,0.0,179.0,1.0,0.0,Gerte Owery,True
5953_01,Mars,False,E/390/S,TRAPPIST-1e,13.0,False,157.0,0.0,1199.0,0.0,14.0,Emoles Graie,False
3613_01,Earth,False,F/748/P,TRAPPIST-1e,18.0,False,0.0,733.0,0.0,0.0,0.0,Bethew Lewintos,True
2589_03,Europa,False,C/91/P,TRAPPIST-1e,26.0,False,0.0,8150.0,0.0,3508.0,99.0,,False
4723_01,Earth,False,F/888/S,55 Cancri e,17.0,False,0.0,262.0,0.0,0.0,502.0,Myrace Savaraldez,True
6722_03,Europa,True,E/445/S,55 Cancri e,40.0,False,0.0,0.0,0.0,0.0,0.0,Skyrmak Dicely,True
0583_03,Mars,True,F/109/S,TRAPPIST-1e,33.0,False,0.0,0.0,0.0,0.0,0.0,Cricks Erle,True
4410_01,Earth,False,G/720/S,TRAPPIST-1e,23.0,False,27.0,0.0,32.0,725.0,0.0,Deandy Wolffy,False
0091_02,Earth,False,F/20/S,TRAPPIST-1e,27.0,False,1.0,697.0,31.0,188.0,0.0,Tinez Yorkland,False
2774_02,Earth,False,F/575/P,TRAPPIST-1e,17.0,False,0.0,1195.0,31.0,0.0,0.0,Crisey Mcbriddley,False
6972_01,,False,G/1126/P,TRAPPIST-1e,21.0,False,0.0,0.0,0.0,43.0,667.0,Terina Jenson,False
4511_01,Europa,True,B/178/S,TRAPPIST-1e,25.0,False,0.0,0.0,0.0,0.0,0.0,Gemmark Crueld,True
8640_01,Earth,False,F/1666/S,,50.0,False,133.0,0.0,525.0,0.0,31.0,Diandy Hurchrisong,False
1715_01,Earth,True,G/266/S,TRAPPIST-1e,17.0,False,0.0,0.0,0.0,0.0,0.0,Camily Mirandry,False
2347_03,Earth,True,G/377/P,TRAPPIST-1e,7.0,False,0.0,0.0,0.0,0.0,0.0,Ward Wellierras,False
1046_01,Earth,False,F/196/S,TRAPPIST-1e,16.0,False,507.0,0.0,0.0,0.0,,Wena Beachez,False
1714_01,Earth,False,G/265/S,TRAPPIST-1e,5.0,False,0.0,0.0,0.0,0.0,0.0,Lorian Parsoney,False
5340_01,Earth,False,G/868/S,TRAPPIST-1e,36.0,False,0.0,0.0,33.0,677.0,0.0,Cassa Carsoning,False
1304_01,Earth,True,E/82/P,55 Cancri e,2.0,False,0.0,0.0,0.0,0.0,0.0,Lyde Quinnedy,True
4064_01,Earth,False,F/767/S,TRAPPIST-1e,47.0,False,939.0,1477.0,,0.0,0.0,Jennya Dillips,True
5677_01,Mars,False,E/357/P,TRAPPIST-1e,22.0,False,1035.0,0.0,264.0,0.0,0.0,Hoces Fisun,False
5274_01,Earth,False,F/1078/P,TRAPPIST-1e,25.0,False,662.0,34.0,0.0,79.0,148.0,Weney Hineyley,False
8948_02,Europa,False,B/342/S,55 Cancri e,18.0,False,0.0,4715.0,0.0,36.0,995.0,Hadirah Hetforhaft,True
5440_01,Earth,True,G/875/S,TRAPPIST-1e,7.0,False,0.0,0.0,0.0,0.0,0.0,Teryla Beckeey,True
7677_01,Earth,True,G/1247/S,PSO J318.5-22,49.0,False,0.0,0.0,0.0,0.0,0.0,Alber Puckenton,False
4256_01,Earth,False,F/880/P,TRAPPIST-1e,27.0,False,6.0,0.0,0.0,768.0,1141.0,Armen Garnes,False
9195_01,Mars,True,F/1779/S,TRAPPIST-1e,44.0,False,0.0,0.0,0.0,0.0,0.0,Quakes Purle,True
7773_01,Earth,True,G/1248/P,TRAPPIST-1e,15.0,False,0.0,0.0,0.0,0.0,0.0,Fayey Stephend,True
7472_01,Mars,True,F/1426/S,TRAPPIST-1e,,False,0.0,0.0,0.0,0.0,,,True
7507_01,Earth,False,E/499/S,TRAPPIST-1e,19.0,False,0.0,789.0,0.0,0.0,0.0,Marlly Santin,False
2234_03,Mars,False,E/134/P,TRAPPIST-1e,19.0,False,0.0,0.0,0.0,0.0,0.0,Apench Flité,False
2205_01,Earth,False,E/157/S,TRAPPIST-1e,31.0,False,0.0,0.0,187.0,602.0,0.0,Brance Vandan,False
5726_01,Europa,True,B/192/P,55 Cancri e,27.0,False,0.0,0.0,,0.0,0.0,Bottom Dindeng,True
3747_01,Europa,False,B/118/P,TRAPPIST-1e,39.0,False,0.0,2576.0,0.0,234.0,237.0,Achium Entratable,False
4352_01,Europa,False,C/157/S,TRAPPIST-1e,37.0,False,33.0,3484.0,17.0,4.0,1384.0,Alaton Trupistic,True
2277_01,Earth,False,G/362/S,TRAPPIST-1e,19.0,False,26.0,313.0,470.0,0.0,0.0,Diandy Wallerson,False
0819_01,Earth,True,G/121/S,PSO J318.5-22,23.0,,0.0,0.0,0.0,0.0,0.0,Patsya Gainney,True
1672_01,Earth,False,F/318/S,TRAPPIST-1e,29.0,False,7.0,0.0,0.0,797.0,0.0,Elicia Solivers,False
2196_03,Europa,True,B/65/P,TRAPPIST-1e,37.0,False,0.0,0.0,0.0,0.0,0.0,Genubi Veriedeezy,True
3665_01,Earth,True,G/595/S,55 Cancri e,29.0,False,0.0,0.0,,0.0,0.0,Rickie Hendrewsons,True
3654_02,Earth,False,F/689/S,TRAPPIST-1e,15.0,False,0.0,398.0,0.0,467.0,0.0,Sha Coolerson,False
4176_07,Mars,False,F/859/P,55 Cancri e,24.0,False,612.0,326.0,46.0,87.0,0.0,Wille Fla,True
8168_08,Earth,True,G/1316/S,TRAPPIST-1e,38.0,False,0.0,0.0,0.0,0.0,0.0,Ryanne Boyers,True
3236_03,Earth,False,E/200/P,TRAPPIST-1e,18.0,False,0.0,30.0,0.0,756.0,5.0,Anton Woody,False
8275_01,Mars,True,F/1588/S,TRAPPIST-1e,32.0,False,0.0,0.0,0.0,0.0,0.0,Slix Clake,True
2862_01,Mars,True,E/193/S,TRAPPIST-1e,32.0,False,0.0,0.0,0.0,0.0,0.0,Cowlat Gooki,True
4950_01,Earth,True,G/800/P,PSO J318.5-22,39.0,False,0.0,0.0,0.0,0.0,0.0,Eulahy Wheelez,False
1860_02,Europa,False,A/13/P,55 Cancri e,35.0,False,95.0,3441.0,0.0,391.0,318.0,Krazet Headfair,False
4017_02,Mars,True,F/761/S,TRAPPIST-1e,30.0,False,0.0,0.0,0.0,0.0,0.0,Tibers Mele,True
4096_01,Mars,False,F/842/P,TRAPPIST-1e,46.0,False,949.0,0.0,128.0,3.0,41.0,Stote Vicke,True
3065_01,Europa,False,D/94/P,55 Cancri e,37.0,False,0.0,2065.0,1650.0,356.0,1.0,Solark Preeldy,True
2737_02,Europa,False,C/100/S,TRAPPIST-1e,26.0,False,2381.0,1772.0,0.0,0.0,2618.0,Giedia Arterate,False
5824_01,Earth,True,G/940/P,55 Cancri e,20.0,False,0.0,0.0,0.0,0.0,0.0,Carry Contrevins,True
4608_01,Earth,False,F/864/S,55 Cancri e,31.0,False,2.0,20.0,1.0,1026.0,2.0,Colle Maystuarey,True
8573_02,Earth,True,G/1378/S,TRAPPIST-1e,18.0,False,0.0,0.0,0.0,0.0,0.0,Toniel Mirezavis,True
0381_01,Europa,True,B/16/P,55 Cancri e,18.0,False,0.0,0.0,0.0,0.0,0.0,Mesatan Mosteraked,True
3236_01,Earth,True,G/524/P,55 Cancri e,1.0,False,0.0,0.0,0.0,0.0,0.0,Garyan Woody,True
1991_02,Earth,False,E/146/S,TRAPPIST-1e,22.0,False,213.0,85.0,352.0,12.0,1.0,Aude Palmes,True
5314_01,Europa,False,C/208/S,TRAPPIST-1e,25.0,,0.0,3625.0,0.0,0.0,168.0,Skatik Arible,True
8150_03,Mars,False,E/539/S,TRAPPIST-1e,19.0,False,691.0,0.0,10.0,561.0,25.0,Stey Kart,False
8610_01,Earth,True,G/1398/P,PSO J318.5-22,15.0,False,0.0,0.0,0.0,0.0,0.0,Thondy Mayson,True
8685_01,Earth,True,G/1400/S,55 Cancri e,21.0,False,0.0,0.0,0.0,0.0,0.0,Ren Midtt,True
3353_02,Europa,True,C/125/S,55 Cancri e,13.0,False,0.0,0.0,0.0,0.0,0.0,Bellah Reming,True
7437_03,Europa,True,B/279/S,TRAPPIST-1e,60.0,False,0.0,0.0,0.0,0.0,0.0,Sadalm Clumshangs,True
3534_01,Earth,False,F/732/P,TRAPPIST-1e,23.0,False,0.0,30.0,0.0,106.0,566.0,Melia Scottney,False
7085_02,Mars,True,F/1466/P,55 Cancri e,2.0,False,0.0,0.0,0.0,0.0,0.0,Kokrus Pread,True
5474_01,Earth,True,,TRAPPIST-1e,21.0,False,0.0,0.0,,0.0,0.0,Thew Strony,True
4069_01,Earth,False,F/768/S,55 Cancri e,24.0,False,0.0,0.0,2433.0,0.0,53.0,Hen Chenson,True
5252_01,Earth,False,F/1008/S,TRAPPIST-1e,35.0,False,202.0,1309.0,60.0,0.0,0.0,Elanie Langatein,True
7786_01,Earth,False,F/1616/P,TRAPPIST-1e,38.0,False,0.0,0.0,0.0,45.0,3372.0,Stelle Adkinson,False
5839_01,Europa,True,C/219/S,TRAPPIST-1e,27.0,False,0.0,0.0,0.0,0.0,0.0,Ranopus Unloweedic,True
0313_03,Earth,False,F/68/P,55 Cancri e,49.0,False,331.0,0.0,0.0,318.0,0.0,Jaimer Mckinsond,True
8668_02,Mars,False,D/269/P,TRAPPIST-1e,41.0,False,806.0,16.0,125.0,1008.0,0.0,Mulk Rapie,False
4622_01,Earth,True,G/753/P,55 Cancri e,25.0,False,0.0,0.0,0.0,0.0,0.0,Viviay Humphreyes,True
4305_03,Earth,True,G/707/P,PSO J318.5-22,21.0,False,0.0,0.0,0.0,0.0,0.0,Noria Carezquez,True
6325_01,Earth,True,G/1026/S,TRAPPIST-1e,34.0,False,0.0,0.0,0.0,0.0,0.0,Adamie Benney,True
3642_01,Earth,False,F/757/P,TRAPPIST-1e,46.0,False,105.0,335.0,0.0,72.0,388.0,Tricky Rodricker,False
0240_01,Mars,True,F/52/P,TRAPPIST-1e,35.0,False,0.0,0.0,0.0,0.0,0.0,Puffes Crie,True
5680_01,Earth,False,E/359/P,TRAPPIST-1e,18.0,False,0.0,0.0,1609.0,0.0,0.0,Ryanne Blanglison,True
7568_01,Earth,False,F/1571/P,TRAPPIST-1e,19.0,False,380.0,0.0,416.0,0.0,8.0,Mira Farleyatton,False
0141_01,Mars,False,F/30/P,TRAPPIST-1e,31.0,False,,0.0,97.0,0.0,0.0,Pyrohs Harte,False
6699_01,Mars,False,E/429/P,TRAPPIST-1e,13.0,False,0.0,0.0,0.0,0.0,0.0,Powhex Paie,False
1049_02,Mars,True,F/217/P,TRAPPIST-1e,31.0,False,0.0,0.0,0.0,0.0,0.0,Yakers Prie,True
3395_01,Earth,False,G/542/S,55 Cancri e,6.0,False,0.0,0.0,0.0,0.0,0.0,Idace Valezaley,False
6693_01,Earth,False,E/428/P,TRAPPIST-1e,55.0,False,0.0,0.0,719.0,274.0,0.0,Cinda Cleman,False
6049_01,Earth,False,G/986/S,TRAPPIST-1e,24.0,False,178.0,0.0,235.0,0.0,396.0,,True
9140_01,Earth,True,G/1488/P,PSO J318.5-22,19.0,False,0.0,0.0,0.0,0.0,0.0,Eleaha Klindsayer,True
0571_07,Europa,True,C/21/P,TRAPPIST-1e,55.0,False,0.0,0.0,0.0,0.0,0.0,Isoton Ousious,True
3992_01,Earth,False,F/756/S,PSO J318.5-22,51.0,False,0.0,0.0,10.0,1098.0,0.0,Sta Barrelliver,False
7905_01,Europa,False,C/296/S,TRAPPIST-1e,31.0,False,0.0,87.0,0.0,2263.0,224.0,Zinor Axlentindy,False
6313_01,Europa,False,D/190/S,TRAPPIST-1e,60.0,False,0.0,190.0,3.0,1964.0,30.0,Charaz Sempribly,False
5623_01,Earth,True,G/898/P,TRAPPIST-1e,16.0,False,0.0,0.0,0.0,0.0,0.0,Helly Gouldensen,True
5625_03,Mars,False,E/352/P,TRAPPIST-1e,15.0,False,890.0,9.0,0.0,1250.0,57.0,Ming Cart,False
6945_01,Europa,True,B/263/S,55 Cancri e,,False,0.0,0.0,0.0,0.0,0.0,Schird Sophaft,True
2643_01,Earth,False,F/511/S,PSO J318.5-22,34.0,False,122.0,0.0,6.0,739.0,0.0,Terta Chasey,False
6977_01,Earth,True,G/1137/S,PSO J318.5-22,20.0,False,0.0,0.0,0.0,0.0,0.0,Rankie Burker,True
4822_01,Mars,True,F/981/P,55 Cancri e,0.0,False,0.0,0.0,0.0,0.0,0.0,Aps Hotte,True
6388_01,Earth,False,G/1029/P,TRAPPIST-1e,24.0,False,0.0,0.0,0.0,0.0,826.0,Herry Peckerson,True
2066_01,Earth,True,G/329/S,TRAPPIST-1e,19.0,False,0.0,0.0,0.0,0.0,0.0,Bryany Chapmaney,True
5003_01,Earth,True,G/809/P,TRAPPIST-1e,18.0,False,0.0,0.0,0.0,0.0,0.0,Dessie Bulliamoses,False
5074_01,Mars,False,F/967/S,TRAPPIST-1e,35.0,False,4608.0,0.0,926.0,382.0,0.0,Gorsp Biba,False
0794_02,Mars,True,F/144/S,55 Cancri e,27.0,False,0.0,0.0,0.0,0.0,0.0,Squars Dutte,True
1350_01,Earth,True,G/206/S,55 Cancri e,27.0,False,0.0,0.0,0.0,0.0,0.0,Sharie Cleang,True
1540_01,Europa,False,C/55/P,TRAPPIST-1e,32.0,False,1.0,470.0,0.0,1440.0,2114.0,Shamak Clumshangs,False
6200_02,Europa,False,B/238/S,TRAPPIST-1e,26.0,False,0.0,9.0,0.0,3.0,2047.0,Weias Duckil,False
1562_01,Earth,False,F/306/P,TRAPPIST-1e,18.0,False,341.0,0.0,332.0,102.0,0.0,Shelle Simmonders,False
6317_01,Earth,False,F/1208/S,TRAPPIST-1e,13.0,False,898.0,0.0,0.0,,24.0,Aarone Lewintos,False
0148_01,Mars,False,F/31/P,TRAPPIST-1e,42.0,False,1072.0,0.0,10.0,0.0,76.0,Corsh Pashe,False
1148_05,Europa,True,C/42/P,,14.0,False,0.0,0.0,0.0,0.0,0.0,Halleth Clugete,True
5625_05,Mars,False,E/352/P,TRAPPIST-1e,22.0,False,804.0,0.0,378.0,0.0,0.0,,False
8947_01,Mars,True,F/1731/S,TRAPPIST-1e,34.0,False,0.0,0.0,0.0,0.0,0.0,Soyos Mish,True
1188_01,Europa,False,C/46/P,TRAPPIST-1e,58.0,False,204.0,4227.0,0.0,3026.0,61.0,Genubi Sorticbar,False
7682_01,Earth,True,G/1248/S,TRAPPIST-1e,53.0,False,0.0,0.0,0.0,0.0,0.0,Denny Solon,False
5163_02,Earth,False,E/322/P,TRAPPIST-1e,40.0,False,151.0,0.0,713.0,0.0,0.0,Jillie Hewson,True
1727_01,Mars,True,F/342/P,,,False,0.0,0.0,0.0,0.0,0.0,Gibil Barte,True
3408_01,Earth,True,G/547/S,TRAPPIST-1e,15.0,False,0.0,0.0,0.0,0.0,0.0,Jeron Flynner,True
8280_01,Earth,False,F/1703/P,TRAPPIST-1e,34.0,False,0.0,0.0,880.0,22.0,0.0,Carma Rocholton,True
5909_02,Earth,True,G/961/S,TRAPPIST-1e,5.0,False,0.0,0.0,0.0,0.0,0.0,Anda Fryan,True
7395_04,Europa,False,B/277/S,55 Cancri e,43.0,True,0.0,486.0,0.0,0.0,2470.0,Beten Suasharic,False
0789_01,Europa,False,A/8/S,TRAPPIST-1e,31.0,True,0.0,166.0,4.0,2177.0,342.0,Mesath Imprank,False
1572_02,Earth,False,F/309/P,TRAPPIST-1e,25.0,False,4.0,0.0,146.0,723.0,0.0,Lynnie Pager,False
3410_01,Earth,True,G/558/P,TRAPPIST-1e,16.0,False,0.0,0.0,0.0,0.0,,Berna Moongton,True
6372_01,Europa,False,B/216/P,TRAPPIST-1e,40.0,False,773.0,3729.0,43.0,10.0,0.0,Bahoton Resendent,True
7599_01,Earth,False,E/495/P,TRAPPIST-1e,44.0,False,0.0,204.0,135.0,225.0,223.0,,False
0712_02,Mars,,F/150/P,TRAPPIST-1e,2.0,False,0.0,0.0,0.0,0.0,0.0,Crans Apeau,True
4661_04,Earth,True,G/757/P,TRAPPIST-1e,9.0,False,0.0,0.0,0.0,0.0,0.0,Denne Moodman,False
7445_01,Earth,True,G/1208/S,TRAPPIST-1e,20.0,False,0.0,0.0,0.0,0.0,0.0,Coreen Hoppers,False
0071_01,Earth,False,F/14/P,TRAPPIST-1e,17.0,False,16.0,2165.0,0.0,0.0,52.0,Nelly Dillines,False
9069_05,Europa,False,B/297/P,55 Cancri e,29.0,False,0.0,12563.0,0.0,3.0,5057.0,Mirfark Taketiatim,False
4395_01,Earth,False,F/905/P,TRAPPIST-1e,23.0,False,0.0,0.0,206.0,681.0,31.0,Fayel Mcfarley,False
5350_01,Europa,False,C/170/P,TRAPPIST-1e,35.0,False,25.0,866.0,0.0,3198.0,459.0,Atinon Foraud,False
4365_01,,False,F/898/P,TRAPPIST-1e,13.0,False,552.0,247.0,0.0,4.0,0.0,Edgary Kinson,False
7760_01,Earth,False,G/1253/S,PSO J318.5-22,32.0,False,0.0,494.0,0.0,0.0,213.0,Ricke Coolerson,False
6150_01,Earth,False,F/1177/S,TRAPPIST-1e,18.0,False,0.0,784.0,8.0,11.0,0.0,Briane Anthon,True
8030_01,Earth,True,G/1299/S,PSO J318.5-22,26.0,False,,0.0,0.0,0.0,0.0,Weslie Carrishley,False
4827_01,Earth,True,G/789/S,PSO J318.5-22,30.0,,0.0,0.0,0.0,0.0,0.0,Wandy Deckerson,True
4558_01,Europa,False,C/167/S,55 Cancri e,54.0,False,0.0,559.0,0.0,15238.0,2799.0,Wezna Baleful,False
0521_01,Earth,False,E/32/S,TRAPPIST-1e,23.0,False,39.0,263.0,0.0,0.0,,Hery Hornettoney,True
5044_02,Earth,True,G/826/S,PSO J318.5-22,29.0,False,0.0,0.0,0.0,0.0,0.0,,True
5737_01,Europa,False,C/216/S,TRAPPIST-1e,39.0,False,0.0,11856.0,13.0,39.0,3.0,Mintard Inicont,True
9254_01,Earth,True,G/1502/P,PSO J318.5-22,61.0,False,0.0,0.0,0.0,0.0,0.0,Kenny Mallerez,False
6139_02,Europa,True,C/230/S,TRAPPIST-1e,4.0,False,0.0,0.0,0.0,0.0,0.0,Atonea Reedall,True
2884_01,Mars,False,D/90/P,TRAPPIST-1e,37.0,False,912.0,0.0,0.0,,0.0,Coats Erle,False
4169_02,Europa,False,D/140/P,TRAPPIST-1e,41.0,False,0.0,1562.0,0.0,2.0,16.0,Acruxon Susent,True
5454_01,Mars,False,E/343/P,TRAPPIST-1e,,False,848.0,1497.0,2.0,0.0,0.0,Oark Krake,False
2887_01,Earth,False,G/459/S,TRAPPIST-1e,44.0,False,0.0,0.0,744.0,62.0,3.0,Gabrie Reenez,False
3605_01,Earth,True,G/592/P,55 Cancri e,31.0,False,0.0,0.0,0.0,0.0,0.0,Joyces Alldson,True
6762_01,Earth,False,F/1293/S,55 Cancri e,54.0,False,0.0,704.0,0.0,0.0,0.0,Monard Jenkinnedy,False
0873_01,Earth,False,F/180/P,TRAPPIST-1e,16.0,False,,0.0,32.0,2529.0,92.0,Garyan Franton,False
4090_01,Mars,False,D/133/S,TRAPPIST-1e,46.0,False,227.0,0.0,1546.0,3.0,2.0,Honjay Ruica,True
8668_03,Mars,False,E/556/P,TRAPPIST-1e,37.0,False,0.0,0.0,0.0,0.0,0.0,Toat Rapie,False
7694_01,Earth,False,F/1599/P,TRAPPIST-1e,30.0,False,574.0,0.0,,25.0,2.0,Coracy Pettyreeman,False
3563_01,Earth,True,G/581/P,TRAPPIST-1e,14.0,False,0.0,0.0,0.0,0.0,0.0,Genee Williotters,True
2361_01,Earth,True,G/380/P,PSO J318.5-22,3.0,False,0.0,0.0,0.0,0.0,0.0,Teryla Belley,False
3060_01,Mars,False,F/581/S,TRAPPIST-1e,13.0,False,760.0,2.0,2.0,,0.0,Rowl Chman,False
9144_01,Earth,False,F/1768/S,TRAPPIST-1e,22.0,False,1.0,702.0,0.0,0.0,0.0,Monard Rutler,False
4336_02,Europa,True,C/155/S,TRAPPIST-1e,14.0,False,0.0,0.0,0.0,0.0,0.0,Terope Gloother,True
8167_01,Earth,True,G/1315/S,PSO J318.5-22,23.0,False,0.0,0.0,0.0,0.0,0.0,Kendy Foxter,True
2209_01,Earth,False,F/433/S,TRAPPIST-1e,29.0,False,1356.0,20.0,0.0,13.0,0.0,,False
3134_01,Europa,False,C/119/S,PSO J318.5-22,62.0,True,0.0,4513.0,0.0,85.0,1437.0,Enifik Clughted,True
6309_02,Earth,,G/1023/S,TRAPPIST-1e,7.0,False,0.0,0.0,0.0,0.0,0.0,Marky Rodricker,True
0337_01,Mars,True,F/63/S,55 Cancri e,2.0,False,0.0,0.0,0.0,0.0,0.0,Guanch Perle,True
8634_01,Earth,False,G/1392/S,TRAPPIST-1e,38.0,False,1739.0,0.0,0.0,83.0,0.0,Wenny Hurchez,False
1931_01,Europa,True,C/73/S,55 Cancri e,56.0,False,0.0,0.0,0.0,0.0,0.0,Kumark Dressink,True
1550_02,Europa,False,,55 Cancri e,53.0,True,5022.0,2376.0,0.0,0.0,235.0,Coxaton Supiensive,False
8988_07,Earth,False,F/1741/S,TRAPPIST-1e,53.0,False,0.0,1487.0,0.0,67.0,0.0,Heila Malliamsey,False
0623_01,Earth,True,G/93/S,TRAPPIST-1e,22.0,False,0.0,0.0,0.0,0.0,0.0,Ellene Gaington,True
1027_04,Mars,False,F/211/P,55 Cancri e,3.0,False,0.0,0.0,0.0,0.0,0.0,Trine Dal,True
6801_01,Europa,False,B/259/S,TRAPPIST-1e,50.0,True,0.0,7293.0,136.0,97.0,440.0,Syrmino Imprank,True
7666_01,Mars,True,F/1591/P,TRAPPIST-1e,19.0,False,0.0,0.0,0.0,0.0,0.0,Boos Emead,True
0307_01,Earth,False,F/59/S,TRAPPIST-1e,18.0,False,0.0,0.0,1359.0,0.0,0.0,Natald Hickett,True
1393_01,Mars,False,F/270/S,TRAPPIST-1e,36.0,False,42.0,0.0,212.0,151.0,1853.0,Mes Kake,False
7529_01,Earth,True,G/1221/S,TRAPPIST-1e,18.0,False,0.0,0.0,0.0,0.0,0.0,Harrie Combson,True
3289_01,Earth,True,G/536/P,TRAPPIST-1e,16.0,False,0.0,0.0,0.0,0.0,0.0,Jaye Whitez,True
8559_01,Mars,False,E/548/P,TRAPPIST-1e,27.0,True,3.0,952.0,208.0,951.0,0.0,Ecco Make,False
7866_01,Europa,False,C/255/P,55 Cancri e,43.0,False,0.0,16856.0,0.0,4344.0,977.0,Tabdhib Heeroling,False
4071_01,Europa,True,B/127/P,,,False,0.0,0.0,0.0,0.0,0.0,Alurope Watuald,True
2128_01,Earth,False,G/344/P,TRAPPIST-1e,22.0,False,624.0,0.0,0.0,0.0,185.0,Artis Sancockett,False
3099_01,Mars,True,E/203/S,TRAPPIST-1e,27.0,False,0.0,0.0,0.0,0.0,0.0,Chones Bine,True
8431_02,Europa,,B/277/P,55 Cancri e,26.0,False,1.0,4680.0,25.0,564.0,13.0,Zinoces Myling,False
9227_05,Earth,,G/1498/P,TRAPPIST-1e,8.0,False,0.0,0.0,0.0,0.0,0.0,Hard Hinglendez,False
0281_01,Earth,False,F/63/P,TRAPPIST-1e,19.0,False,0.0,0.0,2078.0,0.0,0.0,Derine Pierry,True
2760_03,Earth,True,G/438/S,TRAPPIST-1e,0.0,False,0.0,0.0,0.0,0.0,0.0,Chery Rigginsen,True
7249_02,Mars,False,F/1397/S,TRAPPIST-1e,0.0,False,0.0,0.0,0.0,0.0,0.0,Jetax Burle,True
1625_01,Europa,True,C/59/P,55 Cancri e,19.0,False,0.0,0.0,0.0,0.0,0.0,Weznif Patimonne,True
0556_01,Earth,False,F/100/S,TRAPPIST-1e,19.0,False,0.0,1428.0,0.0,1.0,19.0,Jilla Rames,True
7160_01,Earth,True,G/1152/P,TRAPPIST-1e,20.0,False,0.0,0.0,0.0,0.0,0.0,Pennie Headardyer,True
2026_03,Earth,False,G/323/S,TRAPPIST-1e,20.0,False,0.0,4.0,429.0,0.0,287.0,Heald Alldson,False
7902_01,Earth,,G/1276/P,TRAPPIST-1e,60.0,False,0.0,0.0,0.0,0.0,0.0,Dianie Villenson,False
3647_01,Europa,True,C/132/S,55 Cancri e,22.0,False,0.0,0.0,0.0,0.0,0.0,Mirara Dedinder,True
2906_01,Earth,False,G/463/S,,29.0,False,1.0,0.0,133.0,104.0,574.0,Margia Gainebergan,False
0809_03,Mars,False,F/151/S,TRAPPIST-1e,42.0,False,836.0,0.0,51.0,304.0,0.0,Smal Meake,False
4661_02,Earth,True,G/757/P,55 Cancri e,2.0,False,0.0,0.0,0.0,0.0,0.0,Sharie Moodman,False
0198_01,Earth,,G/30/P,PSO J318.5-22,52.0,False,0.0,0.0,0.0,0.0,0.0,Jeroy Cookson,True
4628_01,Europa,False,C/175/S,TRAPPIST-1e,45.0,False,0.0,7484.0,465.0,14.0,610.0,Murzima Freednal,True
4042_01,Europa,False,A/46/S,TRAPPIST-1e,1.0,False,0.0,0.0,0.0,0.0,,Mesatz Stewder,True
4160_01,Mars,False,F/783/S,TRAPPIST-1e,27.0,True,661.0,,991.0,46.0,0.0,,True
6068_01,Earth,False,F/1154/S,TRAPPIST-1e,23.0,False,0.0,723.0,1.0,0.0,0.0,Lloyde Kimons,True
5790_01,Europa,False,C/218/S,TRAPPIST-1e,46.0,False,0.0,1068.0,945.0,2587.0,811.0,Markard Distured,False
6866_01,Europa,False,C/253/S,55 Cancri e,20.0,False,0.0,17958.0,99.0,14.0,57.0,Gork Hetforhaft,True
1866_01,Earth,False,F/371/P,TRAPPIST-1e,29.0,False,0.0,0.0,0.0,0.0,865.0,Billey Wolffy,False
3279_02,Europa,True,C/123/S,TRAPPIST-1e,21.0,False,0.0,0.0,0.0,,0.0,Grafik Whifounrew,True
2279_01,Europa,False,B/91/S,55 Cancri e,47.0,False,0.0,140.0,,85.0,3970.0,Axionon Pippoppere,False
0602_03,Mars,True,F/125/P,TRAPPIST-1e,21.0,False,0.0,0.0,0.0,0.0,0.0,Rana Brine,True
9013_01,Earth,False,G/1461/P,TRAPPIST-1e,21.0,False,128.0,108.0,8.0,3.0,522.0,Daisya Prestonard,False
4457_01,Earth,False,F/917/P,TRAPPIST-1e,24.0,False,698.0,0.0,51.0,2.0,4.0,Milyn Nguerrettye,True
5927_05,Europa,True,B/201/P,TRAPPIST-1e,17.0,False,0.0,0.0,0.0,0.0,0.0,Taurak Ballexy,True
5020_01,Earth,False,F/956/S,PSO J318.5-22,18.0,False,648.0,19.0,0.0,0.0,4.0,Annon Anthompson,True
8940_01,Earth,False,E/587/S,TRAPPIST-1e,24.0,False,771.0,0.0,22.0,0.0,0.0,,False
4098_01,Earth,True,G/672/P,TRAPPIST-1e,30.0,False,0.0,0.0,0.0,0.0,0.0,Rena Vanglis,False
6028_03,Europa,False,A/57/P,55 Cancri e,11.0,False,0.0,0.0,0.0,0.0,0.0,Nusakar Preeldy,True
6178_01,Earth,True,G/1001/P,PSO J318.5-22,28.0,False,0.0,0.0,0.0,0.0,0.0,Idarry Nichaner,False
0116_01,Europa,False,D/4/P,TRAPPIST-1e,33.0,False,1.0,2223.0,0.0,12.0,404.0,Alhenah Suptive,True
5527_03,Earth,True,G/886/P,TRAPPIST-1e,49.0,False,,0.0,0.0,0.0,0.0,,False
3664_01,Mars,True,F/691/S,TRAPPIST-1e,30.0,False,0.0,,0.0,0.0,0.0,Colax Forne,True
7358_01,Earth,False,F/1522/P,55 Cancri e,23.0,False,3.0,0.0,2.0,61.0,634.0,Len Mirez,False
8421_01,Earth,False,F/1619/S,TRAPPIST-1e,27.0,False,1.0,30.0,739.0,0.0,33.0,Adrie Flemaney,True
7858_03,Earth,False,F/1630/P,TRAPPIST-1e,40.0,False,634.0,60.0,134.0,0.0,0.0,Tinez Kramorry,False
3895_01,Mars,True,E/233/P,TRAPPIST-1e,36.0,False,0.0,0.0,0.0,0.0,0.0,Wolous Anpie,False
5188_02,Earth,True,G/838/P,TRAPPIST-1e,9.0,False,0.0,0.0,0.0,0.0,0.0,Elindy Hessey,True
2303_01,Mars,False,F/468/P,55 Cancri e,52.0,False,1377.0,0.0,32.0,22.0,0.0,Beal Chort,True
7323_01,Earth,False,F/1409/S,TRAPPIST-1e,30.0,False,0.0,0.0,547.0,,423.0,Terina Mcinton,False
9122_01,Earth,True,G/1469/S,55 Cancri e,55.0,,0.0,0.0,0.0,0.0,0.0,Paulas Schmondez,False
8306_01,Earth,False,G/1351/P,TRAPPIST-1e,6.0,False,0.0,0.0,0.0,0.0,0.0,Allene Hardonald,True
6367_01,Mars,False,F/1215/S,TRAPPIST-1e,30.0,True,1960.0,0.0,638.0,0.0,0.0,Hal Botte,False
0818_01,Europa,False,B/29/S,TRAPPIST-1e,71.0,True,0.0,0.0,0.0,0.0,0.0,Ksorab Couseced,True
1818_01,Earth,True,G/297/P,TRAPPIST-1e,17.0,False,0.0,0.0,0.0,0.0,0.0,Felia Portananney,True
0597_01,Earth,True,G/91/P,,23.0,False,0.0,0.0,0.0,0.0,0.0,Arllia Roachoanand,True
1655_01,Earth,False,,TRAPPIST-1e,28.0,False,3202.0,,0.0,0.0,5.0,Karay Dicksons,False
9069_01,Europa,True,B/297/P,TRAPPIST-1e,22.0,False,0.0,0.0,0.0,0.0,0.0,Azhat Brakeng,True
2396_01,Earth,False,E/168/S,TRAPPIST-1e,46.0,False,0.0,557.0,0.0,287.0,781.0,Deaney Handertiz,False
5661_02,Earth,True,G/905/P,55 Cancri e,31.0,False,0.0,0.0,0.0,0.0,0.0,Vane Ellahan,False
1063_02,Europa,True,B/38/P,TRAPPIST-1e,15.0,False,0.0,,0.0,0.0,0.0,Aldebah Ingwhed,True
2532_01,Mars,False,F/489/S,TRAPPIST-1e,24.0,False,737.0,37.0,1682.0,0.0,0.0,Gorn Traie,False
0417_02,Europa,False,B/18/P,55 Cancri e,22.0,False,0.0,1170.0,0.0,5467.0,1241.0,Mirark Unhearfus,False
2140_01,Earth,False,F/424/P,TRAPPIST-1e,18.0,False,0.0,0.0,698.0,0.0,0.0,Andra Drakeekss,True
8599_01,Earth,False,G/1383/S,55 Cancri e,14.0,False,547.0,145.0,5.0,0.0,9.0,Lynnie Scottuez,False
6313_02,,False,D/190/S,TRAPPIST-1e,34.0,False,6.0,878.0,0.0,10.0,2203.0,Salas Sempribly,False
2661_02,Earth,True,G/423/S,TRAPPIST-1e,21.0,False,0.0,0.0,0.0,0.0,0.0,Bara Vandan,True
4992_01,Earth,False,F/1018/P,PSO J318.5-22,22.0,False,479.0,34.0,0.0,29.0,4.0,Dandra Sextones,False
7815_01,Earth,False,F/1496/S,PSO J318.5-22,27.0,False,0.0,605.0,0.0,0.0,0.0,Jaye Daviddley,True
1939_01,Mars,False,F/385/P,TRAPPIST-1e,57.0,True,975.0,0.0,295.0,39.0,0.0,Wacks Burta,False
2892_03,Earth,True,G/469/P,55 Cancri e,0.0,False,0.0,0.0,0.0,0.0,0.0,Sharie Gallenry,True
5756_05,Earth,True,F/1194/P,TRAPPIST-1e,19.0,False,0.0,0.0,0.0,,0.0,Fery Briggston,True
8342_03,Europa,False,E/548/S,55 Cancri e,37.0,False,0.0,2215.0,2.0,1294.0,274.0,Aldera Sprender,False
8092_03,Europa,False,D/238/S,TRAPPIST-1e,41.0,False,0.0,3216.0,0.0,433.0,517.0,Sterfik Pulgaly,False
8596_02,Europa,True,C/284/P,55 Cancri e,25.0,False,0.0,0.0,0.0,0.0,0.0,Menchah Healted,True
1647_01,Earth,False,F/328/P,TRAPPIST-1e,33.0,False,954.0,0.0,10.0,3.0,2.0,Juanna Fisheparks,False
5196_02,Earth,True,G/839/P,TRAPPIST-1e,0.0,False,0.0,0.0,0.0,0.0,0.0,Jenn Haynard,False
3239_01,Earth,True,G/515/S,TRAPPIST-1e,30.0,False,0.0,0.0,0.0,0.0,0.0,Stanya Bookerson,True
1606_01,Europa,False,E/116/S,TRAPPIST-1e,20.0,False,13.0,817.0,0.0,1435.0,22.0,Furuson Oilloody,True
2092_02,Mars,False,E/153/S,TRAPPIST-1e,43.0,False,546.0,0.0,41.0,710.0,0.0,Wins Stpie,False
1584_01,Earth,False,F/314/P,TRAPPIST-1e,57.0,False,433.0,0.0,0.0,371.0,0.0,Paulia Thony,False
3919_01,Earth,False,F/806/P,TRAPPIST-1e,21.0,False,0.0,0.0,,65.0,480.0,Vina Blace,False
1423_03,Europa,True,B/61/S,55 Cancri e,59.0,False,0.0,0.0,0.0,0.0,0.0,Sadra Rodwative,True
9275_03,Europa,,A/97/P,TRAPPIST-1e,30.0,False,0.0,3208.0,0.0,2.0,330.0,Atlasym Conable,True
1500_07,Earth,True,G/230/S,TRAPPIST-1e,46.0,False,0.0,0.0,0.0,0.0,0.0,Everly Barbes,True
9094_02,Earth,False,G/1465/S,TRAPPIST-1e,43.0,False,0.0,704.0,0.0,2.0,0.0,Ger Hayertez,True
0275_01,Europa,True,D/9/S,55 Cancri e,,False,0.0,0.0,0.0,0.0,0.0,Terf Obnoble,True
8643_01,Mars,False,F/1775/P,TRAPPIST-1e,18.0,False,2048.0,0.0,2.0,848.0,0.0,Dow Ramad,False
1719_01,Earth,True,G/278/P,TRAPPIST-1e,13.0,False,0.0,0.0,,0.0,0.0,Kerryn Savaraldez,False
4611_01,Earth,True,G/754/S,TRAPPIST-1e,23.0,False,0.0,0.0,0.0,0.0,0.0,Ronard Hickson,True
1724_01,Europa,False,A/21/S,55 Cancri e,59.0,False,8.0,1563.0,0.0,73.0,31.0,Hekark Diateous,True
3690_01,Earth,False,F/762/P,TRAPPIST-1e,35.0,False,0.0,30.0,357.0,435.0,0.0,Lestie Fowlesterez,True
0972_01,Earth,False,E/54/P,TRAPPIST-1e,21.0,False,0.0,314.0,323.0,1026.0,6.0,Glendy Humphreyes,False
0600_01,Europa,False,C/23/S,TRAPPIST-1e,24.0,False,0.0,3385.0,826.0,9.0,793.0,Muonon Ormler,True
0786_01,Earth,True,G/113/P,TRAPPIST-1e,19.0,False,0.0,0.0,0.0,0.0,0.0,Robyny Hartz,True
4154_01,Mars,True,F/781/S,TRAPPIST-1e,23.0,False,0.0,0.0,0.0,0.0,0.0,Beant Gelte,True
3237_02,Mars,False,F/677/P,TRAPPIST-1e,7.0,False,0.0,0.0,0.0,0.0,0.0,Chrets Lapie,True
7356_02,Earth,True,G/1181/P,TRAPPIST-1e,3.0,False,0.0,0.0,0.0,,0.0,Herry Merkins,True
4714_01,Earth,True,G/765/P,TRAPPIST-1e,24.0,False,0.0,0.0,0.0,0.0,0.0,Roydo Mayson,False
7873_01,,False,F/1634/P,TRAPPIST-1e,24.0,False,569.0,156.0,0.0,12.0,0.0,Eduana Carpentley,False
4346_01,Earth,False,E/274/P,55 Cancri e,22.0,False,429.0,2.0,232.0,0.0,59.0,Vanez Burchanez,True
6402_03,Earth,True,G/1032/P,TRAPPIST-1e,0.0,False,0.0,0.0,0.0,0.0,0.0,Paulah Knoxonway,True
2730_01,,True,G/433/S,TRAPPIST-1e,52.0,False,0.0,0.0,0.0,0.0,0.0,Royce Douglasen,True
4359_02,Europa,False,C/137/P,55 Cancri e,40.0,False,0.0,17687.0,0.0,425.0,155.0,Strali Sebleve,True
6662_01,Earth,False,G/1087/S,TRAPPIST-1e,0.0,False,0.0,0.0,0.0,0.0,0.0,Coryl Whitez,False
0802_01,Mars,True,F/148/S,TRAPPIST-1e,1.0,False,0.0,0.0,0.0,0.0,0.0,Plat Pimne,True
6308_01,Earth,False,G/1017/P,TRAPPIST-1e,28.0,False,0.0,152.0,215.0,30.0,510.0,Jord Cofferson,False
5465_03,Mars,True,F/1132/P,TRAPPIST-1e,6.0,False,0.0,0.0,0.0,0.0,0.0,Jacks Chité,True
2700_01,Earth,False,F/520/S,TRAPPIST-1e,24.0,False,45.0,138.0,1.0,0.0,530.0,Daven Perkings,False
9103_01,Earth,False,G/1479/P,TRAPPIST-1e,25.0,False,3402.0,2449.0,28.0,259.0,197.0,Sadine Mcdanield,False
7684_01,Europa,False,C/286/S,TRAPPIST-1e,24.0,False,812.0,5450.0,0.0,1.0,262.0,Cheratz Ressing,True
3478_01,Europa,False,B/111/P,TRAPPIST-1e,52.0,False,0.0,0.0,0.0,0.0,0.0,Aldun Ricete,False
3641_01,Earth,True,G/595/P,PSO J318.5-22,23.0,False,0.0,0.0,0.0,0.0,0.0,Erick Pacerty,True
3895_02,Mars,False,E/233/P,TRAPPIST-1e,27.0,False,847.0,,4.0,0.0,1.0,Swal Anpie,False
8129_02,Earth,False,G/1313/P,TRAPPIST-1e,4.0,False,0.0,0.0,0.0,0.0,0.0,Frey Casonston,True
2092_04,Mars,False,F/410/S,TRAPPIST-1e,26.0,False,1751.0,0.0,0.0,0.0,0.0,,False
7524_01,Earth,True,G/1215/P,TRAPPIST-1e,41.0,False,0.0,0.0,0.0,0.0,0.0,Colly Simpsonks,True
7650_05,Earth,True,G/1242/S,TRAPPIST-1e,4.0,False,0.0,0.0,0.0,0.0,0.0,Tera Palmes,False
3487_01,Europa,False,A/39/S,55 Cancri e,46.0,False,0.0,0.0,0.0,1529.0,3069.0,Alphah Neceriont,False
2982_01,Europa,True,B/111/S,55 Cancri e,33.0,False,0.0,0.0,0.0,0.0,0.0,Tarino Unrespery,True
5258_01,Europa,False,C/204/S,TRAPPIST-1e,70.0,False,241.0,1065.0,0.0,2290.0,2.0,Alrair Taptiritty,True
6174_02,Earth,True,G/999/P,PSO J318.5-22,4.0,False,0.0,0.0,0.0,0.0,0.0,Cherry Fisheparks,True
7206_01,Earth,False,F/1387/S,TRAPPIST-1e,38.0,False,622.0,1319.0,42.0,1.0,444.0,Dell Daughessey,False
1923_01,Europa,False,C/65/P,TRAPPIST-1e,63.0,False,0.0,4286.0,18.0,4.0,872.0,Wasaleh Dister,True
6810_01,Mars,True,E/450/S,TRAPPIST-1e,20.0,False,0.0,0.0,0.0,0.0,0.0,Yots Knik,True
2717_01,Earth,False,G/431/S,TRAPPIST-1e,18.0,False,130.0,0.0,13.0,191.0,554.0,Francy Mayder,False
0949_01,Earth,True,G/140/P,55 Cancri e,15.0,False,0.0,0.0,0.0,0.0,0.0,Benny Johnsby,True
0283_01,Earth,True,G/46/P,PSO J318.5-22,29.0,False,0.0,0.0,0.0,0.0,0.0,Jacky Santin,True
6633_01,Europa,False,B/255/S,TRAPPIST-1e,26.0,False,0.0,0.0,0.0,0.0,0.0,Nunkib Motive,True
1165_02,Europa,False,B/44/P,TRAPPIST-1e,37.0,False,636.0,333.0,0.0,205.0,67.0,Kumark Heermy,False
6512_02,,True,A/80/S,TRAPPIST-1e,,False,0.0,0.0,0.0,0.0,0.0,Photons Drivery,True
1485_01,Mars,True,F/291/P,TRAPPIST-1e,38.0,False,0.0,0.0,0.0,0.0,0.0,Hones Man,True
7219_02,Europa,True,C/235/P,TRAPPIST-1e,2.0,False,0.0,0.0,0.0,0.0,0.0,Pheino Arible,False
8005_03,Earth,False,F/1528/S,TRAPPIST-1e,35.0,False,676.0,0.0,0.0,0.0,40.0,Katen Olivasquez,False
0899_01,Earth,False,F/187/P,TRAPPIST-1e,26.0,False,0.0,0.0,716.0,0.0,1.0,Evane Warrishales,True
2996_01,Earth,False,F/626/P,55 Cancri e,31.0,False,0.0,611.0,2.0,4.0,22.0,,False
4005_01,Earth,False,G/657/P,TRAPPIST-1e,8.0,False,0.0,0.0,0.0,0.0,0.0,Jonaye Castannison,True
2873_01,Mars,False,E/194/S,55 Cancri e,39.0,False,2127.0,,23.0,0.0,0.0,Alls Birte,False
0761_01,Europa,False,C/26/P,,33.0,False,0.0,3879.0,0.0,48.0,67.0,Izarki Fliblerolt,True
6205_01,Mars,False,D/189/S,TRAPPIST-1e,27.0,True,55.0,0.0,50.0,1849.0,1.0,Spikes Sulie,False
3032_03,Earth,False,G/478/S,TRAPPIST-1e,0.0,False,0.0,0.0,0.0,0.0,0.0,Andie Wolfernan,False
2648_01,Earth,False,G/421/S,TRAPPIST-1e,23.0,False,490.0,313.0,0.0,6.0,0.0,Allena Sullones,False
0848_02,Mars,True,F/175/P,TRAPPIST-1e,14.0,False,0.0,0.0,0.0,0.0,0.0,Monam Raca,True
5615_01,Earth,True,G/907/S,55 Cancri e,20.0,False,0.0,0.0,0.0,0.0,0.0,Tine Wardendez,True
1695_01,Earth,False,G/264/S,TRAPPIST-1e,26.0,False,324.0,0.0,201.0,2.0,256.0,Fredy Moraleney,False
6086_01,Europa,False,A/72/S,55 Cancri e,32.0,False,0.0,4176.0,0.0,183.0,6.0,Grastab Tairbatic,True
0860_01,Earth,False,E/48/P,TRAPPIST-1e,24.0,False,34.0,7.0,320.0,0.0,427.0,,False
7432_01,Europa,True,E/481/P,TRAPPIST-1e,38.0,False,0.0,0.0,0.0,0.0,0.0,Ainkard Amonysidle,True
3560_01,Mars,False,D/117/P,PSO J318.5-22,37.0,False,3.0,0.0,800.0,76.0,0.0,Weessh Chité,True
1992_01,Mars,True,F/379/S,TRAPPIST-1e,21.0,False,,0.0,0.0,0.0,0.0,Lucan Killé,True
2241_01,Earth,False,F/451/P,TRAPPIST-1e,27.0,False,485.0,1109.0,921.0,0.0,1.0,Jacky Jacostaffey,False
3142_02,Mars,False,F/591/S,TRAPPIST-1e,32.0,False,1087.0,0.0,71.0,0.0,0.0,Fres Cla,False
9217_01,Earth,False,E/604/S,55 Cancri e,31.0,False,15.0,679.0,89.0,6.0,0.0,Jasony Mckinsond,True
8955_01,Earth,False,F/1837/P,TRAPPIST-1e,31.0,False,0.0,1524.0,0.0,0.0,0.0,Felice Trankliney,False
6452_01,Earth,False,F/1336/P,TRAPPIST-1e,24.0,False,0.0,854.0,11.0,0.0,0.0,,True
0389_01,Earth,False,E/23/P,TRAPPIST-1e,18.0,False,391.0,44.0,356.0,0.0,0.0,Elanda Savaraldez,False
6028_04,Europa,False,,TRAPPIST-1e,26.0,True,0.0,3638.0,0.0,1043.0,0.0,Kumark Preeldy,True
5027_01,Earth,False,E/321/S,55 Cancri e,41.0,False,4.0,737.0,0.0,51.0,0.0,Noria Kiddley,False
8292_01,Europa,True,C/310/S,TRAPPIST-1e,39.0,False,0.0,0.0,0.0,0.0,0.0,Tabia Igmable,True
3909_01,Europa,True,C/141/S,TRAPPIST-1e,25.0,False,0.0,0.0,0.0,0.0,0.0,Alcorix Scoudelle,True
6011_01,Earth,False,F/1239/P,TRAPPIST-1e,58.0,False,0.0,0.0,0.0,1989.0,18.0,Kurta Hoodgers,False
1500_01,Earth,False,G/230/S,TRAPPIST-1e,11.0,False,0.0,0.0,0.0,0.0,0.0,Hollie Cooperkins,False
3903_05,Earth,False,F/804/P,TRAPPIST-1e,56.0,False,967.0,0.0,0.0,3.0,0.0,Tricky Doughan,False
8423_01,Earth,False,F/1620/S,TRAPPIST-1e,22.0,False,0.0,0.0,6.0,0.0,733.0,Analdy Bartez,False
8574_02,Mars,,D/258/S,,53.0,False,1042.0,0.0,2.0,1.0,11.0,Yakers Welte,False
6398_01,Earth,True,G/1030/P,55 Cancri e,23.0,False,0.0,0.0,0.0,0.0,0.0,Monald Belley,True
5197_01,Earth,False,E/325/P,,20.0,False,0.0,4.0,761.0,22.0,1.0,Rician Fowlaney,True
8733_01,Earth,False,G/1406/S,TRAPPIST-1e,,False,22.0,226.0,0.0,0.0,633.0,Leen Wolfernan,False
3104_01,Earth,False,G/507/P,TRAPPIST-1e,12.0,False,0.0,0.0,0.0,0.0,0.0,Shally Fowles,True
3822_01,Earth,False,F/718/S,PSO J318.5-22,41.0,False,0.0,122.0,0.0,104.0,486.0,Lyny Mcinton,False
6611_03,Earth,False,F/1375/P,PSO J318.5-22,20.0,False,0.0,90.0,561.0,2.0,0.0,Nelley Philloway,True
0407_01,Earth,False,G/69/P,TRAPPIST-1e,23.0,False,,21.0,0.0,0.0,1699.0,Dandy Mirez,False
6827_01,Europa,False,A/84/S,55 Cancri e,73.0,False,181.0,1.0,840.0,2618.0,1949.0,Dirk Listive,False
8961_04,,False,F/1839/P,TRAPPIST-1e,21.0,False,0.0,6.0,0.0,593.0,0.0,Dandy Blancoy,False
4388_01,Europa,False,B/171/S,TRAPPIST-1e,33.0,False,0.0,0.0,0.0,0.0,0.0,,True
7156_04,Mars,False,E/475/S,TRAPPIST-1e,11.0,False,0.0,0.0,0.0,0.0,0.0,Mele Ramad,True
2032_01,Mars,True,F/402/P,TRAPPIST-1e,26.0,False,0.0,0.0,0.0,0.0,0.0,Powl Shcad,True
5508_01,Earth,False,,TRAPPIST-1e,50.0,False,0.0,358.0,0.0,620.0,4.0,Margio Potters,False
2308_03,Europa,False,D/77/S,TRAPPIST-1e,33.0,False,0.0,2012.0,1.0,9124.0,4.0,Asellum Pringrous,False
2631_01,Mars,True,F/545/P,55 Cancri e,50.0,False,0.0,0.0,0.0,0.0,0.0,Sealfs Queke,True
5919_01,Europa,False,A/55/P,55 Cancri e,26.0,False,0.0,2427.0,15.0,5.0,0.0,Phonons Heracker,True
8050_03,Earth,True,G/1300/S,PSO J318.5-22,0.0,False,0.0,0.0,0.0,0.0,0.0,Netty Frazie,True
5808_01,Earth,False,G/934/P,TRAPPIST-1e,2.0,False,0.0,0.0,0.0,0.0,0.0,Keitha Josey,False
2347_06,Earth,False,G/377/P,55 Cancri e,31.0,False,1.0,,2.0,605.0,0.0,Therry Wellierras,False
5268_01,Earth,False,F/1013/S,TRAPPIST-1e,14.0,False,0.0,56.0,,0.0,2.0,Bony Flynney,True
6906_02,Mars,False,E/440/P,55 Cancri e,43.0,False,528.0,13.0,1583.0,11.0,0.0,Apies Bun,False
7394_01,Earth,False,G/1193/P,55 Cancri e,25.0,False,0.0,653.0,21.0,0.0,0.0,Iree Strongers,False
1626_01,Earth,False,F/324/P,TRAPPIST-1e,19.0,False,,9.0,0.0,0.0,1.0,Raceky Logannon,False
1018_01,Earth,True,G/150/P,TRAPPIST-1e,18.0,False,0.0,0.0,0.0,0.0,0.0,Elaney Webstephrey,True
2421_01,Mars,False,E/145/P,TRAPPIST-1e,22.0,,0.0,0.0,0.0,0.0,0.0,Comats Sepie,True
6827_02,Europa,True,A/84/S,TRAPPIST-1e,14.0,False,0.0,0.0,0.0,0.0,0.0,Coxaton Listive,True
6335_01,Earth,False,F/1312/P,TRAPPIST-1e,32.0,False,18.0,0.0,0.0,1382.0,0.0,Joandy Potterry,False
0571_04,Europa,True,C/21/P,,30.0,False,0.0,0.0,0.0,0.0,,Izark Hednigic,True
3042_01,Earth,False,F/578/S,TRAPPIST-1e,30.0,False,0.0,0.0,301.0,0.0,437.0,Maya Mejiaddox,False
0005_01,Earth,False,F/0/P,PSO J318.5-22,44.0,False,0.0,483.0,0.0,291.0,0.0,Sandie Hinetthews,True
1507_04,Earth,False,F/289/S,TRAPPIST-1e,21.0,False,398.0,490.0,0.0,,0.0,Kirky Jeffey,False
2769_01,Earth,False,F/573/P,PSO J318.5-22,22.0,False,0.0,837.0,192.0,0.0,,Lindy Fishopper,False
5863_02,Earth,False,F/1210/P,TRAPPIST-1e,17.0,False,0.0,566.0,18.0,318.0,0.0,Allene Loverthyo,False
7622_01,Earth,False,G/1237/S,TRAPPIST-1e,31.0,False,0.0,0.0,185.0,584.0,0.0,Jona Noeley,False
0110_04,Europa,True,B/5/P,TRAPPIST-1e,28.0,False,0.0,0.0,0.0,0.0,0.0,Izark Aloubtled,True
4498_02,Earth,True,G/734/S,PSO J318.5-22,14.0,False,0.0,0.0,0.0,0.0,0.0,Loise Beckeetter,False
2102_01,Europa,False,C/79/S,TRAPPIST-1e,30.0,False,63.0,9314.0,249.0,2624.0,4538.0,Giedia Seadler,False
6126_01,Europa,True,C/188/P,55 Cancri e,50.0,False,0.0,0.0,0.0,0.0,0.0,Graviph Sechausive,True
8082_01,Earth,True,G/1305/P,TRAPPIST-1e,12.0,False,0.0,0.0,0.0,0.0,0.0,Deanny Cochrisons,False
4580_01,Mars,True,F/860/S,TRAPPIST-1e,35.0,False,0.0,0.0,0.0,0.0,0.0,Mocake Buko,True
1690_01,Earth,False,F/335/P,TRAPPIST-1e,28.0,False,0.0,26.0,88.0,5.0,754.0,Heryle Paulllegory,False
7507_03,Earth,False,E/499/S,55 Cancri e,4.0,False,0.0,0.0,0.0,0.0,0.0,Ianley Santin,True
7173_01,Earth,True,G/1156/P,PSO J318.5-22,19.0,False,0.0,0.0,0.0,0.0,0.0,Cline Alldson,True
5278_01,Europa,True,B/203/S,55 Cancri e,37.0,False,0.0,0.0,0.0,0.0,0.0,Menkin Subateful,True
1797_01,Europa,True,B/57/P,55 Cancri e,33.0,False,0.0,0.0,0.0,0.0,0.0,Dhenar Blanspe,True
0611_01,Earth,True,G/90/S,PSO J318.5-22,31.0,False,0.0,0.0,0.0,0.0,0.0,Paulas Klinson,True
3995_06,Earth,False,G/655/P,55 Cancri e,11.0,False,0.0,0.0,0.0,0.0,0.0,Karah Casonston,True
1002_03,Mars,True,F/187/S,TRAPPIST-1e,1.0,False,0.0,0.0,0.0,0.0,0.0,Spuffs Leste,True
4846_02,Earth,True,G/791/S,TRAPPIST-1e,0.0,False,0.0,0.0,0.0,0.0,,Isa Canields,True
4575_01,Earth,,F/941/P,TRAPPIST-1e,21.0,False,3.0,65.0,253.0,475.0,0.0,Kris Solon,False
5142_03,Mars,True,F/1050/P,TRAPPIST-1e,21.0,False,0.0,0.0,0.0,0.0,0.0,Mark Cre,True
3402_01,Mars,False,E/231/S,TRAPPIST-1e,21.0,False,2.0,0.0,898.0,148.0,0.0,Toal Ban,False
4482_04,Earth,True,G/732/S,TRAPPIST-1e,35.0,False,0.0,0.0,0.0,0.0,0.0,Evan Bartines,False
4467_01,Earth,False,F/919/P,TRAPPIST-1e,23.0,False,36.0,18.0,670.0,0.0,32.0,Moniey Hopperett,True
3066_01,Earth,False,E/193/P,TRAPPIST-1e,35.0,False,1609.0,0.0,0.0,0.0,0.0,Felia Hortis,False
6829_01,Earth,True,G/1109/P,TRAPPIST-1e,2.0,False,0.0,0.0,0.0,0.0,0.0,Ine Hubbarrison,True
1182_01,Mars,True,F/237/P,55 Cancri e,64.0,False,0.0,0.0,0.0,0.0,0.0,Mits Pota,True
4437_01,Earth,True,G/725/S,TRAPPIST-1e,20.0,False,0.0,0.0,0.0,0.0,0.0,Idacey Cartz,True
0336_01,Earth,False,F/74/P,TRAPPIST-1e,44.0,False,695.0,1.0,16.0,0.0,0.0,Maura Cookson,False
5466_02,Europa,False,B/185/P,55 Cancri e,33.0,True,0.0,1473.0,1089.0,5700.0,1466.0,Menkin Boltund,False
5457_01,Earth,False,F/1129/P,TRAPPIST-1e,39.0,False,0.0,1.0,0.0,739.0,0.0,Elson Horners,False
5246_02,Earth,False,F/1070/P,TRAPPIST-1e,,False,0.0,13.0,643.0,47.0,0.0,Jodia Drakeekss,True
7137_01,Earth,False,F/1479/P,TRAPPIST-1e,23.0,False,,134.0,482.0,,27.0,Gabrin Duffmaney,False
6784_02,Earth,False,G/1102/S,TRAPPIST-1e,49.0,False,0.0,366.0,0.0,0.0,401.0,Rosey Currisones,True
0512_01,Europa,False,D/18/S,55 Cancri e,32.0,False,0.0,5755.0,0.0,59.0,122.0,Sadirak Nateansive,True
1211_06,Earth,True,G/186/S,TRAPPIST-1e,60.0,False,0.0,0.0,0.0,0.0,0.0,Ianna Alvasquez,False
1259_01,Earth,False,F/243/S,TRAPPIST-1e,19.0,False,0.0,0.0,619.0,0.0,142.0,Eulahy Mcguirez,False
1542_01,Mars,False,F/299/S,TRAPPIST-1e,13.0,False,7172.0,0.0,157.0,20.0,0.0,Tot Seche,False
4246_01,Earth,False,G/693/P,TRAPPIST-1e,30.0,False,0.0,10.0,0.0,3840.0,329.0,Isaacy Hamberterry,False
8638_01,Earth,True,G/1402/P,TRAPPIST-1e,22.0,False,0.0,0.0,0.0,0.0,0.0,Therta Holliams,False
3162_02,Earth,False,F/596/S,TRAPPIST-1e,55.0,False,0.0,0.0,5.0,0.0,2409.0,Robyny Simonson,False
8495_01,Europa,False,C/283/P,55 Cancri e,37.0,False,18.0,4754.0,1.0,1254.0,2.0,Zauri Rupent,True
6020_01,Earth,True,G/974/P,55 Cancri e,39.0,False,0.0,0.0,0.0,0.0,0.0,Stany Hanner,False
7410_01,Earth,False,G/1201/S,TRAPPIST-1e,41.0,False,85.0,804.0,0.0,0.0,0.0,Jaimer Cartz,True
1937_01,Earth,False,F/368/S,TRAPPIST-1e,47.0,False,7.0,877.0,17.0,0.0,0.0,Therly Knoxtones,False
5112_01,Europa,True,C/198/S,55 Cancri e,56.0,False,0.0,0.0,0.0,0.0,0.0,Chainon Spadicage,True
4498_05,Earth,True,G/734/S,TRAPPIST-1e,31.0,False,0.0,0.0,0.0,0.0,0.0,Karay Beckeetter,True
7514_01,Earth,False,F/1555/P,TRAPPIST-1e,52.0,False,0.0,0.0,47.0,2059.0,0.0,Fayel Josesh,False
8602_02,Earth,False,G/1396/P,PSO J318.5-22,21.0,,10.0,1028.0,3.0,2519.0,0.0,Yvonna Weissey,False
0911_02,,False,F/189/P,TRAPPIST-1e,74.0,False,853.0,0.0,543.0,31.0,0.0,Froops Blate,True
3949_01,Earth,False,E/238/P,TRAPPIST-1e,14.0,False,781.0,0.0,1.0,4.0,1.0,Denis Burraymons,False
9061_01,Mars,False,D/276/S,TRAPPIST-1e,26.0,False,887.0,6.0,15.0,148.0,0.0,Chars Flate,False
2306_04,Europa,False,C/82/P,55 Cancri e,27.0,False,0.0,12077.0,0.0,75.0,0.0,Izarkab Ticiontral,True
1306_02,Europa,False,B/56/S,55 Cancri e,11.0,False,0.0,0.0,0.0,0.0,0.0,Alsham Irintious,True
4055_01,Earth,False,F/836/P,TRAPPIST-1e,21.0,False,3.0,34.0,600.0,0.0,8.0,Milda Mirandry,False
2379_01,Earth,False,F/487/P,TRAPPIST-1e,35.0,False,194.0,0.0,678.0,0.0,0.0,Monard Grifford,False
7010_02,Earth,False,F/1340/S,TRAPPIST-1e,30.0,False,0.0,6.0,0.0,0.0,1435.0,,True
6924_01,Earth,False,G/1127/S,TRAPPIST-1e,37.0,False,0.0,0.0,0.0,0.0,0.0,Lilasa Solon,True
2713_01,Earth,True,G/438/P,TRAPPIST-1e,20.0,False,0.0,0.0,0.0,0.0,0.0,Tarah Cleachrand,True
8038_01,Europa,True,C/301/S,55 Cancri e,,False,0.0,0.0,0.0,0.0,0.0,Alsha Gocent,True
3439_01,Europa,True,B/130/S,TRAPPIST-1e,28.0,False,0.0,,0.0,0.0,0.0,Alarmus Modent,True
3337_02,Europa,False,B/125/S,TRAPPIST-1e,30.0,False,0.0,180.0,90.0,7740.0,142.0,Auvair Resspeding,False
4039_01,Earth,False,F/764/S,TRAPPIST-1e,24.0,False,714.0,0.0,4.0,49.0,11.0,Race Tersimpson,False
4300_01,,True,G/704/S,PSO J318.5-22,16.0,False,0.0,0.0,0.0,0.0,0.0,Felia Loway,True
6472_01,Europa,True,B/250/S,TRAPPIST-1e,21.0,False,0.0,0.0,0.0,0.0,0.0,Mahamak Steary,True
1976_04,Europa,False,B/82/S,TRAPPIST-1e,39.0,False,1.0,2972.0,0.0,3175.0,1.0,Zinoth Lansuffle,False
8143_01,Earth,False,F/1558/S,TRAPPIST-1e,18.0,False,0.0,17.0,5.0,0.0,712.0,Sergia Vines,True
3450_01,Europa,False,B/132/S,55 Cancri e,22.0,False,0.0,4209.0,26.0,2462.0,466.0,Pentard Knocke,True
4625_01,Europa,False,B/183/S,TRAPPIST-1e,31.0,False,0.0,2520.0,1.0,1.0,0.0,Mothab Ineedeve,True
3831_01,Mars,False,D/123/S,TRAPPIST-1e,73.0,False,799.0,0.0,190.0,68.0,0.0,Pikes Nan,False
6976_01,Earth,False,G/1127/P,TRAPPIST-1e,21.0,False,27.0,,782.0,0.0,0.0,Annya Talls,True
4783_01,Europa,False,A/43/P,TRAPPIST-1e,37.0,False,223.0,9495.0,0.0,1318.0,1866.0,Hamelik Wheededly,True
2542_01,Mars,False,E/153/P,TRAPPIST-1e,29.0,False,834.0,0.0,28.0,117.0,41.0,Quid Dutte,False
8162_01,Europa,False,E/524/P,TRAPPIST-1e,47.0,False,0.0,314.0,0.0,889.0,1090.0,Isotone Fringh,False
9176_01,Earth,False,F/1773/S,TRAPPIST-1e,24.0,False,0.0,537.0,0.0,5.0,197.0,Willy Mcneiderson,True
0834_01,Earth,False,F/173/P,TRAPPIST-1e,31.0,False,0.0,0.0,0.0,838.0,27.0,Garry Pacerty,False
0078_01,Europa,False,C/4/S,TRAPPIST-1e,38.0,False,0.0,5840.0,0.0,321.0,9654.0,Spuri Pokerheed,False
8838_01,Earth,False,G/1431/P,TRAPPIST-1e,18.0,,0.0,181.0,628.0,0.0,0.0,Briam Chanash,True
9208_02,Earth,False,F/1782/S,TRAPPIST-1e,40.0,False,757.0,40.0,4.0,2.0,0.0,Blancy Shieldson,False
5526_02,Earth,True,G/891/S,TRAPPIST-1e,64.0,False,0.0,0.0,0.0,0.0,0.0,Eleah Stroyledgez,True
8834_01,Earth,False,F/1715/S,TRAPPIST-1e,42.0,False,4.0,0.0,0.0,0.0,792.0,Milda Howayery,False
0770_04,Earth,True,G/117/S,PSO J318.5-22,10.0,False,0.0,0.0,0.0,0.0,0.0,Kimmy Mclardson,False
7525_01,Europa,False,C/279/S,TRAPPIST-1e,27.0,False,390.0,1377.0,0.0,2809.0,4914.0,Canonon Retefule,False
0789_02,Europa,False,A/8/S,TRAPPIST-1e,30.0,False,0.0,142.0,870.0,89.0,3497.0,Auvan Frolestty,False
3737_01,Earth,False,G/614/S,TRAPPIST-1e,48.0,False,0.0,0.0,632.0,250.0,0.0,Ryany Bucklandez,False
6758_01,Earth,False,F/1403/P,55 Cancri e,25.0,False,76.0,600.0,0.0,0.0,25.0,Sanney Gaineyerson,False
6108_01,,False,F/1166/S,TRAPPIST-1e,13.0,False,206.0,28.0,0.0,1.0,629.0,,False
4791_01,Earth,False,G/781/S,TRAPPIST-1e,43.0,False,63.0,1339.0,9.0,253.0,42.0,Louisy Morrodgers,True
0186_01,Earth,False,G/28/P,TRAPPIST-1e,25.0,False,62.0,0.0,0.0,0.0,956.0,Camiet Shephendry,False
3409_01,Earth,False,F/701/P,TRAPPIST-1e,19.0,False,90.0,0.0,0.0,74.0,595.0,Felice Wheelez,False
8646_04,Europa,False,C/325/S,55 Cancri e,49.0,False,3.0,1108.0,2.0,5775.0,1964.0,Chamark Vertfull,False
2867_02,Mars,False,E/176/P,TRAPPIST-1e,51.0,False,819.0,4.0,92.0,38.0,0.0,Trisp Bane,False
6903_01,Earth,False,F/1431/P,PSO J318.5-22,25.0,False,0.0,1428.0,0.0,1483.0,0.0,Gabrin Woodwinez,False
9081_01,Earth,False,G/1476/P,TRAPPIST-1e,8.0,False,0.0,0.0,0.0,0.0,0.0,Hanna Clemondsey,False
7079_01,Earth,False,F/1354/S,55 Cancri e,13.0,False,0.0,722.0,0.0,37.0,8.0,Violey Woodwinton,False
2908_02,,False,F/553/S,TRAPPIST-1e,13.0,False,649.0,2.0,0.0,124.0,143.0,Benda Berreranks,False
3890_01,Earth,True,G/634/S,TRAPPIST-1e,21.0,False,0.0,0.0,0.0,0.0,0.0,Dorie Weissey,True
8231_02,Earth,False,G/1327/S,TRAPPIST-1e,65.0,False,0.0,0.0,113.0,208.0,587.0,Troya Fryersonis,False
2229_01,Earth,False,F/437/S,TRAPPIST-1e,22.0,False,48.0,329.0,182.0,26.0,154.0,Ianya Norry,False
3713_01,Europa,True,C/133/S,TRAPPIST-1e,56.0,False,0.0,0.0,0.0,0.0,0.0,Alraida Trattle,True
6451_01,Mars,False,,,37.0,False,610.0,,410.0,148.0,14.0,Carkes Panad,False
5248_01,Earth,False,G/856/S,TRAPPIST-1e,28.0,False,607.0,0.0,0.0,227.0,0.0,Tinez Batestonley,True
3138_01,Earth,False,,TRAPPIST-1e,30.0,False,0.0,4.0,1604.0,678.0,1681.0,Therie Stephendsey,False
7219_01,Europa,False,C/235/P,TRAPPIST-1e,0.0,False,0.0,0.0,0.0,0.0,0.0,Taraid Arible,True
3916_02,Europa,True,D/128/S,55 Cancri e,55.0,False,0.0,0.0,0.0,0.0,0.0,Alhenah Ciplanke,True
2660_01,Earth,False,F/550/P,TRAPPIST-1e,27.0,False,0.0,0.0,,2.0,1215.0,Chael Avidson,False
8860_04,Mars,False,E/567/P,TRAPPIST-1e,33.0,,1054.0,0.0,222.0,22.0,0.0,Appers Vloaf,False
5927_03,Europa,True,B/201/P,55 Cancri e,46.0,False,0.0,0.0,0.0,0.0,0.0,Kraban Sysilstict,True
5463_01,Earth,False,F/1045/S,TRAPPIST-1e,21.0,False,724.0,0.0,0.0,0.0,0.0,Laude Balderts,True
8129_03,Earth,False,F/1683/P,TRAPPIST-1e,24.0,False,381.0,925.0,342.0,0.0,642.0,Eulah Casonston,False
3338_01,Earth,True,G/546/P,PSO J318.5-22,28.0,False,0.0,0.0,0.0,0.0,0.0,Melvia Pentss,True
2086_01,Europa,False,A/26/S,TRAPPIST-1e,65.0,False,51.0,4451.0,0.0,20.0,397.0,Marf Wasterivel,True
2347_05,Earth,True,G/377/P,55 Cancri e,15.0,False,0.0,0.0,0.0,0.0,0.0,Lewise Wellierras,True
2254_01,Earth,False,F/455/P,TRAPPIST-1e,26.0,False,0.0,10.0,0.0,702.0,1.0,Beula Mcfaddenson,False
4870_01,Earth,False,G/785/P,55 Cancri e,14.0,False,8.0,0.0,,0.0,176.0,Ambert Weaves,False
5383_01,Earth,False,F/1105/P,55 Cancri e,23.0,False,253.0,0.0,1175.0,3.0,,Kyley Foxter,False
5944_01,Earth,True,G/969/S,PSO J318.5-22,32.0,False,0.0,0.0,0.0,0.0,0.0,Alber Kerristicey,True
0565_01,Mars,False,F/115/P,TRAPPIST-1e,31.0,False,697.0,0.0,612.0,0.0,0.0,Cines Ble,False
8776_01,Earth,False,E/574/S,TRAPPIST-1e,40.0,False,0.0,0.0,286.0,6.0,570.0,Winia Headardyer,True
4441_03,Europa,False,B/144/P,55 Cancri e,50.0,False,0.0,4558.0,0.0,1.0,267.0,Weias Clinarfork,True
8972_01,Mars,True,F/1736/S,TRAPPIST-1e,34.0,False,0.0,,0.0,0.0,0.0,Frunch Spore,True
4221_01,Earth,False,F/869/P,TRAPPIST-1e,13.0,False,27.0,81.0,1080.0,0.0,0.0,Eduana Alshipson,True
4567_01,Earth,False,F/939/P,TRAPPIST-1e,,False,0.0,20.0,38.0,359.0,516.0,Marine Flemaney,False
0302_01,Earth,False,F/67/P,TRAPPIST-1e,23.0,False,0.0,0.0,15.0,0.0,1370.0,Lesley Shephendry,False
8442_01,Mars,False,E/540/P,TRAPPIST-1e,32.0,False,857.0,158.0,0.0,33.0,0.0,Dakes Fatte,False
4784_01,Mars,True,F/903/S,TRAPPIST-1e,21.0,False,0.0,0.0,0.0,0.0,0.0,Bon Pert,True
4390_01,Mars,True,F/903/P,TRAPPIST-1e,8.0,False,0.0,0.0,0.0,0.0,0.0,Jayrin Vloaf,True
8103_01,Mars,False,F/1675/P,TRAPPIST-1e,34.0,False,81.0,0.0,492.0,122.0,0.0,Dicks Botie,False
0395_01,Europa,False,B/17/P,55 Cancri e,31.0,True,0.0,11003.0,552.0,8157.0,5688.0,Meropus Hervel,False
8043_01,Europa,False,A/97/S,55 Cancri e,45.0,False,5.0,17901.0,0.0,79.0,281.0,Hadalm Oppont,True
6674_01,Europa,False,E/426/P,TRAPPIST-1e,29.0,False,0.0,841.0,0.0,1733.0,11.0,Wezna Swirring,False
6583_01,Europa,False,B/254/S,TRAPPIST-1e,13.0,False,0.0,100.0,12253.0,6.0,80.0,Charda Sunlove,True
1721_01,Earth,False,F/341/P,TRAPPIST-1e,15.0,False,320.0,36.0,5.0,0.0,640.0,Frandy Alest,False
8669_01,Earth,False,F/1677/S,TRAPPIST-1e,31.0,False,949.0,0.0,22.0,0.0,0.0,Morrie Cartiz,False
4362_01,Europa,False,B/168/S,TRAPPIST-1e,43.0,False,0.0,1947.0,0.0,0.0,1651.0,Altar Freednal,True
6665_01,Europa,True,B/222/P,55 Cancri e,17.0,False,0.0,0.0,0.0,0.0,0.0,Alraium Disivering,True
8366_02,Earth,False,,TRAPPIST-1e,7.0,False,0.0,0.0,0.0,0.0,0.0,,False
6224_02,Earth,False,G/1006/S,55 Cancri e,8.0,False,0.0,0.0,0.0,0.0,0.0,Shaele Rodger,True
5242_01,Earth,True,G/854/S,TRAPPIST-1e,46.0,False,0.0,0.0,0.0,0.0,0.0,Briney Ellahan,True
7703_01,Earth,False,G/1251/S,TRAPPIST-1e,0.0,False,0.0,0.0,0.0,0.0,0.0,Bonyan Gordanieves,True
0196_01,Mars,False,D/5/P,PSO J318.5-22,25.0,False,1052.0,0.0,719.0,0.0,7.0,Caper Emead,False
5622_01,Earth,False,F/1076/S,TRAPPIST-1e,68.0,False,0.0,0.0,970.0,0.0,0.0,Jenn Nolds,True
0223_01,Earth,False,G/35/S,TRAPPIST-1e,21.0,False,0.0,2.0,665.0,0.0,9.0,Evan Sykess,False
3305_02,Mars,False,D/106/P,55 Cancri e,31.0,False,1065.0,13.0,150.0,36.0,0.0,Vivers Jaff,False
0928_01,Earth,True,G/133/P,PSO J318.5-22,31.0,False,0.0,0.0,0.0,0.0,0.0,Elene Ryanglasey,True
0921_01,Earth,True,G/139/S,PSO J318.5-22,44.0,False,0.0,0.0,0.0,0.0,0.0,Gracy Vinston,False
0537_01,Earth,False,G/83/P,TRAPPIST-1e,22.0,False,0.0,5.0,0.0,320.0,352.0,Kylen Staffersby,False
1592_01,Europa,False,C/60/S,TRAPPIST-1e,35.0,False,305.0,3621.0,0.0,320.0,341.0,Ankabih Idivent,True
0369_01,Earth,False,G/53/S,TRAPPIST-1e,24.0,False,0.0,0.0,592.0,177.0,58.0,Veroy Pottonalden,True
5875_01,Earth,False,E/381/S,TRAPPIST-1e,49.0,False,20.0,0.0,0.0,769.0,0.0,Toddie Nasquez,False
6256_01,Earth,True,G/1009/P,TRAPPIST-1e,53.0,False,0.0,0.0,0.0,0.0,0.0,Davisy Canton,True
6030_01,Earth,False,G/981/S,TRAPPIST-1e,5.0,False,0.0,0.0,0.0,0.0,0.0,Armen Ellson,True
5748_01,Europa,False,A/53/P,TRAPPIST-1e,35.0,True,247.0,436.0,459.0,1.0,1984.0,Sterfik Gealloyalt,False
3292_04,Europa,False,B/121/S,TRAPPIST-1e,25.0,True,0.0,0.0,0.0,0.0,0.0,Acruxon Discuous,True
5976_01,Mars,False,D/182/S,TRAPPIST-1e,33.0,False,3090.0,0.0,808.0,0.0,0.0,Mits Mane,False
1927_01,Mars,False,D/66/S,TRAPPIST-1e,55.0,False,2424.0,0.0,1.0,0.0,284.0,Trohs Hapie,False
0719_01,Mars,False,E/44/P,TRAPPIST-1e,19.0,False,0.0,0.0,0.0,0.0,0.0,Naros Reate,False
9180_01,Mars,False,F/1774/S,TRAPPIST-1e,37.0,False,148.0,0.0,684.0,1446.0,88.0,Chal Emone,False
0377_01,Europa,False,C/15/S,55 Cancri e,63.0,False,0.0,1068.0,0.0,176.0,8188.0,Wezncha Excialing,False
6539_01,Europa,False,C/242/S,TRAPPIST-1e,44.0,False,0.0,819.0,835.0,266.0,4056.0,Diskeh Hednigic,False
0103_03,Earth,True,G/18/S,TRAPPIST-1e,6.0,False,0.0,0.0,0.0,0.0,0.0,Fanne Mclainez,False
8606_01,Earth,True,G/1386/S,TRAPPIST-1e,18.0,False,0.0,0.0,0.0,0.0,0.0,Tammyl Wolffy,False
1906_01,Earth,True,G/299/S,TRAPPIST-1e,14.0,False,0.0,0.0,0.0,0.0,0.0,Claura Booneid,False
5015_01,Europa,False,C/194/S,55 Cancri e,35.0,False,54.0,493.0,12.0,6691.0,253.0,Geno Lowerrudy,False
6118_01,Mars,False,F/1266/P,55 Cancri e,42.0,False,1156.0,0.0,1.0,305.0,0.0,Carde Pité,False
6325_02,Earth,False,F/1209/S,TRAPPIST-1e,21.0,False,0.0,541.0,0.0,143.0,0.0,Sonard Beasleyes,False
2739_01,Earth,True,G/442/P,PSO J318.5-22,38.0,False,0.0,0.0,0.0,,0.0,Heryle Daughessey,True
4887_01,Earth,False,F/991/P,TRAPPIST-1e,20.0,False,0.0,254.0,868.0,405.0,0.0,Debora Thomason,True
1281_01,Earth,True,G/193/S,TRAPPIST-1e,14.0,False,0.0,0.0,0.0,0.0,0.0,Andice Tranciams,False
8043_04,Europa,True,A/97/S,55 Cancri e,37.0,False,0.0,0.0,0.0,0.0,0.0,Sinon Fanseld,True
7840_01,Earth,False,F/1500/S,PSO J318.5-22,18.0,False,328.0,0.0,0.0,24.0,309.0,Garlie Warrison,False
1431_01,Earth,False,G/221/P,TRAPPIST-1e,23.0,False,0.0,0.0,4.0,0.0,965.0,Tonioe Ments,True
1527_01,Europa,True,D/49/P,55 Cancri e,22.0,False,0.0,0.0,0.0,0.0,0.0,Dirius Boderbint,True
4795_01,Earth,False,F/905/S,TRAPPIST-1e,50.0,False,138.0,706.0,0.0,18.0,40.0,Ton Simstravery,True
9163_01,Earth,True,G/1477/S,TRAPPIST-1e,0.0,False,0.0,0.0,0.0,0.0,0.0,Idace Edwartizman,True
6055_01,Europa,False,C/185/P,PSO J318.5-22,29.0,True,3.0,1849.0,0.0,3104.0,1652.0,Mino Prefule,False
8956_08,Earth,False,F/1838/P,TRAPPIST-1e,26.0,False,0.0,0.0,0.0,0.0,741.0,Harvin Bonnondry,False
0740_03,Europa,False,C/24/P,TRAPPIST-1e,41.0,False,3594.0,3425.0,0.0,0.0,58.0,Thab Sageng,False
6316_01,Earth,False,E/401/P,55 Cancri e,64.0,False,0.0,316.0,2.0,673.0,0.0,Lynez Woodwinton,False
3804_01,Earth,False,F/783/P,TRAPPIST-1e,18.0,False,0.0,17.0,0.0,0.0,784.0,Vivia Harry,False
6443_02,Earth,True,G/1046/S,55 Cancri e,5.0,False,0.0,0.0,0.0,0.0,0.0,Shanie Cartyernan,True
0571_06,Europa,False,C/21/P,TRAPPIST-1e,55.0,False,0.0,1542.0,0.0,1814.0,1568.0,Hasich Ousious,False
4774_03,Mars,False,F/972/P,TRAPPIST-1e,34.0,False,2130.0,0.0,1.0,1.0,0.0,Wins Perty,False
6662_02,Earth,,G/1087/S,TRAPPIST-1e,23.0,False,0.0,0.0,0.0,0.0,0.0,Dianie Whitez,True
4042_02,Europa,True,A/46/S,55 Cancri e,,False,0.0,0.0,0.0,0.0,0.0,Etair Stewder,True
6773_01,Earth,False,F/1407/P,TRAPPIST-1e,33.0,False,47.0,0.0,0.0,,3047.0,Scotte Greeves,False
2549_01,Mars,False,F/522/P,TRAPPIST-1e,62.0,False,1663.0,0.0,23.0,2.0,12.0,Wafox Prin,False
4191_01,Mars,False,D/135/S,TRAPPIST-1e,18.0,False,950.0,1.0,236.0,754.0,0.0,Oateal Dun,False
5659_01,Earth,False,F/1175/P,TRAPPIST-1e,51.0,False,0.0,0.0,0.0,0.0,880.0,Letta Alberts,False
2163_01,Earth,False,G/349/P,TRAPPIST-1e,27.0,False,0.0,0.0,6.0,745.0,22.0,Adanne Mosepherry,False
8392_01,Earth,False,F/1610/S,PSO J318.5-22,24.0,False,86.0,669.0,1.0,0.0,0.0,Therly Brightez,False
8530_01,Mars,False,F/1640/S,TRAPPIST-1e,,False,2502.0,0.0,44.0,23.0,29.0,Sher Shpie,False
7104_02,Europa,False,C/228/P,TRAPPIST-1e,42.0,,159.0,4387.0,2.0,3.0,485.0,Alatrix Regmansidy,True
1162_01,Europa,False,C/45/S,TRAPPIST-1e,31.0,False,0.0,1847.0,0.0,103.0,694.0,Menchah Radisiouss,True
4114_01,Mars,True,E/270/S,TRAPPIST-1e,31.0,False,0.0,0.0,0.0,0.0,0.0,Rowls Porté,True
5999_01,Earth,False,G/968/P,TRAPPIST-1e,32.0,False,0.0,104.0,2.0,0.0,801.0,Becca Hermane,True
3841_01,Mars,False,F/793/P,TRAPPIST-1e,31.0,False,1049.0,31.0,227.0,2.0,0.0,Goldch Kashe,False
3191_01,Mars,True,F/603/S,TRAPPIST-1e,68.0,False,0.0,0.0,0.0,0.0,0.0,Fex Sin,True
5290_01,Earth,False,F/1083/P,TRAPPIST-1e,31.0,False,1177.0,2.0,0.0,,1.0,Bretty Patthews,False
2990_01,Earth,True,G/472/S,PSO J318.5-22,24.0,False,0.0,0.0,0.0,0.0,0.0,Gileen Vandez,True
8020_01,Earth,False,F/1661/P,TRAPPIST-1e,22.0,False,668.0,79.0,0.0,0.0,1.0,Ianya Callowery,False
2471_01,Earth,False,G/403/P,TRAPPIST-1e,45.0,False,0.0,0.0,450.0,94.0,364.0,Brance Johnsby,False
0797_01,Earth,False,F/146/S,TRAPPIST-1e,29.0,False,0.0,0.0,0.0,0.0,645.0,Hery Noelan,False
6402_02,Earth,True,G/1032/P,TRAPPIST-1e,8.0,False,0.0,0.0,0.0,0.0,0.0,Hanna Knoxonway,False
4197_02,Earth,False,F/786/S,TRAPPIST-1e,27.0,False,0.0,867.0,0.0,128.0,363.0,Stald Cooks,True
7982_02,Europa,True,B/261/P,TRAPPIST-1e,18.0,False,0.0,0.0,0.0,0.0,0.0,Alrair Bealvewd,True
1006_01,Earth,False,E/74/S,TRAPPIST-1e,21.0,False,0.0,0.0,0.0,0.0,791.0,Velyne Summington,False
2591_02,Earth,False,G/413/S,TRAPPIST-1e,23.0,False,0.0,121.0,0.0,568.0,128.0,Breney Coolerson,False
4049_01,Europa,True,A/47/S,55 Cancri e,25.0,False,0.0,0.0,0.0,0.0,0.0,Schyon Pokematic,False
4664_01,Earth,False,E/303/S,TRAPPIST-1e,38.0,False,182.0,776.0,3.0,33.0,0.0,Weney Braymon,False
4944_02,Europa,False,A/60/S,55 Cancri e,58.0,False,0.0,3448.0,0.0,737.0,2193.0,Sular Ainserfle,False
0309_01,Earth,False,F/60/S,TRAPPIST-1e,18.0,False,1194.0,0.0,157.0,6.0,0.0,Billya Bowerson,False
3179_01,Earth,False,F/599/S,55 Cancri e,28.0,False,2840.0,0.0,0.0,0.0,0.0,Therie Saley,False
2655_01,Earth,True,G/422/S,TRAPPIST-1e,30.0,False,0.0,0.0,0.0,0.0,0.0,Benny Ballocks,False
6746_01,Earth,True,G/1092/P,TRAPPIST-1e,28.0,False,0.0,0.0,0.0,0.0,0.0,Luison Mcinton,True
0772_03,,True,E/56/S,TRAPPIST-1e,26.0,False,0.0,0.0,0.0,0.0,0.0,Weia Hednigic,True
8318_03,Mars,False,F/1711/P,55 Cancri e,25.0,False,149.0,0.0,194.0,731.0,0.0,Hark Ropie,False
1731_02,Earth,False,G/281/P,55 Cancri e,20.0,False,1.0,808.0,0.0,0.0,0.0,Lestie Santry,True
3308_01,Earth,False,F/690/P,PSO J318.5-22,14.0,False,0.0,43.0,504.0,125.0,0.0,Rice Patthews,False
8493_01,Earth,True,G/1384/P,PSO J318.5-22,22.0,False,0.0,0.0,0.0,0.0,0.0,Hanna Goodson,False
6270_01,Earth,False,F/1297/P,TRAPPIST-1e,34.0,False,124.0,0.0,0.0,679.0,0.0,Troya Puckenton,False
5648_02,Europa,False,C/179/P,55 Cancri e,50.0,False,0.0,103.0,0.0,240.0,8221.0,Unukath Braned,False
5344_02,Europa,True,C/168/P,55 Cancri e,38.0,False,0.0,0.0,0.0,0.0,0.0,Dyonon Prieress,True
4663_02,Earth,True,G/765/S,TRAPPIST-1e,1.0,False,0.0,0.0,0.0,0.0,0.0,Dia Cartez,True
4047_01,Earth,True,G/666/S,TRAPPIST-1e,29.0,False,0.0,0.0,0.0,0.0,0.0,Ivanne Rivanseney,True
4097_01,Earth,False,E/253/P,TRAPPIST-1e,15.0,False,0.0,840.0,123.0,0.0,20.0,Belly Weavesend,False
0796_01,Europa,True,D/28/S,55 Cancri e,28.0,False,0.0,0.0,0.0,0.0,0.0,Alatrix Unfile,True
3750_01,Earth,False,F/775/P,TRAPPIST-1e,18.0,False,64.0,0.0,3.0,3440.0,5.0,Antone Mayods,False
8171_01,Earth,False,F/1690/P,TRAPPIST-1e,46.0,False,0.0,0.0,594.0,154.0,0.0,Dandy Beckerson,False
4643_01,Earth,False,F/947/P,TRAPPIST-1e,36.0,False,,724.0,0.0,0.0,0.0,Sandie Goodson,True
0174_01,Earth,False,F/38/P,55 Cancri e,21.0,False,287.0,0.0,16.0,115.0,175.0,Doryn Lambles,False
5601_01,Earth,True,G/904/S,TRAPPIST-1e,3.0,False,0.0,0.0,0.0,0.0,0.0,Bertle Vandan,True
2129_01,Earth,False,F/420/P,TRAPPIST-1e,17.0,False,736.0,0.0,2.0,20.0,0.0,Rice Camerrison,False
1108_02,Mars,True,F/211/S,TRAPPIST-1e,5.0,False,0.0,0.0,0.0,0.0,0.0,,True
7186_02,Europa,,E/461/P,TRAPPIST-1e,32.0,False,0.0,1369.0,29.0,662.0,22.0,Alpha Mosteraked,False
6731_01,Earth,False,F/1397/P,TRAPPIST-1e,32.0,False,3135.0,2.0,0.0,0.0,0.0,Tin Rochan,False
7215_01,Mars,True,F/1494/P,TRAPPIST-1e,24.0,False,0.0,0.0,0.0,0.0,0.0,Sceros Erte,True
2928_02,Europa,True,B/92/P,TRAPPIST-1e,51.0,False,0.0,0.0,,0.0,0.0,Photope Caltilter,True
3752_01,Europa,False,D/120/S,TRAPPIST-1e,52.0,False,0.0,5.0,0.0,108.0,1788.0,Tarrak Femoused,False
7238_01,Mars,False,F/1499/P,,60.0,False,180.0,0.0,414.0,1181.0,0.0,Totax Tirt,False
0216_01,Earth,False,F/40/S,55 Cancri e,21.0,False,0.0,56.0,0.0,0.0,1918.0,Searla Garnes,False
2173_01,Earth,True,G/352/P,PSO J318.5-22,27.0,False,0.0,0.0,0.0,0.0,0.0,Vina Landolphrey,True
1710_01,Earth,True,G/276/P,PSO J318.5-22,20.0,False,0.0,0.0,0.0,0.0,0.0,Andrey Mcgowaymond,True
5090_01,Earth,,G/821/P,TRAPPIST-1e,0.0,False,0.0,0.0,0.0,0.0,0.0,,False
4972_01,Europa,False,B/162/P,55 Cancri e,35.0,False,87.0,1719.0,2750.0,0.0,79.0,Beneba Blentrary,True
7038_01,Earth,True,G/1137/P,TRAPPIST-1e,51.0,False,0.0,0.0,0.0,0.0,0.0,Dwin Dorsenry,False
4786_01,Europa,True,B/160/P,TRAPPIST-1e,46.0,True,0.0,0.0,0.0,0.0,0.0,Enibah Dratembid,True
4303_02,Earth,False,G/705/S,TRAPPIST-1e,38.0,False,0.0,668.0,84.0,267.0,0.0,Wally Popelase,False
8483_01,Europa,True,D/253/S,TRAPPIST-1e,29.0,True,0.0,0.0,0.0,0.0,0.0,Axinon Clutcheed,True
6220_01,Earth,False,F/1284/P,PSO J318.5-22,42.0,False,0.0,168.0,0.0,113.0,461.0,Rica Jacostaffey,False
2658_01,Earth,False,F/549/P,TRAPPIST-1e,21.0,,366.0,1136.0,795.0,132.0,0.0,Craine Gentledges,False
8097_01,Europa,True,B/317/S,TRAPPIST-1e,41.0,False,0.0,0.0,,0.0,0.0,Asch Meroliss,True
4850_01,Earth,False,G/792/S,TRAPPIST-1e,23.0,False,14.0,0.0,437.0,103.0,333.0,Tyrony Shieldson,True
4204_01,Earth,True,G/691/P,PSO J318.5-22,23.0,False,0.0,0.0,0.0,0.0,0.0,Nandy Avisnydes,True
7134_01,Earth,True,G/1148/P,PSO J318.5-22,18.0,False,0.0,0.0,0.0,0.0,0.0,Heidie Kimpson,True
0777_01,Europa,False,A/5/P,TRAPPIST-1e,30.0,False,0.0,3004.0,0.0,1018.0,0.0,Wasalm Plattering,False
3088_01,Europa,False,A/25/P,TRAPPIST-1e,28.0,False,0.0,0.0,0.0,0.0,0.0,Dscha Dishearly,False
8605_01,Europa,False,C/324/S,TRAPPIST-1e,67.0,False,0.0,82.0,0.0,2279.0,293.0,Suhain Netshaless,False
0710_01,Mars,False,E/42/P,TRAPPIST-1e,23.0,False,1695.0,0.0,0.0,31.0,349.0,Nute Coflé,False
2590_01,Earth,False,G/420/P,TRAPPIST-1e,8.0,False,0.0,0.0,0.0,0.0,0.0,Jeane River,False
1130_01,Mars,True,E/81/S,TRAPPIST-1e,23.0,False,,0.0,0.0,0.0,0.0,Guaney Cako,False
7886_01,Earth,False,G/1274/P,TRAPPIST-1e,16.0,False,0.0,11.0,0.0,8.0,827.0,Gracey Gaington,False
8654_01,Earth,False,F/1779/P,TRAPPIST-1e,35.0,False,777.0,0.0,23.0,0.0,61.0,Jeresa Noelan,False
1114_01,Mars,False,E/79/S,TRAPPIST-1e,38.0,True,936.0,0.0,363.0,0.0,0.0,Jet Kidne,False
9248_01,,False,F/1792/S,55 Cancri e,38.0,,28.0,1208.0,973.0,207.0,0.0,Gian Perle,True
3054_01,Earth,False,F/579/S,TRAPPIST-1e,13.0,False,578.0,77.0,0.0,306.0,5.0,Celis Bootez,False
3318_01,Europa,False,B/123/S,TRAPPIST-1e,39.0,False,0.0,957.0,0.0,22.0,401.0,Acrabih Openduave,True
7500_01,,False,F/1432/S,TRAPPIST-1e,54.0,True,1770.0,7.0,228.0,0.0,0.0,Swafox Swin,False
4386_02,Europa,False,B/170/S,TRAPPIST-1e,51.0,False,0.0,16455.0,885.0,0.0,363.0,Thaldah Conachets,True
5714_05,Earth,True,G/916/P,TRAPPIST-1e,,False,0.0,0.0,0.0,0.0,0.0,Robyna Hamcmahon,True
7142_02,Mars,False,E/474/S,TRAPPIST-1e,10.0,False,0.0,0.0,0.0,0.0,0.0,Gibil Pre,True
2606_01,Earth,False,F/537/P,TRAPPIST-1e,,False,900.0,0.0,0.0,0.0,1.0,Garion Dawsoncis,False
3067_01,Earth,True,G/483/S,TRAPPIST-1e,22.0,False,0.0,0.0,0.0,0.0,0.0,France Dicksons,True
5424_01,Mars,False,F/1117/P,PSO J318.5-22,13.0,False,358.0,65.0,599.0,676.0,0.0,Chtios Dal,False
7152_02,Earth,True,G/1167/S,PSO J318.5-22,49.0,False,0.0,0.0,0.0,0.0,0.0,Royce Domington,True
5184_01,Earth,False,G/837/P,TRAPPIST-1e,0.0,False,0.0,0.0,0.0,0.0,0.0,Joelan Folemonley,True
8186_01,Earth,False,G/1319/S,55 Cancri e,4.0,False,0.0,0.0,0.0,0.0,0.0,Leneva Jenkinnedy,True
9119_01,Earth,True,G/1483/P,TRAPPIST-1e,16.0,False,0.0,0.0,0.0,0.0,0.0,Grette Miltongson,False
6671_02,Mars,False,F/1279/S,TRAPPIST-1e,31.0,False,1002.0,0.0,,0.0,0.0,Tot Mare,True
0179_02,Earth,False,G/26/P,TRAPPIST-1e,0.0,False,0.0,0.0,0.0,0.0,0.0,Raque Webstephrey,False
4014_01,Europa,False,B/125/P,TRAPPIST-1e,42.0,False,0.0,456.0,1.0,1193.0,3039.0,Hekabih Metful,False
8905_01,Mars,False,E/570/P,TRAPPIST-1e,32.0,True,0.0,0.0,0.0,0.0,0.0,Flakes Dutte,True
6530_01,Mars,False,E/436/S,TRAPPIST-1e,31.0,False,127.0,76.0,976.0,118.0,0.0,Neysma Bun,False
4367_01,Earth,True,G/710/S,55 Cancri e,37.0,False,0.0,0.0,0.0,0.0,0.0,Raceky Masquez,True
8224_01,Earth,True,G/1325/S,TRAPPIST-1e,31.0,False,0.0,0.0,0.0,0.0,0.0,Nancey Pooles,False
4450_01,Europa,True,C/140/P,55 Cancri e,26.0,False,0.0,0.0,0.0,0.0,0.0,Zaurah Clugete,True
6304_01,Europa,False,C/193/P,55 Cancri e,47.0,True,0.0,2225.0,1573.0,201.0,23.0,Muonus Clutolded,True
0932_01,Mars,True,,TRAPPIST-1e,29.0,False,0.0,0.0,0.0,0.0,0.0,Boats Pette,True
2760_01,Earth,,G/438/S,TRAPPIST-1e,18.0,False,0.0,0.0,0.0,0.0,0.0,Matty Rigginsen,False
4179_01,Europa,False,A/50/S,TRAPPIST-1e,30.0,True,0.0,1172.0,183.0,91.0,0.0,,True
8452_03,Europa,True,C/279/P,55 Cancri e,40.0,False,0.0,0.0,0.0,0.0,0.0,Atrino Voliat,True
1663_01,Earth,True,G/268/P,PSO J318.5-22,36.0,False,0.0,0.0,0.0,0.0,0.0,Carita Villenson,True
0382_01,,False,G/64/P,,23.0,False,348.0,0.0,0.0,4.0,368.0,Blanie Floydendley,False
1601_01,Earth,False,G/255/P,TRAPPIST-1e,37.0,False,22.0,5.0,0.0,747.0,0.0,Elenna Mulley,False
6709_01,Earth,True,G/1092/S,TRAPPIST-1e,22.0,False,0.0,0.0,0.0,0.0,,Lanedy Antoshipson,True
3588_02,Mars,False,D/120/P,TRAPPIST-1e,40.0,False,787.0,0.0,88.0,0.0,0.0,Terry Concy,False
0378_04,Europa,True,B/11/S,TRAPPIST-1e,56.0,False,0.0,0.0,0.0,0.0,0.0,Muonons Pirejus,True
1336_01,Earth,True,G/201/S,TRAPPIST-1e,17.0,False,0.0,0.0,0.0,0.0,0.0,,True
8363_01,Europa,False,A/101/S,55 Cancri e,25.0,False,0.0,1673.0,0.0,642.0,612.0,Shail Crelaxle,False
3467_01,Earth,False,F/712/P,TRAPPIST-1e,51.0,False,90.0,0.0,0.0,881.0,0.0,Feryla Webstephrey,False
1548_01,Europa,True,B/50/P,55 Cancri e,51.0,,0.0,0.0,0.0,0.0,0.0,Okulk Unicting,True
6432_01,Europa,False,D/202/P,55 Cancri e,55.0,False,114.0,222.0,0.0,2575.0,2919.0,Asch Stradick,False
4369_01,Earth,False,F/820/S,TRAPPIST-1e,19.0,False,857.0,0.0,0.0,0.0,0.0,Ermank Benderez,False
6665_04,Europa,False,B/222/P,55 Cancri e,35.0,False,0.0,2504.0,0.0,0.0,5496.0,Saiphda Disivering,False
3217_01,Mars,False,E/198/P,TRAPPIST-1e,56.0,False,324.0,574.0,116.0,0.0,0.0,Minies Dan,False
0016_01,Mars,True,F/5/P,TRAPPIST-1e,45.0,False,0.0,0.0,0.0,0.0,0.0,Alus Upead,True
6302_03,Earth,False,G/1015/P,TRAPPIST-1e,8.0,False,0.0,0.0,,0.0,0.0,Alvira Rostarks,True
4509_01,Mars,False,E/295/S,TRAPPIST-1e,48.0,False,137.0,0.0,877.0,0.0,0.0,Cats Sopie,True
4750_01,Europa,False,A/57/S,TRAPPIST-1e,28.0,False,0.0,395.0,118.0,14.0,1647.0,Sheratz Asolipery,False
2894_01,Earth,False,F/599/P,PSO J318.5-22,24.0,False,0.0,0.0,443.0,244.0,1.0,Idace Hersons,False
1399_01,Earth,False,F/272/S,TRAPPIST-1e,28.0,False,0.0,0.0,529.0,560.0,60.0,Hellia Popelase,False
0480_01,Earth,False,G/74/P,TRAPPIST-1e,27.0,False,,34.0,23.0,0.0,275.0,Chrisa Mcdanield,False
7981_02,Earth,False,G/1293/P,TRAPPIST-1e,22.0,False,31.0,0.0,1.0,25.0,757.0,Shanie Paulllegory,False
7752_01,Earth,False,F/1480/S,PSO J318.5-22,18.0,False,0.0,0.0,0.0,746.0,1.0,Hery Berreranks,False
8986_02,Earth,False,F/1740/S,PSO J318.5-22,22.0,False,0.0,17.0,0.0,620.0,0.0,Lyne Kirklander,False
2234_01,Mars,True,F/448/P,55 Cancri e,20.0,False,0.0,0.0,0.0,0.0,0.0,Newtch Gen,True
4301_01,Europa,True,E/269/P,55 Cancri e,33.0,False,0.0,0.0,0.0,0.0,0.0,Terops Brakeded,True
0953_01,Earth,False,F/199/P,PSO J318.5-22,48.0,False,0.0,306.0,3.0,,359.0,Erice Potters,False
0823_01,Earth,True,G/123/S,55 Cancri e,4.0,False,0.0,0.0,0.0,0.0,0.0,Chadie Carrishley,True
7910_01,Earth,False,F/1639/P,,30.0,False,4.0,637.0,0.0,0.0,3.0,Fery Rushing,False
1863_01,Earth,False,F/370/P,55 Cancri e,58.0,False,14.0,0.0,1081.0,0.0,0.0,Bony Handertiz,True
3213_01,Mars,False,D/103/P,TRAPPIST-1e,22.0,False,715.0,0.0,726.0,325.0,0.0,Lucan Surry,False
5176_01,Earth,False,E/323/P,TRAPPIST-1e,23.0,False,576.0,207.0,0.0,0.0,9.0,Helle Sawyerson,False
3301_03,Earth,False,G/525/S,55 Cancri e,0.0,False,0.0,0.0,0.0,0.0,0.0,Yolace Domington,True
0290_01,Europa,False,B/7/S,55 Cancri e,26.0,False,0.0,4458.0,0.0,1157.0,262.0,Skaton Excialing,True
4135_01,Mars,False,F/777/S,TRAPPIST-1e,58.0,False,850.0,0.0,22.0,1493.0,0.0,Cakers Merte,False
6683_01,Earth,True,G/1083/P,PSO J318.5-22,32.0,False,0.0,0.0,0.0,0.0,0.0,Patsyn Coolerson,True
1356_01,Earth,False,G/207/S,TRAPPIST-1e,21.0,False,0.0,39.0,0.0,310.0,539.0,Leony Rothewson,False
3365_01,Earth,True,G/537/S,PSO J318.5-22,20.0,False,0.0,0.0,0.0,0.0,0.0,Jacki Oneiles,True
8886_01,Earth,False,G/1433/S,55 Cancri e,58.0,False,0.0,0.0,620.0,0.0,0.0,Jerrye Mclarseney,False
0575_01,Europa,True,E/34/P,TRAPPIST-1e,18.0,False,0.0,0.0,0.0,0.0,0.0,Minoton Bootty,True
4632_04,Europa,False,C/176/S,TRAPPIST-1e,52.0,False,2.0,364.0,0.0,2144.0,1804.0,Alraium Syncepul,False
0461_01,Earth,False,E/27/S,PSO J318.5-22,31.0,False,0.0,869.0,0.0,0.0,0.0,Shany Yorkland,True
8122_03,Europa,False,C/302/S,TRAPPIST-1e,26.0,False,0.0,13.0,0.0,3803.0,3557.0,Gemmark Coning,False
5900_02,Mars,True,F/1220/P,TRAPPIST-1e,30.0,False,0.0,0.0,0.0,0.0,0.0,Fispot Nutca,True
6810_05,Mars,True,E/450/S,55 Cancri e,68.0,False,0.0,0.0,0.0,0.0,0.0,Dors Knik,True
3204_03,Europa,False,A/27/P,TRAPPIST-1e,46.0,False,0.0,131.0,,8873.0,469.0,Matan Wirdley,False
6302_05,Earth,False,G/1015/P,55 Cancri e,35.0,False,1669.0,0.0,7.0,0.0,90.0,Glasey Rostarks,False
0527_02,Mars,True,F/93/S,TRAPPIST-1e,34.0,False,0.0,0.0,0.0,0.0,0.0,Llat Stité,True
4851_01,Earth,False,F/918/S,PSO J318.5-22,44.0,,0.0,463.0,1.0,172.0,0.0,Guadae Gamberson,True
6380_02,Earth,True,G/1028/P,TRAPPIST-1e,17.0,False,0.0,0.0,0.0,0.0,0.0,Dont Fryersonis,True
1091_01,Mars,True,F/223/P,TRAPPIST-1e,35.0,False,0.0,0.0,0.0,0.0,0.0,Dills Miste,True
8360_01,Europa,True,B/326/S,TRAPPIST-1e,17.0,False,0.0,0.0,0.0,0.0,0.0,Okulas Valousead,True
4256_07,Earth,False,G/698/P,TRAPPIST-1e,29.0,False,13.0,0.0,664.0,74.0,101.0,Elanda Garnes,False
3850_07,Europa,True,C/137/S,55 Cancri e,25.0,False,0.0,0.0,0.0,0.0,0.0,Azharga Chuble,True
2234_05,Mars,False,D/66/P,TRAPPIST-1e,31.0,False,21.0,0.0,1031.0,0.0,,Burs Flité,False
7276_01,Earth,False,F/1507/P,55 Cancri e,22.0,False,0.0,642.0,0.0,52.0,0.0,Bland Spentley,False
8772_02,Europa,False,,55 Cancri e,53.0,False,0.0,1127.0,0.0,3939.0,,Naosura Motled,False
3100_03,Earth,True,G/485/S,TRAPPIST-1e,0.0,False,0.0,0.0,0.0,0.0,0.0,Gordo Farmonrada,True
5735_01,Earth,True,E/362/P,TRAPPIST-1e,,False,0.0,0.0,0.0,0.0,0.0,Myrace Peterstarks,True
0903_01,Earth,True,G/135/S,55 Cancri e,23.0,,0.0,0.0,0.0,,0.0,Nelley Rushorney,False
7585_04,Europa,True,C/281/S,TRAPPIST-1e,19.0,False,0.0,0.0,0.0,0.0,0.0,Chard Admingried,True
8371_01,Earth,False,F/1605/S,55 Cancri e,52.0,False,0.0,0.0,638.0,115.0,0.0,Everly Lewinez,True
7437_02,Europa,True,B/279/S,TRAPPIST-1e,47.0,False,0.0,0.0,0.0,0.0,0.0,Kraban Disgul,True
5069_01,Earth,False,F/965/S,PSO J318.5-22,56.0,False,1309.0,0.0,69.0,1.0,0.0,Andary Hurchez,False
8225_01,Mars,False,,TRAPPIST-1e,15.0,False,85.0,0.0,1130.0,0.0,248.0,Heersh Nutty,False
5860_02,Mars,True,F/1118/S,TRAPPIST-1e,2.0,False,0.0,0.0,0.0,0.0,0.0,Aps Raste,True
9081_06,Earth,False,F/1858/P,PSO J318.5-22,16.0,,0.0,0.0,761.0,0.0,0.0,Daryla Clemondsey,False
3063_03,Earth,False,E/192/P,TRAPPIST-1e,19.0,False,1.0,0.0,0.0,450.0,254.0,Elina Daughttley,False
5453_01,Earth,False,F/1044/S,55 Cancri e,28.0,False,0.0,9.0,0.0,1114.0,5.0,Elson Gallencis,False
6422_03,Mars,False,F/1330/P,TRAPPIST-1e,23.0,False,1233.0,0.0,527.0,0.0,0.0,Tote Peake,False
1211_01,Earth,True,G/186/S,PSO J318.5-22,53.0,False,0.0,0.0,0.0,0.0,0.0,Andyn Alvasquez,False
4347_01,Earth,False,G/718/P,TRAPPIST-1e,50.0,False,444.0,0.0,408.0,0.0,0.0,Trick Saundez,False
3032_04,Earth,False,F/575/S,TRAPPIST-1e,30.0,False,479.0,12.0,25.0,643.0,283.0,Ritany Wolfernan,False
6328_02,Earth,True,G/1020/P,PSO J318.5-22,2.0,False,0.0,0.0,0.0,0.0,0.0,Searla Hoppers,False
0992_01,Europa,False,D/35/S,TRAPPIST-1e,49.0,False,31.0,2727.0,0.0,184.0,135.0,Zino Kiling,True
2635_01,Mars,False,D/78/P,TRAPPIST-1e,18.0,False,1867.0,0.0,29.0,72.0,,Oafron Babre,True
4782_05,Europa,False,C/189/S,55 Cancri e,48.0,False,0.0,342.0,929.0,10887.0,0.0,Alrairk Maxled,False
4658_02,Europa,False,D/147/S,TRAPPIST-1e,38.0,False,0.0,93.0,0.0,0.0,7303.0,Ruchban Bradiary,False
1353_04,Mars,False,F/262/S,TRAPPIST-1e,0.0,False,0.0,0.0,0.0,0.0,0.0,Fex Tepie,True
2488_01,Mars,False,D/85/S,TRAPPIST-1e,69.0,False,4483.0,0.0,525.0,0.0,500.0,Meal Wate,False
4830_01,Earth,False,F/983/P,TRAPPIST-1e,22.0,False,0.0,0.0,0.0,19.0,785.0,Ginald Kirks,False
8816_02,,True,B/340/S,55 Cancri e,44.0,False,0.0,0.0,0.0,0.0,0.0,Mesatik Diouselt,True
1545_01,Mars,False,,TRAPPIST-1e,20.0,False,206.0,0.0,629.0,67.0,523.0,Hocks Fiha,True
1235_01,Earth,False,F/237/S,TRAPPIST-1e,32.0,False,27.0,393.0,1061.0,27.0,0.0,Lyn Scottuez,True
1242_01,Europa,False,C/48/P,55 Cancri e,37.0,False,0.0,4677.0,0.0,115.0,223.0,Antonon Clugeadry,True
2356_02,Mars,True,D/80/S,TRAPPIST-1e,4.0,False,0.0,,0.0,0.0,0.0,Alls Peane,True
4431_01,Earth,False,G/727/P,55 Cancri e,38.0,False,8.0,0.0,1414.0,10.0,3.0,Ryany Kenzierry,False
2104_02,Earth,False,,TRAPPIST-1e,26.0,False,0.0,0.0,0.0,0.0,0.0,Brinez Bootez,False
3818_01,Earth,False,,TRAPPIST-1e,32.0,False,0.0,600.0,80.0,0.0,18.0,Rankie Hoodgers,False
8619_01,Europa,False,E/566/S,TRAPPIST-1e,47.0,False,187.0,268.0,977.0,3441.0,236.0,Mardach Heermy,False
5091_01,Earth,False,F/973/S,55 Cancri e,18.0,False,1471.0,59.0,95.0,1109.0,330.0,,False
7257_01,Earth,True,G/1167/P,55 Cancri e,14.0,False,0.0,0.0,0.0,0.0,0.0,Rica Gardsondez,True
1455_04,Europa,False,B/62/S,TRAPPIST-1e,26.0,False,0.0,533.0,2119.0,10.0,504.0,Rasaleh Wassird,True
3392_04,Earth,False,G/541/S,TRAPPIST-1e,0.0,False,0.0,0.0,0.0,0.0,0.0,Coley Gallard,True
7608_01,Mars,True,F/1454/S,TRAPPIST-1e,26.0,False,0.0,0.0,0.0,0.0,0.0,Bun Ica,True
1299_01,Earth,False,F/250/S,TRAPPIST-1e,22.0,False,0.0,0.0,675.0,5.0,0.0,Naomin Moodsey,True
0863_02,Earth,False,G/129/S,TRAPPIST-1e,11.0,False,0.0,0.0,0.0,0.0,0.0,Lynez Walkerez,False
3443_01,Earth,False,F/648/S,TRAPPIST-1e,38.0,False,792.0,0.0,,1.0,29.0,Marix Poperez,True
6684_01,Europa,False,C/210/P,TRAPPIST-1e,57.0,False,0.0,218.0,0.0,8522.0,0.0,Geons Exhaft,False
6744_03,Mars,False,D/212/P,55 Cancri e,16.0,False,1337.0,0.0,2614.0,0.0,0.0,Crick Nan,False
1694_01,Earth,True,G/263/S,PSO J318.5-22,31.0,False,0.0,,0.0,0.0,0.0,Iria Chavezalez,True
5526_01,Earth,False,F/1061/S,TRAPPIST-1e,23.0,False,0.0,0.0,4.0,145.0,,Kaye Stroyledgez,False
6641_02,Europa,True,C/247/S,55 Cancri e,39.0,False,0.0,0.0,0.0,0.0,0.0,Coxak Diateous,True
7572_01,Earth,True,G/1228/S,TRAPPIST-1e,14.0,False,0.0,0.0,0.0,0.0,0.0,Blancy Balley,False
1890_01,Earth,True,G/308/P,55 Cancri e,43.0,False,0.0,0.0,0.0,0.0,0.0,Beathy Englence,False
7392_01,Earth,True,G/1192/P,TRAPPIST-1e,37.0,False,0.0,0.0,0.0,0.0,0.0,Floyde Holton,False
5882_01,Earth,False,F/1214/P,TRAPPIST-1e,17.0,False,18.0,10.0,73.0,0.0,1049.0,Celis Morez,False
5408_02,Mars,False,D/174/P,TRAPPIST-1e,16.0,False,2116.0,0.0,350.0,0.0,901.0,Felios Gene,False
0658_01,Earth,False,F/118/S,PSO J318.5-22,21.0,False,0.0,576.0,1.0,20.0,,Ernice Jarvey,False
8751_01,Earth,False,F/1694/S,TRAPPIST-1e,24.0,False,0.0,0.0,124.0,4.0,471.0,Byront Weavesend,False
4577_01,Mars,,F/858/S,TRAPPIST-1e,17.0,False,250.0,0.0,2179.0,0.0,0.0,Oss Kha,True
4469_01,Europa,True,B/146/P,TRAPPIST-1e,26.0,False,0.0,0.0,0.0,0.0,0.0,Dabik Brakeded,True
1457_01,Earth,False,E/110/S,TRAPPIST-1e,61.0,False,0.0,368.0,3.0,4422.0,0.0,Bra Combson,False
8937_01,Europa,True,E/574/P,TRAPPIST-1e,25.0,False,0.0,0.0,0.0,0.0,0.0,Zosmark Unaasor,True
0960_01,Earth,False,E/72/S,TRAPPIST-1e,19.0,False,3.0,0.0,,0.0,788.0,Lorian Youngrayes,False
6622_02,Earth,True,G/1070/P,TRAPPIST-1e,15.0,False,0.0,0.0,0.0,0.0,,Gwendy Lynnerett,True
4172_06,Mars,True,F/856/P,TRAPPIST-1e,15.0,False,0.0,0.0,0.0,0.0,0.0,Fruik Flell,True
6816_05,Earth,True,G/1108/P,55 Cancri e,0.0,False,0.0,0.0,0.0,0.0,0.0,Lerion Ewiseston,False
5355_01,Earth,False,F/1098/P,TRAPPIST-1e,27.0,False,0.0,686.0,0.0,101.0,9.0,Kerrie Deckley,True
6525_02,Earth,True,G/1061/S,PSO J318.5-22,32.0,False,0.0,0.0,0.0,0.0,0.0,Mistie Cardners,True
3110_01,Earth,False,G/509/P,TRAPPIST-1e,24.0,False,520.0,0.0,0.0,195.0,0.0,Dandra Joyneidez,True
2251_01,Europa,False,A/29/S,55 Cancri e,62.0,False,320.0,1179.0,756.0,4996.0,85.0,Yilduno Hoodjuded,False
1165_01,Europa,False,B/44/P,55 Cancri e,46.0,False,0.0,7201.0,0.0,32.0,2587.0,Azhah Heermy,False
1899_01,Earth,False,G/297/S,PSO J318.5-22,25.0,False,11.0,44.0,397.0,0.0,0.0,Sylvin Curton,False
1698_01,,True,E/125/S,PSO J318.5-22,14.0,False,0.0,0.0,0.0,0.0,0.0,Cakes Make,True
8794_01,Earth,False,E/563/P,TRAPPIST-1e,22.0,False,0.0,0.0,637.0,0.0,50.0,Rence Slatessen,True
8016_01,Earth,False,E/531/S,TRAPPIST-1e,15.0,False,0.0,10.0,0.0,595.0,381.0,Clard Edwartizman,False
6865_01,Europa,False,D/208/S,TRAPPIST-1e,27.0,,69.0,2878.0,0.0,4232.0,3798.0,Thabih Peducting,False
8616_01,Mars,False,F/1767/P,TRAPPIST-1e,43.0,False,27.0,0.0,797.0,830.0,161.0,Fruik Coune,False
8140_01,Earth,True,G/1309/S,PSO J318.5-22,24.0,False,0.0,0.0,0.0,0.0,0.0,Berta Chapmaney,True
3353_01,Europa,False,C/125/S,TRAPPIST-1e,,False,0.0,216.0,191.0,12062.0,59.0,Toperon Reming,False
6103_01,Earth,True,G/990/P,PSO J318.5-22,27.0,False,0.0,0.0,0.0,0.0,0.0,Davisy Hardsonerry,True
1045_01,Europa,False,C/38/P,TRAPPIST-1e,37.0,False,0.0,0.0,0.0,0.0,0.0,Halsham Unteckery,False
8432_01,Earth,True,G/1377/P,TRAPPIST-1e,36.0,False,0.0,0.0,0.0,0.0,0.0,Gileen Currisones,False
0038_01,Earth,False,F/10/S,55 Cancri e,20.0,False,554.0,195.0,0.0,2606.0,0.0,Loise Wheelez,False
7839_01,Earth,False,G/1259/P,TRAPPIST-1e,20.0,False,0.0,0.0,0.0,0.0,0.0,Jilla Leson,False
2316_01,Earth,True,G/371/S,PSO J318.5-22,45.0,False,0.0,0.0,0.0,0.0,0.0,Shan Blange,True
6816_01,Earth,True,G/1108/P,55 Cancri e,3.0,False,0.0,0.0,0.0,0.0,0.0,Allyny Ewiseston,False
5362_01,Europa,True,E/336/P,55 Cancri e,35.0,False,0.0,0.0,0.0,0.0,0.0,Meratz Prearright,True
4945_01,Earth,True,G/798/P,PSO J318.5-22,27.0,False,0.0,0.0,0.0,0.0,0.0,Eline Bartins,True
5809_02,Earth,False,F/1205/P,TRAPPIST-1e,46.0,False,0.0,98.0,2077.0,0.0,0.0,Eilan Clemondsey,True
3612_01,Earth,False,E/241/S,TRAPPIST-1e,24.0,False,1.0,790.0,0.0,0.0,0.0,Branda Midtt,True
0978_01,Earth,False,F/203/P,TRAPPIST-1e,24.0,False,,32.0,8.0,0.0,0.0,Lesley Coxterez,False
3995_04,Earth,False,G/655/P,TRAPPIST-1e,8.0,False,0.0,0.0,0.0,0.0,0.0,Evey Casonston,False
8398_01,Europa,True,B/329/S,TRAPPIST-1e,15.0,False,0.0,0.0,0.0,0.0,0.0,Asch Stradick,True
2038_01,Earth,False,F/404/P,TRAPPIST-1e,21.0,False,6.0,133.0,503.0,0.0,2.0,Racyle Ingston,False
3444_01,Europa,False,B/131/S,55 Cancri e,33.0,False,0.0,27071.0,0.0,15.0,0.0,Ainoxa Scerodbox,True
0762_01,Earth,True,G/114/S,PSO J318.5-22,30.0,False,0.0,0.0,0.0,0.0,0.0,Elody Hubbarrison,False
5913_01,Europa,False,D/185/P,TRAPPIST-1e,36.0,False,0.0,6.0,0.0,1.0,1407.0,Beidus Peterive,False
2944_03,Earth,True,G/469/S,55 Cancri e,29.0,False,0.0,0.0,0.0,0.0,0.0,Sta Nichoan,False
6302_07,Earth,True,G/1015/P,TRAPPIST-1e,,False,0.0,0.0,0.0,0.0,0.0,Neilda Rostarks,True
5544_01,Mars,False,F/1149/P,TRAPPIST-1e,,True,1565.0,0.0,0.0,0.0,145.0,Minnys Stité,False
3163_01,Mars,False,F/656/P,TRAPPIST-1e,13.0,False,1007.0,0.0,142.0,295.0,0.0,Crin Vlart,False
0233_01,Mars,False,F/45/S,TRAPPIST-1e,32.0,False,56.0,0.0,256.0,1438.0,0.0,Teda Wist,False
1709_04,Mars,False,E/127/S,TRAPPIST-1e,17.0,False,1744.0,0.0,136.0,8.0,8.0,Donut Minen,False
4603_01,Europa,,C/171/S,55 Cancri e,26.0,False,0.0,3593.0,47.0,19.0,229.0,Hamakan Namsheary,True
2524_01,Europa,True,D/74/P,55 Cancri e,27.0,False,0.0,0.0,0.0,,0.0,Ashir Witeronfus,True
4927_04,Mars,False,F/937/S,TRAPPIST-1e,0.0,False,0.0,0.0,0.0,0.0,0.0,Toat Brele,True
4798_01,Mars,True,F/975/P,TRAPPIST-1e,31.0,False,0.0,0.0,0.0,0.0,0.0,Lus Terry,True
7774_01,Mars,False,D/245/P,55 Cancri e,67.0,False,1146.0,16.0,39.0,0.0,518.0,Lar Kinad,True
0074_01,Europa,False,C/3/S,TRAPPIST-1e,42.0,False,1.0,8397.0,0.0,0.0,506.0,Aldibah Mostedry,True
8592_01,Europa,False,D/268/P,TRAPPIST-1e,19.0,False,0.0,1406.0,0.0,4199.0,2123.0,Bosoneb Gulthler,False
3392_03,Earth,True,G/541/S,TRAPPIST-1e,64.0,False,0.0,0.0,0.0,0.0,0.0,Ernard Gallard,True
0076_01,Mars,False,F/18/S,TRAPPIST-1e,27.0,False,147.0,0.0,1018.0,0.0,0.0,Conk Dal,True
6570_01,Earth,False,G/1068/S,TRAPPIST-1e,27.0,False,0.0,0.0,0.0,908.0,0.0,Shard Brightez,False
3364_01,Europa,False,A/31/P,55 Cancri e,40.0,False,0.0,372.0,7.0,5.0,1467.0,Zinon Oilloody,False
2858_02,Europa,True,C/109/S,TRAPPIST-1e,16.0,False,0.0,0.0,0.0,0.0,0.0,Mesatik Fictful,True
0082_03,Mars,False,F/16/P,TRAPPIST-1e,8.0,False,0.0,0.0,0.0,0.0,0.0,,True
6040_01,Earth,False,G/984/S,TRAPPIST-1e,16.0,False,805.0,4.0,0.0,0.0,0.0,Glendy Sterreray,True
6020_02,Earth,True,G/974/P,TRAPPIST-1e,0.0,False,0.0,0.0,0.0,0.0,0.0,Dawne Hanner,False
7646_01,Europa,False,C/285/S,55 Cancri e,25.0,False,0.0,16016.0,1025.0,189.0,1037.0,Azim Sometery,True
1140_02,Europa,True,B/46/S,TRAPPIST-1e,34.0,False,0.0,0.0,0.0,0.0,0.0,Mergas Sofraten,True
3576_01,Earth,False,F/742/P,TRAPPIST-1e,22.0,False,0.0,4.0,0.0,0.0,1267.0,Ela Brenney,True
0304_01,Europa,False,E/18/S,TRAPPIST-1e,28.0,False,0.0,422.0,0.0,1851.0,5166.0,Betena Ausivetpul,False
5017_01,Mars,True,F/954/S,TRAPPIST-1e,32.0,False,0.0,0.0,0.0,0.0,0.0,Raptax Giba,True
4841_01,Europa,True,B/192/S,55 Cancri e,59.0,False,0.0,0.0,0.0,0.0,0.0,Mahamak Prefule,True
7535_01,Earth,False,F/1562/P,TRAPPIST-1e,19.0,False,122.0,2.0,0.0,480.0,565.0,Adanne Robley,True
5170_01,Earth,False,F/1056/P,55 Cancri e,23.0,False,0.0,306.0,392.0,9.0,13.0,Jeandy Hurchez,False
3080_01,Earth,False,F/584/S,TRAPPIST-1e,40.0,False,0.0,0.0,0.0,822.0,2.0,Florey Alldson,False
0365_01,Earth,False,G/51/S,55 Cancri e,,False,0.0,0.0,0.0,685.0,21.0,Dandra Jacostaney,False
4168_01,Earth,False,F/855/P,TRAPPIST-1e,38.0,False,0.0,18.0,30.0,0.0,832.0,Eriky Deckerson,False
4896_01,Earth,False,F/992/P,TRAPPIST-1e,40.0,False,176.0,932.0,0.0,0.0,,Vana Jimes,False
6908_01,Europa,False,C/254/S,TRAPPIST-1e,60.0,False,0.0,960.0,46.0,854.0,17074.0,Sheleon Swinvul,False
4522_01,Earth,False,F/850/S,TRAPPIST-1e,25.0,False,101.0,32.0,0.0,137.0,633.0,Belix Stephend,True
6158_01,Earth,True,G/996/S,PSO J318.5-22,14.0,False,0.0,0.0,0.0,0.0,0.0,Dawne Jacobbinson,True
2688_01,,False,F/557/P,TRAPPIST-1e,24.0,False,13.0,193.0,0.0,0.0,591.0,Eriky Willy,False
2704_01,Earth,False,F/521/S,TRAPPIST-1e,44.0,False,1178.0,1.0,348.0,0.0,0.0,Alfrey Shieldson,False
6071_01,Earth,False,G/987/S,TRAPPIST-1e,33.0,False,41.0,417.0,0.0,42.0,308.0,Almara Delazarson,True
6756_03,Earth,False,G/1095/P,TRAPPIST-1e,0.0,False,0.0,0.0,0.0,0.0,0.0,Melvia Pittson,True
7875_01,Europa,True,B/309/S,55 Cancri e,26.0,False,0.0,0.0,0.0,0.0,0.0,Geonkaa Cattyried,True
0327_01,Earth,False,,TRAPPIST-1e,19.0,False,17.0,0.0,784.0,0.0,2.0,Jasony Ocherman,True
2676_01,Europa,False,B/81/P,55 Cancri e,34.0,False,3551.0,1284.0,1865.0,90.0,0.0,Halsham Noxiong,True
8199_01,Earth,False,G/1329/P,TRAPPIST-1e,19.0,False,0.0,0.0,0.0,0.0,0.0,Patha Drakeekss,False
9280_01,Europa,False,E/608/S,55 Cancri e,32.0,False,0.0,1049.0,0.0,353.0,3235.0,Celeon Hontichre,False
2141_01,Earth,False,E/130/P,55 Cancri e,66.0,False,0.0,0.0,1610.0,0.0,0.0,Annaha Rivanseney,True
6225_01,Earth,False,G/1007/P,TRAPPIST-1e,20.0,False,1.0,0.0,0.0,32.0,875.0,Lelah Deckerson,False
0994_02,Earth,False,F/185/S,TRAPPIST-1e,26.0,False,621.0,1.0,98.0,11.0,135.0,Dell Wartyson,False
5327_01,Europa,False,B/183/P,TRAPPIST-1e,38.0,False,0.0,0.0,0.0,0.0,0.0,Furudra Ticiay,False
5021_01,Europa,False,B/167/P,TRAPPIST-1e,41.0,False,4.0,4619.0,0.0,251.0,213.0,Celavar Fulacid,True
7097_01,Europa,False,A/75/P,55 Cancri e,27.0,False,0.0,44.0,4761.0,5.0,41.0,Altanin Dedometeel,True
1337_01,Earth,,F/258/S,55 Cancri e,35.0,False,775.0,14.0,0.0,610.0,4.0,Brank Shermann,False
4609_01,Europa,False,C/173/S,TRAPPIST-1e,37.0,False,1.0,477.0,0.0,0.0,7087.0,Algork Amblereld,False
2433_01,Europa,True,C/84/P,TRAPPIST-1e,32.0,False,0.0,0.0,0.0,,0.0,Keidus Ametic,True
2683_01,Europa,False,A/32/S,TRAPPIST-1e,36.0,False,2.0,1297.0,0.0,4.0,0.0,Zaninon Parbage,True
1800_05,Earth,True,G/283/S,TRAPPIST-1e,1.0,False,0.0,0.0,0.0,0.0,0.0,Wandy Goffey,True
0846_01,Earth,True,G/125/S,TRAPPIST-1e,13.0,False,0.0,0.0,0.0,0.0,0.0,Tera Simstravery,False
4572_01,Earth,False,G/746/S,55 Cancri e,23.0,False,42.0,0.0,0.0,765.0,2.0,Fery Gouldensen,False
4142_01,Europa,True,C/148/S,TRAPPIST-1e,43.0,False,0.0,0.0,,0.0,0.0,Maiah Deryplinet,True
4479_01,Mars,False,D/150/P,TRAPPIST-1e,28.0,False,3559.0,0.0,,13.0,2.0,Zelowl Sidie,False
0206_01,Europa,False,C/9/S,55 Cancri e,,False,2.0,1720.0,12.0,1125.0,122.0,Nuson Brugashed,True
9081_02,Earth,False,F/1858/P,55 Cancri e,15.0,False,0.0,0.0,0.0,208.0,754.0,Willah Clemondsey,False
1956_02,Mars,False,D/68/S,PSO J318.5-22,44.0,,708.0,0.0,5.0,0.0,74.0,Mesh Pread,True
7095_01,Earth,True,G/1144/P,PSO J318.5-22,13.0,False,0.0,0.0,0.0,0.0,0.0,Nichad Patteraley,True
7356_01,Earth,True,G/1181/P,TRAPPIST-1e,40.0,False,0.0,0.0,0.0,0.0,0.0,Eline Merkins,False
5552_03,Mars,False,F/1150/P,TRAPPIST-1e,60.0,False,51.0,10.0,754.0,1412.0,137.0,Chonk Potie,False
6719_01,Mars,True,F/1396/P,TRAPPIST-1e,41.0,False,0.0,0.0,0.0,0.0,0.0,Panter Cres,True
1326_01,Mars,False,F/257/S,TRAPPIST-1e,30.0,False,1450.0,0.0,,0.0,1147.0,Wales Gelte,False
4294_01,Earth,False,G/702/S,TRAPPIST-1e,29.0,False,646.0,91.0,13.0,0.0,0.0,Gayla Charpelaney,True
3999_01,Earth,False,G/656/P,TRAPPIST-1e,25.0,False,0.0,1017.0,0.0,0.0,0.0,Genee Hayerson,False
3639_01,Europa,False,B/140/S,TRAPPIST-1e,29.0,False,125.0,5151.0,9.0,1.0,1.0,Mardach Contery,True
3916_01,Europa,False,D/128/S,TRAPPIST-1e,14.0,False,2.0,881.0,0.0,578.0,214.0,Cellus Ciplanke,False
5733_01,Earth,False,G/922/P,55 Cancri e,34.0,False,0.0,1745.0,6.0,5.0,37.0,Billia Kerrealds,True
1973_01,Europa,True,A/24/S,55 Cancri e,39.0,False,0.0,0.0,0.0,0.0,0.0,Gomeron Clindy,True
3403_01,Earth,False,G/556/P,PSO J318.5-22,37.0,False,308.0,35.0,415.0,10.0,0.0,Pattin Wolfaddox,True
1424_05,Europa,True,B/47/P,TRAPPIST-1e,35.0,False,0.0,0.0,0.0,0.0,0.0,Weia Sageng,True
4061_01,Mars,False,D/130/S,TRAPPIST-1e,30.0,False,1851.0,0.0,378.0,0.0,155.0,Jack Kashe,False
5756_08,Earth,False,F/1194/P,PSO J318.5-22,31.0,False,11.0,0.0,0.0,1912.0,1120.0,Wenise Briggston,False
4125_01,Earth,True,G/677/P,PSO J318.5-22,22.0,False,0.0,0.0,,0.0,0.0,Jorgie Watkinsley,True
7878_01,Earth,False,G/1269/P,TRAPPIST-1e,18.0,False,0.0,0.0,32.0,0.0,673.0,Vane Nieldsond,False
1083_02,Mars,True,F/206/S,TRAPPIST-1e,23.0,False,0.0,0.0,0.0,0.0,0.0,Pars Sfin,True
1670_01,Earth,False,G/269/P,TRAPPIST-1e,49.0,False,0.0,67.0,213.0,2.0,1442.0,Aleen Sancasey,False
2818_02,Mars,True,F/585/P,55 Cancri e,4.0,False,0.0,0.0,0.0,0.0,0.0,Corse Betie,True
0128_01,Mars,False,D/3/S,TRAPPIST-1e,61.0,True,2353.0,334.0,9.0,316.0,2.0,Grohs Fles,False
6200_01,Europa,False,B/238/S,TRAPPIST-1e,27.0,False,3.0,4654.0,0.0,657.0,214.0,Saxino Duckil,True
5068_01,Earth,,E/314/P,TRAPPIST-1e,19.0,False,0.0,0.0,0.0,0.0,0.0,Nadie Polliamposs,True
2152_01,Earth,False,F/426/P,TRAPPIST-1e,45.0,False,2138.0,0.0,0.0,659.0,0.0,Eulah Bakericks,False
8752_01,Mars,False,D/272/P,TRAPPIST-1e,35.0,False,2758.0,0.0,1.0,0.0,0.0,Koops Strad,False
4461_01,Mars,True,F/838/S,TRAPPIST-1e,18.0,False,0.0,0.0,0.0,0.0,0.0,Annams Mellé,True
2186_01,Earth,True,G/350/S,TRAPPIST-1e,20.0,False,0.0,0.0,0.0,0.0,0.0,Ivanne Johnsby,False
4974_01,Europa,False,A/44/P,TRAPPIST-1e,56.0,False,0.0,10.0,0.0,9319.0,1225.0,Thabih Vendeck,False
4895_01,Earth,True,G/789/P,55 Cancri e,15.0,False,0.0,0.0,0.0,0.0,0.0,Eriana Mcleaney,True
4477_01,Earth,False,G/731/S,55 Cancri e,31.0,False,23.0,0.0,0.0,,17.0,Thel Scheron,False
5601_04,Earth,False,F/1069/S,TRAPPIST-1e,21.0,False,958.0,1668.0,82.0,0.0,78.0,Vanney Vandan,True
4020_01,Europa,False,B/126/P,55 Cancri e,37.0,False,6498.0,1470.0,0.0,416.0,4174.0,,False
1873_01,Earth,True,G/293/S,TRAPPIST-1e,30.0,False,0.0,,0.0,0.0,0.0,Shalle Barrison,True
6930_01,Earth,True,G/1129/S,TRAPPIST-1e,17.0,False,0.0,0.0,0.0,0.0,0.0,Letta Howayery,True
6843_01,Europa,True,B/260/S,TRAPPIST-1e,21.0,False,0.0,,0.0,0.0,0.0,Acceleb Rimplighty,True
3787_01,Mars,True,F/716/S,TRAPPIST-1e,55.0,False,0.0,0.0,0.0,0.0,0.0,Sugard Prie,True
6656_01,Europa,True,B/221/P,TRAPPIST-1e,34.0,False,0.0,0.0,0.0,0.0,,Naviton Suarging,True
7503_01,Europa,True,B/283/S,TRAPPIST-1e,26.0,False,,0.0,0.0,0.0,0.0,Achira Capplid,True
3923_01,Earth,False,F/808/P,TRAPPIST-1e,18.0,False,95.0,0.0,0.0,13.0,622.0,Jenne Cofferson,False
5640_01,Europa,True,E/368/S,TRAPPIST-1e,27.0,False,0.0,0.0,0.0,0.0,0.0,Kaffias Rinicapead,True
1148_01,Europa,True,C/42/P,55 Cancri e,22.0,False,0.0,,0.0,0.0,0.0,Bosonon Clugete,True
4807_01,Earth,False,G/776/P,TRAPPIST-1e,44.0,False,22.0,1.0,0.0,864.0,0.0,Elinda Miley,False
5140_01,Earth,True,G/840/S,PSO J318.5-22,23.0,False,0.0,0.0,0.0,0.0,0.0,Elancy Pughanders,True
2483_01,Earth,False,F/477/S,55 Cancri e,35.0,False,2594.0,195.0,0.0,0.0,0.0,Eulah Crayeson,False
9076_01,Earth,,G/1461/S,TRAPPIST-1e,32.0,False,0.0,0.0,0.0,0.0,0.0,Shawne Simonsents,False
7461_01,Europa,True,D/223/S,TRAPPIST-1e,35.0,False,0.0,0.0,0.0,0.0,0.0,Zavior Plaricit,True
7091_01,Earth,True,G/1142/P,TRAPPIST-1e,32.0,False,0.0,0.0,0.0,0.0,0.0,Cassa Garrincent,True
4542_02,Europa,True,B/150/P,55 Cancri e,20.0,False,0.0,0.0,0.0,0.0,0.0,Arrai Stracary,True
2690_01,Earth,False,E/185/S,55 Cancri e,27.0,False,339.0,104.0,116.0,160.0,0.0,Eduana Stannondez,True
5440_02,Earth,False,F/1041/S,55 Cancri e,30.0,False,0.0,59.0,18.0,639.0,0.0,Crisey Beckeey,False
5555_01,,False,G/896/S,,43.0,,1.0,0.0,213.0,7.0,701.0,Winia Blanglison,True
0599_03,Mars,False,F/124/P,TRAPPIST-1e,26.0,False,1252.0,0.0,46.0,124.0,6.0,Apple Crité,False
8714_01,Mars,False,D/270/P,TRAPPIST-1e,50.0,False,1584.0,0.0,36.0,104.0,0.0,Park Mad,True
3609_04,Europa,True,C/118/P,55 Cancri e,26.0,False,0.0,0.0,0.0,0.0,0.0,Fomalik Fralledic,True
4486_01,Earth,True,G/733/S,TRAPPIST-1e,26.0,False,0.0,0.0,0.0,0.0,0.0,Janne Mccarry,True
0294_01,Europa,True,B/8/S,TRAPPIST-1e,50.0,False,0.0,0.0,0.0,,0.0,Phonons Roforhauge,True
1455_02,Europa,False,B/62/S,TRAPPIST-1e,29.0,False,0.0,2509.0,0.0,16.0,698.0,Teronan Conaly,True
0688_01,Mars,False,E/48/S,TRAPPIST-1e,34.0,False,1973.0,0.0,97.0,41.0,3.0,Goos Erpie,False
4891_02,Europa,True,B/194/S,55 Cancri e,24.0,False,0.0,0.0,0.0,0.0,0.0,Weion Heeroling,True
0947_01,Earth,False,G/138/P,55 Cancri e,26.0,False,0.0,474.0,0.0,0.0,201.0,Lyny Frandriquez,False
1803_01,Earth,False,F/354/P,55 Cancri e,23.0,False,0.0,169.0,0.0,553.0,0.0,Nelsie Puckley,False
1762_01,Earth,False,E/132/S,PSO J318.5-22,21.0,False,2400.0,7.0,0.0,20.0,0.0,Sylvin Casez,True
6431_01,Earth,False,F/1334/P,55 Cancri e,20.0,False,24.0,56.0,1.0,,468.0,Melara Kramosley,False
0531_01,Earth,True,G/82/P,55 Cancri e,1.0,False,0.0,0.0,0.0,0.0,0.0,Estine Alentonway,False
8779_01,Earth,False,G/1413/S,55 Cancri e,21.0,False,2.0,,0.0,634.0,0.0,Dandra Brensonsen,False
1034_01,Earth,False,G/155/P,TRAPPIST-1e,31.0,False,0.0,0.0,0.0,675.0,213.0,Aliedy Cleman,False
6641_01,Europa,True,C/247/S,TRAPPIST-1e,26.0,False,0.0,0.0,0.0,0.0,0.0,Algork Diateous,True
2726_01,Earth,True,G/440/P,TRAPPIST-1e,2.0,False,0.0,0.0,0.0,0.0,0.0,Kimmie Leson,False
8147_02,Earth,True,,TRAPPIST-1e,2.0,False,0.0,0.0,0.0,0.0,0.0,Mabley Pittler,True
2602_03,Mars,True,E/158/P,TRAPPIST-1e,25.0,False,0.0,0.0,0.0,0.0,0.0,Unch Seche,False
7143_01,Mars,False,F/1372/S,TRAPPIST-1e,31.0,False,907.0,0.0,437.0,2.0,0.0,Losp Buche,False
4176_04,Mars,False,F/859/P,TRAPPIST-1e,38.0,False,490.0,663.0,358.0,855.0,0.0,Othawk Fla,False
6218_01,Earth,False,F/1188/S,55 Cancri e,18.0,False,425.0,779.0,0.0,0.0,74.0,Hanry Villenson,False
3063_02,Earth,True,G/499/P,TRAPPIST-1e,7.0,False,0.0,0.0,0.0,0.0,0.0,Joana Daughttley,True
8378_01,Earth,False,F/1608/S,TRAPPIST-1e,13.0,False,0.0,0.0,505.0,2810.0,9.0,Glena Bellyonsley,False
0638_01,Europa,True,B/28/P,55 Cancri e,20.0,False,0.0,0.0,0.0,0.0,0.0,Eleonon Geoconne,True
0213_01,Earth,False,F/46/P,TRAPPIST-1e,21.0,False,367.0,281.0,0.0,0.0,146.0,Carita Navages,False
2649_01,Mars,False,D/79/P,TRAPPIST-1e,16.0,False,46.0,0.0,1994.0,0.0,677.0,Swoass Giba,False
2797_01,Earth,False,F/580/P,TRAPPIST-1e,22.0,False,0.0,0.0,0.0,0.0,1345.0,Violan Burchanez,False
2172_01,Earth,False,G/347/S,PSO J318.5-22,23.0,False,0.0,774.0,0.0,0.0,0.0,Belly Barbes,True
3236_02,Earth,False,F/676/P,TRAPPIST-1e,31.0,False,593.0,540.0,238.0,0.0,77.0,Carlen Woody,False
5596_01,Europa,False,D/179/P,TRAPPIST-1e,65.0,False,0.0,722.0,302.0,103.0,2659.0,Mothab Sorbitter,False
4592_04,Mars,True,F/862/S,TRAPPIST-1e,1.0,False,0.0,0.0,0.0,0.0,0.0,Pil Carté,True
4686_01,Earth,False,G/768/S,TRAPPIST-1e,38.0,False,0.0,172.0,615.0,0.0,0.0,Fany Russon,True
2970_01,Earth,False,,TRAPPIST-1e,,False,740.0,82.0,6.0,,1.0,Dwin Adkinson,False
5585_01,Earth,False,G/894/P,PSO J318.5-22,22.0,False,688.0,5.0,80.0,0.0,0.0,Vanez Popelazquez,False
8816_04,Europa,True,B/340/S,55 Cancri e,29.0,False,0.0,0.0,0.0,0.0,0.0,Astab Diouselt,True
4680_01,Mars,False,D/155/P,TRAPPIST-1e,17.0,False,,0.0,38.0,0.0,2.0,Dakes Colte,False
2385_01,Mars,False,F/461/S,TRAPPIST-1e,23.0,False,1773.0,0.0,78.0,0.0,3.0,Jacats Pité,False
7697_01,Europa,,B/295/S,TRAPPIST-1e,41.0,False,0.0,0.0,0.0,0.0,0.0,Naosura Fusimodent,True
8390_01,Earth,True,G/1370/P,PSO J318.5-22,14.0,False,0.0,0.0,0.0,0.0,0.0,Arla Sextones,True
0221_03,Mars,False,E/13/S,TRAPPIST-1e,33.0,False,1933.0,12.0,188.0,1.0,0.0,Jacks Reke,False
7025_01,Earth,True,G/1147/S,TRAPPIST-1e,63.0,False,0.0,0.0,0.0,0.0,0.0,Des Willangsey,True
0254_01,Earth,False,F/54/P,TRAPPIST-1e,21.0,False,702.0,172.0,408.0,2.0,6.0,Race Stenson,True
3997_01,Earth,False,G/657/S,55 Cancri e,25.0,False,0.0,83.0,0.0,439.0,0.0,Aliedy Yanton,False
4152_01,Earth,False,F/853/P,TRAPPIST-1e,35.0,False,89.0,0.0,0.0,545.0,0.0,Natha Wonglasquez,False
2338_02,Earth,False,F/474/P,TRAPPIST-1e,26.0,False,14.0,0.0,0.0,857.0,0.0,Julion Moodman,False
1198_01,Mars,False,,TRAPPIST-1e,28.0,,42.0,1116.0,0.0,0.0,0.0,Rinnab Tie,True
2754_01,Earth,False,E/166/P,TRAPPIST-1e,13.0,False,911.0,1.0,0.0,74.0,0.0,Heidie Santry,False
3381_01,Earth,True,G/539/S,TRAPPIST-1e,35.0,False,0.0,0.0,0.0,0.0,0.0,Blanie Milton,False
8006_01,Earth,False,F/1529/S,TRAPPIST-1e,22.0,False,0.0,1145.0,0.0,0.0,371.0,Lilace Morrencis,False
5514_01,Earth,True,G/889/S,TRAPPIST-1e,18.0,False,0.0,0.0,0.0,0.0,0.0,Bretty Monroellynn,True
6406_02,Europa,True,B/249/S,55 Cancri e,34.0,False,0.0,0.0,0.0,0.0,0.0,Giedir Belstrut,True
2541_01,Europa,False,B/77/P,,44.0,False,0.0,1482.0,127.0,1555.0,1257.0,Benebah Frintful,False
6810_03,Mars,True,,TRAPPIST-1e,16.0,False,,0.0,0.0,0.0,0.0,Cings Knik,True
3223_01,Earth,False,G/523/P,TRAPPIST-1e,,False,16.0,0.0,799.0,0.0,37.0,Elany Prickmantes,False
4607_01,Earth,False,G/751/P,PSO J318.5-22,23.0,False,0.0,138.0,4.0,412.0,220.0,Ronard Hoppers,False
5531_02,Mars,True,F/1145/P,TRAPPIST-1e,33.0,False,0.0,0.0,0.0,0.0,0.0,Gut Brity,True
2651_01,Europa,True,B/100/S,55 Cancri e,44.0,False,0.0,0.0,0.0,0.0,0.0,Sarid Geakerat,True
7967_01,Earth,False,G/1288/S,TRAPPIST-1e,21.0,False,691.0,0.0,0.0,,15.0,Doray Ricews,False
4219_02,Mars,False,F/868/P,TRAPPIST-1e,40.0,False,1268.0,0.0,0.0,0.0,0.0,Sies Min,False
5522_01,Earth,False,E/358/S,55 Cancri e,42.0,False,31.0,0.0,0.0,635.0,0.0,Carold Hinglendez,True
5152_01,Europa,False,B/199/S,TRAPPIST-1e,40.0,False,0.0,553.0,10.0,2787.0,52.0,Porrimp Aillyber,False
8586_01,Mars,False,E/550/P,55 Cancri e,24.0,False,0.0,0.0,396.0,256.0,1482.0,Zelowl Terry,False
5705_01,Earth,True,G/925/S,TRAPPIST-1e,17.0,False,0.0,0.0,0.0,0.0,0.0,Letty Chanan,True
0713_01,Earth,False,E/50/S,TRAPPIST-1e,26.0,False,1577.0,2.0,0.0,30.0,0.0,Vivia Stantiagord,False
7388_01,Earth,True,G/1198/S,PSO J318.5-22,17.0,False,0.0,0.0,0.0,0.0,0.0,Sterry Mclardson,True
4274_01,Earth,False,G/698/S,TRAPPIST-1e,24.0,False,0.0,717.0,222.0,8.0,1.0,Evey Kellyons,True
0798_01,Mars,True,F/147/S,PSO J318.5-22,38.0,False,0.0,0.0,0.0,0.0,0.0,Ecco Gelle,True
1630_03,Earth,False,F/309/S,TRAPPIST-1e,37.0,False,0.0,27.0,11.0,732.0,5.0,Elanda Cofferson,False
3786_02,Mars,False,D/121/S,TRAPPIST-1e,42.0,False,913.0,4.0,1.0,1465.0,0.0,Quan Birt,False
3470_01,Earth,True,G/563/S,TRAPPIST-1e,,False,0.0,0.0,0.0,0.0,0.0,Gory Byerry,False
6722_02,Europa,False,E/445/S,55 Cancri e,27.0,False,0.0,33.0,9.0,1847.0,2035.0,Saleh Dicely,False
3765_01,Mars,True,F/709/S,TRAPPIST-1e,24.0,False,0.0,0.0,0.0,,0.0,Jayrin Cle,True
1451_02,Europa,True,C/56/S,TRAPPIST-1e,39.0,False,0.0,0.0,0.0,0.0,0.0,Unukath Proorbeng,True
3022_02,Europa,False,C/102/P,55 Cancri e,19.0,False,0.0,329.0,0.0,3154.0,312.0,Hadirah Speating,False
4258_03,Europa,False,A/37/P,TRAPPIST-1e,39.0,False,9.0,1525.0,0.0,0.0,146.0,Menkark Perneernal,False
9007_01,Earth,True,G/1458/P,TRAPPIST-1e,18.0,False,0.0,0.0,0.0,0.0,0.0,Guyne Bookerson,False
7816_01,Earth,,F/1497/S,PSO J318.5-22,37.0,False,0.0,925.0,0.0,0.0,0.0,Gordo Mclardson,True
1831_01,Earth,True,G/288/S,TRAPPIST-1e,22.0,False,0.0,0.0,0.0,0.0,,Almary Gordanieves,False
6841_01,Mars,True,E/454/S,55 Cancri e,29.0,False,,0.0,0.0,0.0,0.0,Tekris Meate,True
0817_01,Earth,True,G/119/P,TRAPPIST-1e,20.0,False,0.0,0.0,0.0,0.0,0.0,Carona Baxters,False
6580_01,Earth,False,G/1066/P,TRAPPIST-1e,56.0,False,0.0,605.0,0.0,179.0,0.0,Benry Peterstarks,False
4689_01,Europa,False,C/182/S,TRAPPIST-1e,28.0,True,0.0,3119.0,0.0,1404.0,366.0,Stra Persoffly,True
5303_02,Earth,False,G/857/P,TRAPPIST-1e,7.0,False,0.0,0.0,0.0,0.0,0.0,Loree Hoffergess,True
0527_01,Mars,False,F/93/S,55 Cancri e,,False,1172.0,11.0,3.0,0.0,4.0,Supce Stité,False
5262_01,Earth,True,G/850/P,TRAPPIST-1e,14.0,False,0.0,0.0,0.0,0.0,0.0,Adanne Rilley,True
3100_01,Earth,False,G/485/S,TRAPPIST-1e,1.0,False,0.0,0.0,0.0,0.0,0.0,Andrey Farmonrada,False
3438_02,Earth,False,F/707/P,55 Cancri e,24.0,False,95.0,35.0,1442.0,0.0,0.0,Dary Pottney,False
2255_02,Europa,True,C/75/P,TRAPPIST-1e,34.0,False,0.0,0.0,0.0,0.0,0.0,Polah Spadicage,True
6672_04,Mars,True,F/1387/P,TRAPPIST-1e,11.0,False,0.0,0.0,0.0,0.0,0.0,Coass Deva,True
6561_02,,False,B/253/S,TRAPPIST-1e,25.0,False,0.0,0.0,0.0,0.0,0.0,Zavior Ainserfle,True
2333_01,Mars,False,E/137/P,TRAPPIST-1e,16.0,False,0.0,0.0,0.0,0.0,0.0,Igrish Fiha,False
5491_01,Earth,False,G/882/S,TRAPPIST-1e,20.0,False,0.0,0.0,499.0,285.0,103.0,Anthia Solon,False
1907_01,Europa,False,D/60/P,TRAPPIST-1e,50.0,False,,1810.0,0.0,126.0,247.0,Axionif Neceriont,False
0069_01,Earth,False,F/16/S,TRAPPIST-1e,42.0,False,887.0,0.0,9.0,6.0,0.0,,True
1816_02,Europa,False,C/68/S,TRAPPIST-1e,41.0,False,0.0,2334.0,1.0,6.0,23.0,Shail Tertchty,True
9178_01,Earth,False,F/1877/P,TRAPPIST-1e,53.0,False,49.0,584.0,0.0,0.0,70.0,Ernard Barnoldeney,False
6191_03,Europa,True,A/59/P,TRAPPIST-1e,45.0,False,0.0,0.0,0.0,0.0,0.0,Taurah Ametic,True
8306_03,Earth,False,G/1351/P,,41.0,False,836.0,0.0,0.0,,49.0,Bonya Hardonald,False
7644_01,Earth,True,G/1227/P,PSO J318.5-22,17.0,False,0.0,0.0,0.0,0.0,0.0,Hanry Moorez,True
4072_01,Earth,True,G/671/S,TRAPPIST-1e,60.0,False,0.0,0.0,,0.0,0.0,Mael Chasey,True
1282_01,Earth,True,G/191/P,PSO J318.5-22,18.0,,0.0,0.0,0.0,0.0,0.0,Dony Handertiz,False
5467_01,Earth,False,F/1046/S,TRAPPIST-1e,31.0,False,2703.0,21.0,0.0,0.0,1.0,Evenna Garden,False
8919_01,Europa,False,C/331/S,TRAPPIST-1e,27.0,False,0.0,2481.0,0.0,3657.0,93.0,Zedark Crantiale,False
2795_01,Europa,False,C/103/S,TRAPPIST-1e,34.0,False,10.0,5659.0,15.0,3.0,0.0,Genons Brantcable,True
1581_02,Mars,True,,TRAPPIST-1e,28.0,False,0.0,0.0,0.0,0.0,0.0,Prabon Che,True
3212_01,Earth,False,E/212/S,TRAPPIST-1e,24.0,False,180.0,264.0,0.0,1225.0,0.0,Philia Bellarkerd,False
8414_01,Earth,False,G/1374/P,TRAPPIST-1e,24.0,False,0.0,171.0,591.0,22.0,0.0,Cline Welltonces,False
8419_02,Earth,True,G/1349/S,TRAPPIST-1e,20.0,False,0.0,0.0,0.0,0.0,0.0,Doryn Mosepherry,True
0245_01,Europa,False,C/6/P,55 Cancri e,46.0,False,0.0,3571.0,0.0,0.0,7.0,Glueba Repumparte,True
0906_01,Earth,False,F/168/S,55 Cancri e,19.0,False,0.0,388.0,469.0,,0.0,Gwenda Hinetthews,True
0303_01,,True,G/41/S,TRAPPIST-1e,23.0,False,0.0,0.0,0.0,0.0,0.0,Oraryn Kirklander,True
1868_01,Mars,True,F/372/P,TRAPPIST-1e,64.0,False,0.0,0.0,0.0,0.0,0.0,Sug Fincy,True
4151_01,Earth,True,G/683/P,55 Cancri e,15.0,False,0.0,0.0,0.0,0.0,0.0,Juliey Loverceson,True
7929_01,Europa,False,B/311/S,TRAPPIST-1e,31.0,False,0.0,910.0,58.0,1654.0,1217.0,Mergak Dissper,False
8189_01,Europa,False,C/271/P,TRAPPIST-1e,35.0,False,0.0,747.0,0.0,0.0,2478.0,Arrak Fanchy,False
7984_03,Mars,False,F/1653/P,TRAPPIST-1e,23.0,False,649.0,0.0,622.0,0.0,0.0,Smal Birt,True
6463_01,Earth,False,F/1234/S,TRAPPIST-1e,24.0,False,1256.0,2.0,8.0,1530.0,0.0,Guadae Jacobbinson,False
2506_03,Europa,False,A/19/P,55 Cancri e,23.0,False,36.0,2467.0,0.0,381.0,803.0,Alchird Apenelexy,False
0647_01,Mars,True,F/115/S,TRAPPIST-1e,7.0,False,0.0,0.0,0.0,0.0,0.0,Lidex Deeke,True
8210_01,Mars,False,D/241/S,TRAPPIST-1e,47.0,False,1282.0,0.0,5.0,495.0,0.0,Crat Ble,False
7723_01,Europa,True,B/254/P,TRAPPIST-1e,27.0,False,0.0,0.0,0.0,0.0,0.0,Sheleb Conate,True
2807_01,Earth,False,E/171/P,TRAPPIST-1e,33.0,False,0.0,0.0,154.0,22.0,820.0,Rancy Vincenton,False
0255_01,Europa,True,A/3/S,TRAPPIST-1e,24.0,False,0.0,0.0,0.0,0.0,0.0,Ashir Mingious,True
3870_01,Europa,True,B/148/S,55 Cancri e,22.0,False,0.0,0.0,0.0,0.0,0.0,Izarino Gemoserad,True
3476_04,Earth,False,G/571/P,TRAPPIST-1e,24.0,False,1.0,467.0,4.0,0.0,341.0,Bonne Burksson,False
8168_05,Earth,False,G/1316/S,TRAPPIST-1e,22.0,False,753.0,0.0,0.0,0.0,0.0,Brada Carpentley,False
8307_01,Europa,False,A/100/S,55 Cancri e,27.0,True,0.0,1337.0,1929.0,0.0,0.0,Porrimp Unkcal,True
9069_02,Europa,True,B/297/P,55 Cancri e,26.0,False,0.0,0.0,0.0,0.0,0.0,Hekab Brakeng,True
2347_07,Earth,False,G/377/P,TRAPPIST-1e,9.0,False,,0.0,0.0,0.0,0.0,Fanna Wellierras,False
3974_01,Earth,False,F/752/S,TRAPPIST-1e,19.0,False,0.0,0.0,5.0,756.0,0.0,Karia Davens,True
5639_01,Earth,False,G/913/S,TRAPPIST-1e,22.0,False,19.0,9.0,0.0,0.0,594.0,Bel Ewins,True
5234_01,Mars,False,F/1067/P,TRAPPIST-1e,16.0,False,271.0,0.0,2251.0,117.0,0.0,Tote Chmad,True
8623_01,Earth,False,,TRAPPIST-1e,15.0,False,9.0,731.0,85.0,0.0,537.0,Vandy Hoffergess,False
8468_01,Mars,False,D/263/P,55 Cancri e,38.0,False,1161.0,0.0,19.0,0.0,0.0,Park Birt,False
5093_01,Europa,False,C/158/P,55 Cancri e,49.0,True,9.0,179.0,0.0,3.0,7865.0,Wasalam Cluthosexy,False
7724_01,Mars,False,F/1472/S,TRAPPIST-1e,25.0,False,338.0,319.0,32.0,15.0,0.0,Kris Trad,False
8840_01,Earth,False,F/1716/S,55 Cancri e,50.0,False,0.0,433.0,4.0,0.0,2020.0,Naomin Litthews,False
2958_01,Earth,False,F/561/S,TRAPPIST-1e,26.0,False,1822.0,0.0,4.0,107.0,1204.0,Min Parrett,False
2960_01,Earth,False,F/562/S,TRAPPIST-1e,54.0,False,,,0.0,0.0,0.0,Gracia Carterson,False
2391_01,Earth,False,E/143/P,TRAPPIST-1e,20.0,False,768.0,19.0,0.0,1.0,0.0,Chery Hendrys,False
3550_02,Earth,True,G/570/S,PSO J318.5-22,5.0,False,0.0,0.0,0.0,0.0,0.0,Jaye Delazarson,False
3240_01,Earth,False,E/216/S,TRAPPIST-1e,17.0,False,0.0,382.0,402.0,0.0,7.0,Sonnie Vinozarks,False
8059_01,,False,G/1302/P,TRAPPIST-1e,20.0,False,0.0,38.0,0.0,0.0,1779.0,Leria Merrelliss,False
2723_02,Europa,False,C/99/S,TRAPPIST-1e,54.0,False,0.0,5876.0,0.0,0.0,914.0,Dabiton Boderbint,True
5837_01,Earth,False,F/1114/S,TRAPPIST-1e,62.0,False,761.0,15.0,0.0,0.0,,Eleaha Maynardner,False
1580_02,Earth,False,G/246/S,TRAPPIST-1e,18.0,False,428.0,0.0,36.0,0.0,424.0,Janita Hinesh,False
1045_02,Europa,False,C/38/P,TRAPPIST-1e,44.0,False,0.0,2349.0,7.0,815.0,10896.0,Shail Unteckery,False
7494_01,Earth,False,E/487/P,TRAPPIST-1e,53.0,False,2.0,794.0,425.0,0.0,397.0,Lynnon Sellahaney,False
8537_02,Mars,False,F/1643/S,TRAPPIST-1e,39.0,False,5327.0,0.0,290.0,0.0,0.0,Cireal Nutte,False
9035_01,Earth,False,G/1466/P,TRAPPIST-1e,39.0,False,266.0,4.0,1.0,0.0,452.0,Evenna Coleyanglas,False
1540_03,Europa,False,C/55/P,TRAPPIST-1e,26.0,False,0.0,170.0,0.0,3718.0,0.0,Bahoton Clumshangs,False
7062_01,Earth,False,F/1464/P,TRAPPIST-1e,21.0,False,0.0,13.0,0.0,720.0,170.0,Benda Fryan,False
6556_02,Mars,True,F/1362/P,55 Cancri e,68.0,False,0.0,0.0,0.0,0.0,0.0,Morms Gine,True
8941_01,Mars,False,E/575/P,TRAPPIST-1e,26.0,True,1.0,445.0,170.0,614.0,68.0,Quits Perie,False
8466_01,Earth,False,F/1737/P,TRAPPIST-1e,21.0,False,0.0,5.0,0.0,687.0,10.0,Miken Leonaldez,False
5133_07,Earth,False,F/1046/P,TRAPPIST-1e,26.0,False,1528.0,1.0,0.0,0.0,0.0,,False
2424_01,Earth,False,G/393/S,TRAPPIST-1e,34.0,False,34.0,223.0,1559.0,0.0,0.0,Hanna Fishopper,True
3444_03,Europa,False,B/131/S,TRAPPIST-1e,41.0,True,0.0,649.0,0.0,945.0,,Quarke Scerodbox,True
6062_01,Mars,False,F/1254/P,TRAPPIST-1e,33.0,False,301.0,0.0,501.0,0.0,1013.0,Tous Sesa,False
8318_02,Mars,False,F/1711/P,TRAPPIST-1e,65.0,False,1399.0,0.0,0.0,0.0,0.0,Kie Ropie,False
2398_01,Earth,False,F/490/P,TRAPPIST-1e,21.0,False,0.0,780.0,44.0,0.0,5.0,Loresa Barnolaney,False
8598_03,Earth,False,,55 Cancri e,26.0,False,12.0,71.0,0.0,103.0,624.0,Brada Mcbriggins,False
9132_02,Mars,False,F/1871/P,TRAPPIST-1e,28.0,False,1789.0,16.0,3.0,10.0,1.0,Pil Ancy,False
2299_01,Mars,False,F/448/S,TRAPPIST-1e,35.0,False,174.0,0.0,381.0,0.0,62.0,Wealke Ramad,False
3361_02,Mars,True,F/635/S,TRAPPIST-1e,9.0,False,0.0,0.0,0.0,0.0,0.0,Bet Sinda,True
7624_01,Europa,True,C/284/S,PSO J318.5-22,50.0,False,0.0,0.0,0.0,0.0,0.0,Gieba Emetillove,True
8956_05,Earth,True,G/1453/P,TRAPPIST-1e,21.0,False,0.0,0.0,0.0,0.0,0.0,Deandy Bonnondry,False
1465_01,Earth,False,G/233/P,PSO J318.5-22,63.0,False,356.0,287.0,0.0,0.0,248.0,Byrona Alfordonard,False
6654_02,Earth,True,G/1086/S,55 Cancri e,12.0,False,0.0,0.0,0.0,0.0,0.0,,True
7899_01,Earth,True,G/1275/S,TRAPPIST-1e,69.0,False,0.0,0.0,0.0,0.0,0.0,Benry Hinesh,False
1077_01,Earth,,G/162/P,TRAPPIST-1e,37.0,False,0.0,113.0,0.0,283.0,455.0,Dorene Bardinard,False
5320_01,Europa,True,E/330/P,55 Cancri e,31.0,False,0.0,0.0,0.0,0.0,0.0,Errima Callower,True
6676_01,Europa,True,D/200/S,TRAPPIST-1e,35.0,False,0.0,0.0,0.0,0.0,0.0,Errak Ourcul,True
2029_01,Earth,False,F/400/P,55 Cancri e,43.0,False,0.0,6.0,730.0,1.0,0.0,Lyne Camerrison,False
0058_01,Earth,True,G/7/S,PSO J318.5-22,36.0,False,0.0,0.0,0.0,0.0,0.0,Warry Ayalazquez,False
0729_01,Earth,False,E/53/S,TRAPPIST-1e,14.0,False,7.0,781.0,0.0,0.0,0.0,Briam Lewinton,True
3131_02,Earth,True,G/492/S,TRAPPIST-1e,21.0,False,0.0,0.0,0.0,0.0,0.0,Hardy Griffy,True
6028_02,Europa,False,A/57/P,TRAPPIST-1e,32.0,True,0.0,792.0,0.0,1.0,1335.0,Cherkab Preeldy,False
8942_01,Europa,False,C/297/P,TRAPPIST-1e,36.0,False,0.0,3423.0,0.0,466.0,349.0,Muontak Haftical,True
5387_01,Mars,False,D/171/P,TRAPPIST-1e,48.0,False,581.0,6.0,1.0,158.0,0.0,Guanch Ste,False
4775_01,Earth,False,G/778/S,TRAPPIST-1e,22.0,False,123.0,1.0,660.0,0.0,0.0,Willy Fultz,True
7395_03,Europa,False,B/277/S,TRAPPIST-1e,38.0,False,4.0,5974.0,0.0,3682.0,197.0,Algeno Suasharic,False
5514_02,Earth,True,G/889/S,PSO J318.5-22,2.0,False,,0.0,0.0,0.0,0.0,Shanie Monroellynn,True
1844_01,Earth,False,F/355/S,PSO J318.5-22,38.0,False,0.0,0.0,0.0,0.0,1381.0,Andan Stannondez,False
6305_02,Europa,False,B/248/S,TRAPPIST-1e,46.0,False,3616.0,564.0,0.0,15.0,3303.0,Ashird Parbleake,False
2908_01,Earth,False,G/464/S,,0.0,False,0.0,0.0,0.0,0.0,0.0,Nica Berreranks,False
0931_01,Earth,False,F/193/P,TRAPPIST-1e,19.0,False,0.0,,115.0,126.0,491.0,Therie Flynnis,True
4204_03,Earth,True,G/691/P,TRAPPIST-1e,12.0,False,0.0,0.0,0.0,0.0,0.0,Gailya Avisnydes,True
2647_01,Earth,False,F/547/P,TRAPPIST-1e,24.0,False,0.0,0.0,0.0,636.0,68.0,Janney Johnsby,False
7048_01,Earth,False,F/1462/P,TRAPPIST-1e,24.0,False,332.0,9.0,356.0,0.0,0.0,Weney Freevenson,False
4174_01,Earth,False,F/857/P,TRAPPIST-1e,47.0,False,59.0,1.0,327.0,557.0,0.0,Coren Armstromez,False
4044_02,Mars,False,F/765/S,TRAPPIST-1e,2.0,False,0.0,,0.0,0.0,0.0,,True
1149_02,Earth,False,G/178/S,TRAPPIST-1e,7.0,False,0.0,0.0,0.0,0.0,0.0,Paulie Quinnerettt,False
5723_01,Mars,True,E/372/S,TRAPPIST-1e,24.0,False,0.0,0.0,0.0,0.0,0.0,Quakes Puff,False
0051_01,Earth,False,E/2/S,TRAPPIST-1e,56.0,False,0.0,112.0,0.0,1379.0,127.0,Vivia Johnshines,False
7214_01,Earth,,F/1389/S,55 Cancri e,22.0,False,30.0,0.0,690.0,41.0,0.0,Sethew Garzaley,True
3971_01,Earth,False,G/651/P,TRAPPIST-1e,44.0,False,39.0,821.0,0.0,7.0,41.0,Joanry Brighttt,False
6422_01,Mars,False,F/1330/P,TRAPPIST-1e,23.0,False,1533.0,0.0,858.0,297.0,0.0,Hones Panie,False
3255_01,Earth,True,G/517/S,PSO J318.5-22,20.0,False,0.0,0.0,0.0,0.0,0.0,Fayel Morandry,True
0041_01,Earth,True,G/2/P,TRAPPIST-1e,17.0,False,0.0,0.0,0.0,0.0,0.0,Margia Moodsey,True
3022_01,Europa,False,C/102/P,TRAPPIST-1e,38.0,False,0.0,3331.0,270.0,2.0,3510.0,Ankab Speating,False
6912_01,Europa,False,C/221/P,TRAPPIST-1e,40.0,False,0.0,120.0,0.0,2814.0,318.0,Weino Slomed,False
8186_03,Earth,False,G/1319/S,TRAPPIST-1e,0.0,False,0.0,0.0,0.0,0.0,,Glenry Estiagosen,False
3025_01,Earth,False,G/477/S,TRAPPIST-1e,31.0,False,2.0,788.0,0.0,128.0,9.0,,True
9185_01,Earth,False,E/588/P,TRAPPIST-1e,43.0,False,698.0,94.0,0.0,0.0,0.0,Elindy Mckinn,True
3204_02,Europa,False,A/27/P,TRAPPIST-1e,47.0,False,3865.0,3810.0,0.0,12.0,196.0,Alphah Wirdley,False
6971_01,Europa,False,C/225/P,TRAPPIST-1e,0.0,False,0.0,0.0,0.0,0.0,,Alcoran Distured,True
0001_01,Europa,False,B/0/P,TRAPPIST-1e,39.0,False,0.0,0.0,0.0,0.0,0.0,Maham Ofracculy,False
4166_02,Europa,False,B/132/P,55 Cancri e,58.0,True,0.0,279.0,3627.0,122.0,30.0,Ionan Stacketent,True
0288_01,Earth,False,F/55/S,55 Cancri e,19.0,False,0.0,0.0,0.0,0.0,828.0,Gory Delez,False
2589_01,Europa,True,C/91/P,TRAPPIST-1e,26.0,False,0.0,0.0,0.0,0.0,0.0,Alasmon Meteet,True
8755_01,Europa,True,D/265/S,55 Cancri e,38.0,False,0.0,0.0,0.0,0.0,0.0,Ionons Alvercal,True
5325_01,Earth,False,F/1023/S,PSO J318.5-22,21.0,False,751.0,5.0,0.0,1.0,0.0,Wandy Blandez,True
3241_01,Earth,True,G/525/P,TRAPPIST-1e,,False,0.0,0.0,0.0,0.0,0.0,Benny Hickley,False
9015_01,Europa,False,B/344/S,55 Cancri e,41.0,False,3.0,1320.0,0.0,0.0,12392.0,Nunkino Perable,False
2384_02,Earth,True,G/383/S,PSO J318.5-22,3.0,False,0.0,0.0,0.0,0.0,0.0,Landa Cleachrand,False
8157_01,Earth,False,G/1313/S,TRAPPIST-1e,0.0,False,0.0,0.0,0.0,0.0,0.0,Luisy Morelly,True
2404_03,Europa,False,C/86/S,55 Cancri e,36.0,False,828.0,5553.0,130.0,47.0,1171.0,Girtan Oilpuring,True
2596_01,Mars,False,D/77/P,TRAPPIST-1e,20.0,False,59.0,0.0,1646.0,1657.0,0.0,Pon Stpie,False
0110_03,Europa,False,B/5/P,TRAPPIST-1e,42.0,False,2209.0,11418.0,0.0,1868.0,445.0,Alaratz Aloubtled,True
5559_01,Earth,True,G/897/S,55 Cancri e,23.0,False,0.0,0.0,0.0,0.0,0.0,,True
2347_01,Earth,,F/477/P,55 Cancri e,28.0,False,613.0,22.0,0.0,0.0,0.0,Evaley Wellierras,False
2551_01,Earth,False,F/523/P,TRAPPIST-1e,32.0,False,238.0,156.0,3.0,2.0,324.0,Marlly Gamberson,False
8197_01,Earth,False,F/1693/P,55 Cancri e,49.0,False,598.0,0.0,0.0,118.0,0.0,Ambert Sellentry,False
0112_01,Europa,False,B/1/S,55 Cancri e,48.0,True,0.0,2537.0,87.0,17.0,13.0,Moth Cowtale,True
6787_01,Earth,False,F/1411/P,TRAPPIST-1e,9.0,False,0.0,0.0,0.0,0.0,0.0,Iney Booneid,True
9030_02,,False,G/1465/P,TRAPPIST-1e,27.0,False,0.0,0.0,0.0,298.0,511.0,Stace Ericksonga,False
0211_03,Mars,False,F/44/P,TRAPPIST-1e,17.0,False,848.0,0.0,307.0,182.0,0.0,Picers Date,False
7835_01,Earth,True,G/1270/S,PSO J318.5-22,28.0,False,0.0,0.0,0.0,0.0,0.0,Craine Hoodgers,False
8289_01,Earth,True,G/1350/P,TRAPPIST-1e,14.0,False,0.0,0.0,0.0,0.0,0.0,Stendy Fredersend,False
2255_01,Europa,True,C/75/P,55 Cancri e,44.0,False,0.0,0.0,0.0,0.0,0.0,Tabdhib Spadicage,True
0445_01,Earth,False,F/80/S,TRAPPIST-1e,25.0,False,1352.0,0.0,0.0,24.0,799.0,Loria Marshopper,False
0448_01,Earth,False,E/27/P,TRAPPIST-1e,24.0,False,757.0,0.0,0.0,32.0,0.0,Elara Hoppernardy,False
5924_01,Earth,False,F/1225/P,TRAPPIST-1e,51.0,False,152.0,55.0,25.0,74.0,289.0,Nelley Brantuarez,False
0618_01,Earth,False,G/95/P,55 Cancri e,21.0,False,0.0,0.0,908.0,49.0,0.0,Philda Yorkland,True
6434_01,Earth,True,G/1039/P,PSO J318.5-22,55.0,False,0.0,0.0,0.0,0.0,0.0,,True
1920_01,Mars,False,E/117/P,TRAPPIST-1e,46.0,False,731.0,0.0,288.0,0.0,2.0,Burbix Horte,False
2367_01,Earth,False,F/483/P,TRAPPIST-1e,19.0,False,0.0,0.0,1.0,644.0,0.0,Mela Brookes,False
4498_07,Earth,False,G/734/S,TRAPPIST-1e,39.0,False,0.0,2.0,0.0,69.0,836.0,Dary Mallerez,False
8566_01,Earth,False,G/1392/P,TRAPPIST-1e,22.0,False,3.0,214.0,0.0,0.0,591.0,Ferry Valexandez,False
2349_01,Earth,False,G/379/S,TRAPPIST-1e,35.0,False,0.0,722.0,0.0,0.0,185.0,All Brookes,False
1742_01,Mars,False,D/55/P,PSO J318.5-22,34.0,True,49.0,478.0,387.0,0.0,0.0,Anack Trad,False
6894_03,Mars,False,F/1319/S,TRAPPIST-1e,12.0,,0.0,0.0,0.0,0.0,0.0,Risps Hacle,True
3484_02,Earth,False,F/718/P,PSO J318.5-22,62.0,False,3.0,0.0,2908.0,0.0,0.0,Tonnie Kennetty,True
5111_03,Europa,False,B/171/P,TRAPPIST-1e,32.0,False,0.0,419.0,0.0,1984.0,521.0,Mino Unkcatted,False
6729_01,Europa,False,A/82/S,TRAPPIST-1e,41.0,False,0.0,371.0,0.0,1701.0,21.0,Becruxa Dedometeel,False
8429_01,Earth,True,G/1351/S,55 Cancri e,23.0,False,0.0,0.0,0.0,0.0,0.0,Briney Donson,True
2609_01,Earth,True,G/416/S,PSO J318.5-22,,False,0.0,0.0,0.0,0.0,0.0,Vana Hopez,True
3311_01,Europa,False,E/221/S,TRAPPIST-1e,26.0,False,0.0,1638.0,0.0,476.0,226.0,Neutrin Alenter,False
0951_01,Earth,True,G/144/S,PSO J318.5-22,38.0,False,0.0,0.0,0.0,0.0,0.0,Done Lunapperts,True
1030_01,Earth,False,F/213/P,TRAPPIST-1e,23.0,False,1081.0,0.0,0.0,0.0,7.0,Jorgie Farleyatton,False
9125_01,Mars,True,E/586/P,TRAPPIST-1e,23.0,False,0.0,0.0,0.0,0.0,0.0,Slix Corie,True
8961_01,Earth,True,G/1455/P,TRAPPIST-1e,1.0,False,,0.0,0.0,0.0,0.0,Mariel Blancoy,True
8805_01,Earth,False,F/1815/P,PSO J318.5-22,37.0,False,570.0,0.0,7.0,107.0,0.0,Elindy Rasmussony,False
1489_01,Earth,False,G/229/S,TRAPPIST-1e,19.0,False,73.0,0.0,0.0,813.0,2.0,Katiey Gallencis,False
3143_01,Mars,True,F/592/S,55 Cancri e,24.0,False,0.0,0.0,0.0,0.0,,Dous Blane,True
3282_01,Europa,True,B/120/S,55 Cancri e,43.0,False,0.0,0.0,0.0,0.0,0.0,Nasl Prighty,True
0220_05,Earth,False,F/48/P,TRAPPIST-1e,16.0,False,0.0,3.0,0.0,0.0,1099.0,Velyne Wilsoney,False
4910_01,Europa,False,E/306/P,TRAPPIST-1e,42.0,False,0.0,1330.0,0.0,2711.0,691.0,Tetraix Dratembid,False
1567_01,Europa,True,B/53/P,TRAPPIST-1e,37.0,False,0.0,0.0,0.0,0.0,0.0,Tark Replic,True
7167_01,Europa,False,B/270/S,55 Cancri e,33.0,False,0.0,3676.0,0.0,1743.0,1.0,Dyonif Noxnuther,True
0753_02,Europa,False,A/4/P,55 Cancri e,65.0,False,19.0,1344.0,4.0,3190.0,8.0,,False
2881_01,Earth,False,G/457/S,55 Cancri e,6.0,False,0.0,0.0,0.0,0.0,0.0,Walley Brightez,False
0701_01,Europa,True,D/25/S,TRAPPIST-1e,33.0,False,0.0,0.0,0.0,0.0,0.0,Menkibi Voliat,True
4500_01,Earth,False,F/847/S,TRAPPIST-1e,24.0,False,83.0,0.0,129.0,504.0,0.0,Gaylah Mcdanield,False
3391_02,Europa,False,B/105/P,55 Cancri e,42.0,False,0.0,1209.0,0.0,1026.0,636.0,Seginon Ennalve,False
2234_02,Mars,True,F/448/P,55 Cancri e,20.0,False,0.0,0.0,0.0,0.0,0.0,Resers Gread,True
6324_01,Earth,False,E/420/S,,31.0,False,19.0,509.0,0.0,0.0,177.0,Lesley Hinetthews,False
0876_01,Earth,False,F/166/S,TRAPPIST-1e,35.0,False,12.0,687.0,46.0,2.0,0.0,Teryla Leodger,False
3707_02,Earth,False,G/604/S,,22.0,False,0.0,0.0,889.0,0.0,0.0,Willey Delangleton,True
8156_01,Earth,False,G/1321/P,PSO J318.5-22,53.0,False,90.0,29.0,102.0,244.0,56.0,Phia Yorkland,False
3050_01,Europa,False,E/191/P,TRAPPIST-1e,25.0,False,1586.0,2342.0,947.0,1.0,276.0,Skatik Supred,True
2396_02,Earth,False,G/386/S,TRAPPIST-1e,30.0,False,854.0,0.0,30.0,0.0,0.0,Sallie Handertiz,False
7505_03,Mars,True,F/1553/P,TRAPPIST-1e,3.0,False,0.0,0.0,0.0,0.0,0.0,Monkle Fone,True
7936_02,Earth,False,G/1284/P,TRAPPIST-1e,,False,0.0,0.0,0.0,0.0,0.0,Carley Morelly,False
6635_02,Europa,False,C/209/P,55 Cancri e,45.0,False,0.0,313.0,1791.0,414.0,1675.0,Nusakab Entratable,False
2938_01,Europa,True,C/100/P,TRAPPIST-1e,68.0,False,0.0,0.0,0.0,0.0,0.0,Taban Aroodint,True
3616_01,Earth,True,G/584/S,55 Cancri e,23.0,False,0.0,0.0,0.0,0.0,0.0,Cliney Horners,True
8860_01,Mars,True,F/1825/P,TRAPPIST-1e,20.0,False,0.0,0.0,0.0,0.0,0.0,Turs Mity,True
1564_01,Mars,True,F/303/S,TRAPPIST-1e,23.0,False,0.0,0.0,0.0,0.0,0.0,Weers Merie,False
0050_01,Earth,False,E/1/S,55 Cancri e,35.0,False,790.0,0.0,0.0,,0.0,Sony Lancis,False
3519_02,Earth,True,G/577/P,TRAPPIST-1e,0.0,False,0.0,0.0,0.0,0.0,0.0,Kenny Swanardy,True
6444_02,Earth,True,G/1041/P,TRAPPIST-1e,0.0,False,0.0,0.0,0.0,0.0,0.0,Elicey Domington,True
2783_01,Europa,True,D/83/P,55 Cancri e,21.0,False,0.0,0.0,0.0,0.0,0.0,Alteron Emetillove,True
3081_02,Europa,True,C/118/S,TRAPPIST-1e,57.0,False,0.0,0.0,0.0,0.0,0.0,Sadirak Reedall,True
8344_01,Mars,True,D/247/S,TRAPPIST-1e,29.0,False,0.0,0.0,,0.0,0.0,Donch Pare,True
5476_01,Earth,False,G/879/S,TRAPPIST-1e,49.0,False,1020.0,0.0,2.0,2.0,0.0,Samany Moodsey,True
2357_01,Earth,False,E/139/P,TRAPPIST-1e,20.0,False,0.0,409.0,994.0,215.0,0.0,Vandy Whitez,False
7059_01,Earth,True,G/1154/S,TRAPPIST-1e,52.0,False,0.0,0.0,0.0,0.0,0.0,Jord Steeletters,True
0714_06,Earth,True,G/109/P,55 Cancri e,1.0,False,0.0,0.0,0.0,0.0,0.0,Man Rilley,True
2224_01,Earth,False,F/435/S,TRAPPIST-1e,14.0,False,0.0,600.0,0.0,204.0,0.0,Dessie Polloantes,True
4557_01,Earth,False,E/286/P,TRAPPIST-1e,17.0,False,0.0,656.0,295.0,0.0,35.0,Dwin Mirez,False
8226_01,Mars,True,F/1572/S,TRAPPIST-1e,3.0,False,0.0,0.0,0.0,0.0,0.0,Sunk Mille,True
6468_04,Mars,False,D/204/P,TRAPPIST-1e,32.0,True,1179.0,0.0,4.0,0.0,0.0,Unchal Crité,False
2040_01,Europa,True,B/85/S,TRAPPIST-1e,50.0,False,0.0,0.0,0.0,0.0,0.0,Lesaten Stiven,True
2573_01,Europa,True,C/90/P,55 Cancri e,28.0,False,0.0,0.0,0.0,0.0,0.0,Luxinon Supriouse,True
6808_01,Earth,False,F/1416/P,TRAPPIST-1e,27.0,False,0.0,,192.0,38.0,599.0,Yolas Santantines,False
2040_02,Europa,True,B/85/S,TRAPPIST-1e,25.0,False,0.0,0.0,0.0,0.0,0.0,Alramak Stiven,True
4214_01,Europa,False,E/262/P,TRAPPIST-1e,23.0,False,3.0,343.0,0.0,4280.0,0.0,Chellus Freptic,False
8395_01,Europa,False,D/260/P,TRAPPIST-1e,32.0,False,0.0,13.0,0.0,2148.0,319.0,Keidus Coniple,False
2532_02,Mars,True,F/489/S,TRAPPIST-1e,69.0,False,0.0,0.0,0.0,0.0,0.0,Goldch Traie,True
9116_01,Earth,False,F/1868/P,TRAPPIST-1e,26.0,False,0.0,,0.0,1.0,48.0,Candra Franton,True
0020_05,Earth,True,E/0/S,PSO J318.5-22,1.0,False,,0.0,0.0,0.0,0.0,Mael Brantuarez,False
3488_02,Europa,False,D/110/P,TRAPPIST-1e,52.0,False,6.0,2333.0,11.0,1149.0,1.0,Naosura Hoorbaring,False
3700_01,Earth,False,F/767/P,TRAPPIST-1e,23.0,False,58.0,396.0,15.0,,180.0,Coreee Midtt,False
2926_01,Mars,False,,TRAPPIST-1e,43.0,False,828.0,25.0,545.0,107.0,0.0,Kad Homin,False
1025_01,Earth,False,F/210/P,TRAPPIST-1e,20.0,False,759.0,0.0,106.0,202.0,0.0,Chrisa Harverez,False
4447_01,Earth,True,,TRAPPIST-1e,54.0,False,0.0,0.0,0.0,0.0,0.0,Lyny Briggins,True
5374_01,Earth,False,F/1029/S,,29.0,False,0.0,61.0,942.0,2.0,0.0,Candyn Loverthyo,True
6490_01,Europa,True,C/201/P,55 Cancri e,57.0,False,0.0,0.0,0.0,0.0,0.0,Errairk Ineded,True
4422_01,Europa,True,B/172/S,TRAPPIST-1e,13.0,False,0.0,0.0,0.0,0.0,0.0,Glueba Dinsprody,True
5282_01,Earth,False,E/337/S,TRAPPIST-1e,35.0,False,35.0,0.0,14.0,0.0,816.0,Florey Torrez,True
8720_01,Earth,False,F/1690/S,55 Cancri e,23.0,False,0.0,247.0,1063.0,36.0,0.0,Enrie Bartines,True
8272_01,Mars,False,F/1587/S,TRAPPIST-1e,0.0,False,0.0,0.0,0.0,0.0,0.0,Pigars Fache,True
1800_01,Earth,False,G/283/S,55 Cancri e,12.0,False,0.0,0.0,0.0,0.0,0.0,Jarena Goffey,True
2107_01,Earth,False,G/338/P,TRAPPIST-1e,33.0,False,235.0,2.0,1.0,650.0,0.0,Sylvin Haynardy,False
7045_01,Mars,False,D/222/P,55 Cancri e,19.0,False,1043.0,0.0,138.0,0.0,0.0,Range Bara,False
4371_05,Europa,False,C/158/S,55 Cancri e,34.0,False,,7221.0,0.0,288.0,2275.0,Spurim Tionstious,True
1316_01,Europa,True,E/95/S,TRAPPIST-1e,28.0,False,0.0,0.0,0.0,0.0,0.0,Sadrus Quelfly,True
3556_01,Earth,True,G/572/S,TRAPPIST-1e,18.0,False,0.0,0.0,0.0,0.0,0.0,Natha Clinantones,True
7746_01,Europa,True,,55 Cancri e,,False,0.0,0.0,0.0,0.0,0.0,Antinon Patoetic,True
2074_02,Europa,False,D/69/S,TRAPPIST-1e,23.0,False,9.0,4081.0,0.0,0.0,16.0,Mergas Alaring,True
7577_01,Earth,False,E/502/S,PSO J318.5-22,14.0,False,80.0,130.0,0.0,1323.0,0.0,Gera Beston,False
1149_05,Earth,False,G/178/S,55 Cancri e,10.0,False,0.0,0.0,0.0,0.0,0.0,Karie Quinnerettt,False
2858_03,Europa,True,C/109/S,TRAPPIST-1e,40.0,False,0.0,,0.0,0.0,0.0,Dilath Fictful,True
8910_01,Earth,False,E/585/S,TRAPPIST-1e,33.0,False,0.0,3.0,0.0,782.0,7.0,Therta Crayeson,False
6513_01,Mars,False,F/1244/S,TRAPPIST-1e,20.0,False,57.0,0.0,1185.0,0.0,0.0,Cuses Pread,False
7515_01,Mars,True,F/1437/S,TRAPPIST-1e,24.0,False,0.0,0.0,0.0,0.0,,Monam Gre,False
8986_01,Earth,False,E/590/S,TRAPPIST-1e,19.0,False,0.0,810.0,21.0,788.0,,Neilda Kirklander,False
0092_01,Earth,False,G/9/P,TRAPPIST-1e,19.0,False,0.0,0.0,670.0,1.0,34.0,Gracy Dunnisey,False
6039_01,Earth,,G/983/S,TRAPPIST-1e,2.0,False,0.0,0.0,0.0,0.0,0.0,,True
1848_01,Earth,False,G/291/S,TRAPPIST-1e,,False,181.0,0.0,2.0,0.0,663.0,Hellia Gilleranks,False
6033_01,Mars,False,E/384/P,TRAPPIST-1e,32.0,False,158.0,0.0,139.0,752.0,0.0,Stote Bancy,False
7640_01,Earth,True,G/1226/P,TRAPPIST-1e,23.0,False,0.0,0.0,0.0,0.0,0.0,Britta Mejiarkerox,True
1019_01,Earth,False,F/191/S,,36.0,False,1.0,1410.0,0.0,1.0,0.0,Melia Wilderssen,True
3771_01,Europa,False,B/120/P,TRAPPIST-1e,28.0,False,80.0,828.0,0.0,4494.0,4269.0,Mesarid Pinoffent,False
6816_06,Earth,True,G/1108/P,TRAPPIST-1e,9.0,False,0.0,0.0,0.0,0.0,0.0,Evey Ewiseston,True
0956_01,Earth,False,E/70/S,TRAPPIST-1e,28.0,False,0.0,631.0,0.0,5.0,0.0,Jimen Bartez,True
2822_05,,True,G/450/S,TRAPPIST-1e,8.0,False,0.0,0.0,0.0,0.0,0.0,Melvia Harverez,False
4662_02,Europa,True,C/148/P,,53.0,False,0.0,0.0,0.0,0.0,0.0,Batares Uningably,True
6394_04,Earth,False,G/1037/S,55 Cancri e,23.0,False,0.0,0.0,478.0,4560.0,0.0,Samany Alberts,False
3142_01,Mars,False,F/591/S,TRAPPIST-1e,43.0,False,33.0,1117.0,59.0,0.0,16.0,Backse Cla,False
5816_01,Earth,False,G/937/P,TRAPPIST-1e,31.0,False,1.0,0.0,7.0,0.0,387.0,Armene Vines,True
4376_01,Earth,False,E/284/S,PSO J318.5-22,43.0,False,0.0,168.0,3.0,0.0,452.0,Karley Brownson,True
2732_01,Earth,True,G/435/S,55 Cancri e,16.0,,0.0,0.0,0.0,0.0,0.0,Molley Hurles,True
5601_02,Earth,False,G/904/S,TRAPPIST-1e,6.0,False,0.0,0.0,0.0,0.0,0.0,Fery Vandan,True
7782_02,Europa,False,C/291/S,TRAPPIST-1e,28.0,False,0.0,180.0,0.0,778.0,4973.0,Azhasim Pickleve,False
0433_01,Europa,,B/20/P,55 Cancri e,27.0,False,0.0,0.0,0.0,0.0,0.0,Hekark Mormonized,True
2547_01,Europa,False,,55 Cancri e,37.0,False,0.0,100.0,0.0,1402.0,1462.0,Alatrix Sometery,False
6591_01,Earth,False,F/1261/S,TRAPPIST-1e,47.0,False,285.0,600.0,3.0,0.0,640.0,Willy Mcfarleys,False
8314_01,Europa,False,D/245/S,TRAPPIST-1e,30.0,False,0.0,640.0,0.0,31.0,6201.0,Altairk Folumorly,False
8624_02,Earth,True,G/1390/S,TRAPPIST-1e,6.0,,0.0,0.0,0.0,0.0,0.0,Eristy Kramorry,False
4211_01,Europa,True,C/134/P,TRAPPIST-1e,26.0,False,0.0,0.0,0.0,0.0,0.0,Sulabik Covale,True
8481_01,Europa,True,B/332/S,TRAPPIST-1e,60.0,False,0.0,0.0,0.0,0.0,0.0,Mesarid Braned,True
3537_01,Earth,False,F/733/P,55 Cancri e,29.0,False,0.0,10.0,0.0,0.0,715.0,Adriet Drakeekss,False
4400_01,Mars,False,E/285/S,TRAPPIST-1e,32.0,False,689.0,0.0,610.0,0.0,0.0,Gibers Sepie,False
1379_01,Earth,False,F/268/S,TRAPPIST-1e,16.0,False,0.0,30.0,0.0,769.0,4.0,Lillen Mcgowaymond,False
4060_01,Earth,False,F/838/P,TRAPPIST-1e,54.0,False,880.0,2.0,531.0,2.0,0.0,Lerome Barrelliver,False
7121_01,Europa,True,B/269/S,55 Cancri e,23.0,False,0.0,0.0,0.0,0.0,0.0,Alkurak Dressink,True
6889_01,Earth,False,F/1317/S,,40.0,False,862.0,0.0,0.0,0.0,59.0,Sallie Santuez,False
4539_02,Earth,True,G/740/S,TRAPPIST-1e,15.0,False,0.0,0.0,0.0,0.0,0.0,Arla Carterson,True
8964_03,Mars,True,F/1734/S,TRAPPIST-1e,18.0,False,0.0,0.0,0.0,0.0,0.0,Hamus Grean,True
2116_01,Earth,True,G/339/S,TRAPPIST-1e,35.0,False,0.0,0.0,0.0,0.0,0.0,Dellie Waderoachez,False
4797_01,Earth,True,G/783/S,PSO J318.5-22,16.0,False,0.0,0.0,0.0,0.0,0.0,Aude Hendrewsons,True
4459_01,Earth,True,G/733/P,PSO J318.5-22,16.0,False,0.0,0.0,0.0,0.0,,Arlen Jacostarks,True
3430_01,Earth,False,G/551/S,TRAPPIST-1e,74.0,False,0.0,193.0,581.0,0.0,0.0,Lewise Bullisey,True
8406_01,Mars,False,D/250/S,TRAPPIST-1e,21.0,False,1214.0,179.0,566.0,,619.0,Beal Merte,False
5965_01,Earth,False,G/964/P,TRAPPIST-1e,22.0,False,0.0,40.0,689.0,0.0,79.0,Ricke Beckerson,True
2969_01,Earth,False,G/486/P,,37.0,False,221.0,0.0,32.0,38.0,516.0,Russey Miley,False
1006_02,Earth,True,E/74/S,TRAPPIST-1e,5.0,False,0.0,0.0,0.0,0.0,0.0,Stany Summington,True
6064_01,Europa,False,C/186/P,55 Cancri e,68.0,False,125.0,13437.0,0.0,22408.0,17.0,Markar Radisiouss,False
7322_01,Earth,False,F/1408/S,TRAPPIST-1e,63.0,,0.0,0.0,424.0,0.0,2027.0,Tera Gardsondez,False
6455_01,Europa,False,D/203/P,TRAPPIST-1e,26.0,False,0.0,3818.0,0.0,1877.0,136.0,Alrak Unative,False
1928_01,Earth,False,E/144/S,PSO J318.5-22,21.0,False,0.0,0.0,107.0,166.0,388.0,Leence Anthon,True
0097_01,Europa,False,A/2/S,TRAPPIST-1e,54.0,False,0.0,1208.0,0.0,3.0,637.0,Alchium Fictful,False
0287_01,Europa,True,,55 Cancri e,39.0,False,0.0,0.0,0.0,0.0,0.0,Tetra Bootty,True
6595_01,Earth,False,G/1074/S,TRAPPIST-1e,35.0,False,102.0,780.0,6.0,0.0,0.0,Tyle Simstravery,True
3767_01,Europa,False,B/146/S,55 Cancri e,44.0,False,0.0,280.0,112.0,0.0,9244.0,Sadaton Alenat,False
8153_01,Earth,True,G/1320/P,TRAPPIST-1e,15.0,False,0.0,0.0,0.0,0.0,0.0,Monah Hickett,False
8831_01,Mars,True,F/1713/S,TRAPPIST-1e,13.0,False,0.0,0.0,0.0,0.0,0.0,Yaphex Beake,True
4203_01,Mars,False,D/143/P,TRAPPIST-1e,40.0,False,0.0,0.0,1.0,293.0,667.0,Cors Flé,False
5208_01,Europa,True,C/163/P,55 Cancri e,26.0,False,0.0,0.0,0.0,0.0,0.0,Sadalm Unressind,True
6918_01,Earth,True,G/1126/S,PSO J318.5-22,29.0,False,0.0,0.0,0.0,0.0,0.0,Neilda Barris,True
9081_05,Earth,False,F/1858/P,TRAPPIST-1e,48.0,False,0.0,586.0,784.0,4.0,21.0,Haryn Clemondsey,True
4845_01,Europa,True,E/302/P,55 Cancri e,36.0,False,0.0,0.0,0.0,0.0,0.0,Furudra Whealeed,True
5039_02,Mars,True,F/958/S,TRAPPIST-1e,12.0,False,0.0,0.0,0.0,0.0,0.0,Hule Bate,True
5930_02,Europa,False,B/227/S,TRAPPIST-1e,28.0,False,0.0,1014.0,0.0,2463.0,517.0,Yildus Geakerat,False
7481_01,Earth,False,G/1215/S,TRAPPIST-1e,46.0,False,0.0,0.0,1.0,0.0,1778.0,Darlie Chanash,False
8796_04,Earth,True,G/1418/S,TRAPPIST-1e,4.0,False,0.0,0.0,0.0,0.0,0.0,Gailia Jorden,False
7353_01,Europa,False,C/269/S,TRAPPIST-1e,60.0,False,0.0,3435.0,0.0,5458.0,10.0,Gorabba Openduave,False
3210_02,Europa,False,E/211/S,55 Cancri e,20.0,False,11.0,596.0,0.0,3583.0,266.0,Aldun Clugeadry,False
3126_01,Europa,False,B/116/S,55 Cancri e,31.0,False,139.0,4018.0,13.0,232.0,1140.0,Zedares Foraud,True
6921_01,Europa,False,C/255/S,TRAPPIST-1e,22.0,False,0.0,1914.0,2090.0,100.0,0.0,Sadrix Stersetery,True
8903_01,Earth,False,G/1437/S,TRAPPIST-1e,18.0,False,0.0,0.0,0.0,0.0,810.0,Darrie Herreras,False
2188_01,Earth,False,F/438/P,55 Cancri e,24.0,False,0.0,421.0,0.0,207.0,63.0,Ollip Hopez,False
3247_01,Earth,False,E/202/P,TRAPPIST-1e,25.0,False,764.0,16.0,0.0,8.0,0.0,Harvin Malliamsey,False
8656_02,Europa,False,A/103/S,55 Cancri e,38.0,True,0.0,1298.0,0.0,1841.0,1547.0,Almino Rotter,False
0269_01,Earth,False,F/52/S,55 Cancri e,47.0,False,0.0,231.0,592.0,0.0,0.0,Lerome Polliamposs,True
8157_04,Earth,True,G/1313/S,TRAPPIST-1e,10.0,False,0.0,0.0,0.0,0.0,0.0,Wine Morelly,True
3903_02,Earth,True,G/636/P,TRAPPIST-1e,1.0,False,0.0,0.0,0.0,0.0,0.0,Anton Booness,False
5355_02,Earth,True,G/865/P,TRAPPIST-1e,21.0,False,0.0,0.0,,0.0,0.0,Verly Deckley,True
1102_01,Mars,,F/227/P,PSO J318.5-22,39.0,False,173.0,0.0,660.0,1.0,781.0,Boats Dan,False
1412_01,Earth,False,G/217/S,55 Cancri e,15.0,False,0.0,0.0,,0.0,832.0,Andona Winsley,False
2953_01,,False,E/179/P,55 Cancri e,25.0,False,0.0,641.0,0.0,2.0,0.0,Eilan Solivers,True
6266_01,Earth,False,F/1296/P,TRAPPIST-1e,24.0,False,0.0,2680.0,0.0,2.0,45.0,Ianne Saley,True
4009_01,Earth,False,,55 Cancri e,51.0,False,8.0,0.0,206.0,1247.0,14.0,Luisy Belley,True
6525_03,Earth,True,G/1061/S,TRAPPIST-1e,16.0,False,0.0,0.0,0.0,0.0,0.0,Raceky Cardners,True
3441_01,Earth,False,F/647/S,55 Cancri e,15.0,False,350.0,0.0,91.0,198.0,0.0,Ryany Blange,False
8696_01,Europa,True,C/326/S,PSO J318.5-22,35.0,False,0.0,0.0,0.0,0.0,0.0,Bahoton Alvesssidy,True
4469_02,Europa,False,B/146/P,55 Cancri e,43.0,False,0.0,39.0,327.0,4643.0,85.0,Coxan Windend,False
6397_01,Earth,False,F/1223/S,TRAPPIST-1e,19.0,False,114.0,3.0,622.0,0.0,0.0,Wena Irwines,False
4116_01,Earth,False,F/774/S,TRAPPIST-1e,21.0,False,40.0,0.0,736.0,0.0,0.0,Ryany Torrez,True
2046_01,Earth,True,G/328/P,55 Cancri e,30.0,False,0.0,0.0,0.0,0.0,0.0,Luison Beston,False
5236_01,Earth,False,E/326/P,TRAPPIST-1e,46.0,False,1.0,0.0,898.0,0.0,96.0,Juanna Lardsonald,True
2052_01,Mars,False,E/151/S,TRAPPIST-1e,31.0,False,162.0,1211.0,4.0,0.0,1.0,Jele Balle,True
7084_01,Earth,False,F/1355/S,55 Cancri e,26.0,False,0.0,158.0,0.0,0.0,912.0,Faithy Hunterton,False
6115_01,Mars,False,E/390/P,TRAPPIST-1e,50.0,False,513.0,0.0,0.0,764.0,21.0,Naish Anpie,False
2291_02,Earth,False,G/365/S,TRAPPIST-1e,36.0,False,3.0,0.0,435.0,8.0,277.0,Nancey Pittler,False
6146_01,Europa,False,B/207/P,TRAPPIST-1e,31.0,False,0.0,0.0,0.0,0.0,0.0,Scelava Groforacid,False
5025_01,Earth,False,F/1024/P,TRAPPIST-1e,33.0,False,1042.0,50.0,0.0,9.0,0.0,Ronard Arner,False
4726_01,Europa,False,C/187/S,TRAPPIST-1e,26.0,False,0.0,1910.0,0.0,1777.0,,Eltais Inghtal,True
7576_02,Europa,False,D/239/P,TRAPPIST-1e,39.0,False,2.0,530.0,0.0,,1360.0,Skyrmak Alenat,False
2225_01,Earth,True,G/356/P,PSO J318.5-22,25.0,False,0.0,0.0,0.0,0.0,0.0,Willey Puckley,False
5631_01,Earth,False,F/1166/P,TRAPPIST-1e,20.0,False,47.0,0.0,0.0,0.0,2711.0,Bel Boltond,False
2558_02,Mars,,F/525/P,TRAPPIST-1e,32.0,False,0.0,0.0,0.0,0.0,0.0,Sups Katte,True
5842_01,Europa,True,C/220/S,55 Cancri e,28.0,False,0.0,0.0,0.0,0.0,0.0,Hekark Maging,True
3174_01,Mars,False,D/101/P,,19.0,False,155.0,0.0,1632.0,3.0,0.0,Berios Homin,True
3215_01,,True,G/508/S,TRAPPIST-1e,14.0,False,0.0,0.0,0.0,0.0,0.0,Gretty Warrison,True
6000_01,Mars,False,,TRAPPIST-1e,19.0,False,781.0,0.0,295.0,613.0,0.0,Forms Bart,False
3838_01,Earth,False,E/227/P,TRAPPIST-1e,21.0,False,28.0,580.0,0.0,0.0,236.0,Billya Estiagosen,True
4373_01,Earth,False,F/822/S,PSO J318.5-22,36.0,False,735.0,0.0,2.0,0.0,0.0,Russey Mejiarkerox,False
0657_01,Earth,False,F/117/S,TRAPPIST-1e,28.0,False,0.0,863.0,0.0,17.0,0.0,,True
4306_01,Mars,False,F/805/S,55 Cancri e,22.0,False,1371.0,0.0,235.0,0.0,0.0,Ber Terry,True
8229_01,Earth,True,G/1336/P,TRAPPIST-1e,15.0,False,0.0,0.0,0.0,0.0,0.0,Armene Patthews,True
2857_01,Earth,False,F/545/S,PSO J318.5-22,29.0,False,631.0,,0.0,40.0,0.0,Hanry Larlowelley,False
7428_01,Europa,False,A/79/P,TRAPPIST-1e,28.0,False,0.0,132.0,4.0,1915.0,0.0,Iononus Fulazy,False
6749_01,Earth,False,G/1093/P,TRAPPIST-1e,21.0,False,0.0,13.0,813.0,0.0,0.0,Luzel Barrelliver,True
9081_07,Earth,True,G/1476/P,TRAPPIST-1e,27.0,False,0.0,0.0,0.0,0.0,0.0,Aliey Clemondsey,True
8556_01,Europa,False,B/280/P,TRAPPIST-1e,18.0,False,0.0,1878.0,0.0,18572.0,10028.0,Mirfar Optionful,False
1127_01,Europa,True,B/43/S,55 Cancri e,18.0,False,0.0,0.0,0.0,0.0,0.0,Weid Dishocatal,True
3044_01,Earth,False,F/636/P,TRAPPIST-1e,69.0,False,577.0,139.0,0.0,0.0,0.0,Joyces Fowlesterez,False
6692_01,Europa,True,B/256/S,55 Cancri e,26.0,False,0.0,0.0,0.0,0.0,0.0,Sino Syncepul,True
3624_01,,False,G/594/P,TRAPPIST-1e,29.0,False,0.0,0.0,0.0,0.0,0.0,Dawne Tranklinay,False
1211_03,Earth,True,G/186/S,TRAPPIST-1e,6.0,False,0.0,0.0,0.0,0.0,0.0,Bethy Pollarkeeks,True
6055_03,Europa,False,C/185/P,TRAPPIST-1e,20.0,False,1883.0,0.0,,8810.0,0.0,Terops Prefule,False
3474_01,Europa,True,B/110/P,TRAPPIST-1e,31.0,False,0.0,0.0,0.0,0.0,0.0,Weias Pasharne,True
0372_01,Earth,False,F/85/P,TRAPPIST-1e,24.0,False,0.0,5.0,0.0,2766.0,0.0,,False
2092_03,Mars,False,,TRAPPIST-1e,13.0,,6726.0,0.0,1605.0,1266.0,0.0,Cray Stpie,False
0017_02,Earth,False,F/6/P,55 Cancri e,14.0,False,412.0,0.0,1.0,0.0,679.0,Philda Brighttt,False
0011_01,Earth,False,F/2/P,TRAPPIST-1e,28.0,False,8.0,974.0,12.0,2.0,7.0,Elle Bertsontry,True
7883_01,Earth,True,G/1272/P,TRAPPIST-1e,38.0,False,0.0,0.0,0.0,0.0,0.0,Kenny Deckley,True
6027_01,Europa,False,B/232/S,TRAPPIST-1e,36.0,False,0.0,1828.0,9058.0,1.0,2.0,Graviph Coweboded,True
0119_02,Europa,True,A/0/P,TRAPPIST-1e,13.0,False,0.0,0.0,0.0,0.0,0.0,Kleeiak Coning,True
9196_03,Europa,False,C/339/S,TRAPPIST-1e,23.0,False,381.0,794.0,52.0,654.0,1317.0,Chellus Poustive,False
3775_02,Mars,True,F/712/S,TRAPPIST-1e,46.0,False,0.0,0.0,0.0,0.0,,Colax Killé,True
6670_01,Earth,False,F/1278/S,TRAPPIST-1e,37.0,False,864.0,35.0,0.0,0.0,0.0,Nancey Burchard,False
4927_03,Mars,False,F/937/S,TRAPPIST-1e,20.0,False,0.0,0.0,0.0,0.0,0.0,Naffsh Brele,True
7744_02,Europa,True,B/298/S,TRAPPIST-1e,39.0,False,0.0,0.0,0.0,0.0,0.0,Axinon Prearright,True
5814_02,Mars,True,D/176/S,55 Cancri e,21.0,False,0.0,0.0,0.0,0.0,0.0,Fal Bine,True
8366_01,Earth,False,G/1364/P,TRAPPIST-1e,2.0,False,0.0,0.0,0.0,0.0,0.0,Irmark Burnewman,False
6065_01,,False,E/398/S,TRAPPIST-1e,19.0,False,3.0,785.0,0.0,0.0,0.0,Sharie Rodricker,True
4581_01,Europa,False,B/181/S,TRAPPIST-1e,33.0,False,0.0,4592.0,0.0,209.0,954.0,Skatzn Entedraved,True
0599_04,Mars,True,F/124/P,TRAPPIST-1e,9.0,False,0.0,0.0,0.0,0.0,0.0,Honjay Crité,True
0036_01,Earth,False,F/8/S,55 Cancri e,15.0,,0.0,492.0,48.0,20.0,401.0,Marina Leodger,False
8646_03,Europa,True,C/325/S,TRAPPIST-1e,55.0,False,0.0,0.0,0.0,0.0,0.0,Atonon Vertfull,True
8867_02,Europa,True,B/286/P,55 Cancri e,38.0,False,0.0,0.0,0.0,0.0,0.0,Alrairk Ambleetive,True
8124_01,Earth,False,F/1681/P,TRAPPIST-1e,44.0,False,0.0,903.0,0.0,0.0,0.0,Ryany Paynard,False
6971_06,Europa,False,C/225/P,55 Cancri e,28.0,False,0.0,160.0,0.0,1538.0,1426.0,Terfak Distured,False
0113_01,Earth,False,F/23/P,TRAPPIST-1e,64.0,False,0.0,0.0,804.0,0.0,0.0,Idary Carvis,True
6289_01,Earth,False,G/1018/S,TRAPPIST-1e,21.0,False,0.0,0.0,28.0,508.0,272.0,Hene Horthy,True
5397_03,Mars,True,D/162/S,55 Cancri e,30.0,False,0.0,0.0,0.0,0.0,0.0,Sps Jamai,True
5125_01,Earth,False,F/982/S,55 Cancri e,29.0,False,0.0,0.0,22.0,738.0,0.0,Timmie Rocknight,False
3562_01,Mars,False,E/212/P,55 Cancri e,21.0,False,2581.0,354.0,1158.0,139.0,548.0,Cole Nad,False
0645_01,Earth,False,G/98/P,,20.0,False,1724.0,0.0,0.0,1.0,0.0,Troyra Grahangory,False
0476_02,Mars,True,F/103/P,TRAPPIST-1e,27.0,False,0.0,0.0,0.0,0.0,0.0,Book Chiff,True
8988_04,Earth,True,G/1448/S,TRAPPIST-1e,5.0,False,0.0,0.0,,0.0,0.0,Joanry Malliamsey,False
8208_01,Earth,True,G/1322/S,PSO J318.5-22,18.0,False,0.0,0.0,0.0,0.0,0.0,Andice Dickley,True
5416_01,Mars,False,F/1114/P,TRAPPIST-1e,0.0,False,0.0,,0.0,0.0,0.0,Wees Saf,True
4874_01,Mars,False,F/925/S,TRAPPIST-1e,32.0,False,654.0,0.0,655.0,0.0,0.0,Gech Cusa,True
7848_02,Mars,True,F/1501/S,TRAPPIST-1e,46.0,False,0.0,0.0,0.0,0.0,0.0,Beass Pine,True
8339_01,Europa,False,D/246/S,TRAPPIST-1e,39.0,False,0.0,261.0,,1831.0,1797.0,Markton Dratembid,False
0472_01,Earth,False,F/87/S,PSO J318.5-22,37.0,False,0.0,10.0,544.0,9.0,299.0,Stene Solinez,False
5095_01,Mars,True,F/1038/P,TRAPPIST-1e,61.0,False,0.0,0.0,0.0,0.0,0.0,Coate Snoff,True
0646_01,Europa,True,C/26/S,55 Cancri e,38.0,False,0.0,0.0,0.0,0.0,0.0,Errim Trattle,True
5856_02,Europa,True,B/199/P,TRAPPIST-1e,27.0,False,0.0,0.0,0.0,0.0,0.0,Alark Wincer,True
1377_01,Europa,False,C/52/P,TRAPPIST-1e,43.0,False,0.0,2801.0,537.0,42.0,144.0,Coxah Coniple,True
4533_01,Europa,True,B/149/P,TRAPPIST-1e,37.0,False,0.0,0.0,0.0,0.0,0.0,Sino Anindery,True
0425_03,Mars,True,F/96/P,TRAPPIST-1e,31.0,False,0.0,0.0,0.0,0.0,0.0,Ree Fiha,True
0820_02,Earth,False,G/122/S,TRAPPIST-1e,18.0,False,751.0,0.0,0.0,0.0,0.0,Sus Strongers,False
1500_02,Earth,False,G/230/S,TRAPPIST-1e,3.0,False,0.0,0.0,0.0,0.0,0.0,Gerly Cooperkins,False
4632_05,Europa,False,C/176/S,,36.0,False,0.0,551.0,0.0,5270.0,22.0,Ankabih Dightent,False
5133_05,Earth,False,F/1046/P,TRAPPIST-1e,26.0,False,0.0,910.0,13.0,10.0,15.0,Lynnon Pugherman,False
6181_01,Europa,False,C/191/P,TRAPPIST-1e,36.0,False,0.0,2624.0,1657.0,2799.0,1.0,Dyonif Muspereed,False
8874_01,Earth,True,G/1436/P,TRAPPIST-1e,24.0,,0.0,0.0,0.0,0.0,0.0,Cline Popelacruz,False
2219_01,Earth,True,,55 Cancri e,18.0,False,0.0,0.0,0.0,0.0,0.0,Milda Woodwin,True
0289_01,Europa,True,C/12/S,55 Cancri e,19.0,False,0.0,0.0,0.0,0.0,0.0,Furuson Objeciane,True
3461_01,Earth,False,G/569/P,PSO J318.5-22,26.0,False,86.0,377.0,0.0,0.0,77.0,Samana Handertiz,False
0179_03,Earth,False,G/26/P,TRAPPIST-1e,3.0,False,0.0,0.0,0.0,0.0,0.0,Sallyl Webstephrey,True
9018_01,Earth,False,G/1462/P,TRAPPIST-1e,23.0,False,0.0,554.0,0.0,299.0,0.0,Lilasa Beachez,False
5447_02,Mars,,F/1126/P,TRAPPIST-1e,36.0,False,0.0,0.0,0.0,0.0,0.0,Poselk Coune,True
0190_01,Earth,True,G/32/S,55 Cancri e,11.0,False,0.0,0.0,0.0,0.0,0.0,,False
1565_01,Earth,False,F/304/S,PSO J318.5-22,16.0,False,0.0,1519.0,0.0,0.0,766.0,Gordo Fitzgerson,False
3961_01,Mars,True,F/749/S,TRAPPIST-1e,41.0,False,0.0,0.0,0.0,0.0,0.0,Wheals Peake,True
4483_02,Mars,False,D/151/P,TRAPPIST-1e,63.0,False,3087.0,0.0,60.0,2.0,0.0,Fowoos Tepie,False
0392_01,Earth,False,E/24/P,TRAPPIST-1e,48.0,False,0.0,111.0,0.0,1508.0,0.0,Ward Carreralend,False
1068_01,Earth,True,G/167/S,PSO J318.5-22,38.0,False,0.0,0.0,0.0,0.0,0.0,Kayd Pughanders,False
4846_01,Earth,False,E/314/S,TRAPPIST-1e,38.0,False,161.0,3.0,0.0,624.0,0.0,Sonnie Canields,False
4875_01,Earth,False,F/926/S,TRAPPIST-1e,21.0,False,529.0,8.0,89.0,21.0,0.0,Willey Morrows,True
3734_01,Earth,True,G/606/P,PSO J318.5-22,15.0,False,0.0,0.0,0.0,0.0,0.0,Mollen Bairdford,True
4530_01,Earth,False,F/933/P,TRAPPIST-1e,20.0,False,9.0,0.0,157.0,525.0,0.0,Fanna Leonaldez,False
5223_02,Mars,True,F/1002/S,PSO J318.5-22,,False,0.0,0.0,0.0,0.0,0.0,Goles Ble,True
5322_01,Mars,True,F/1090/P,TRAPPIST-1e,22.0,False,0.0,0.0,0.0,,,Allift Parté,True
8082_02,Earth,False,F/1668/P,55 Cancri e,20.0,False,1842.0,0.0,0.0,0.0,0.0,Dell Cochrisons,True
0252_01,Earth,False,F/53/P,TRAPPIST-1e,30.0,False,335.0,695.0,541.0,0.0,0.0,Leenny Byerry,False
9137_01,Mars,False,F/1872/P,TRAPPIST-1e,35.0,False,3.0,1376.0,11.0,0.0,360.0,Sugard Curry,False
1685_03,Earth,True,G/272/P,TRAPPIST-1e,3.0,False,0.0,0.0,0.0,0.0,0.0,Camina Dillestron,True
6973_01,Earth,False,E/466/S,PSO J318.5-22,45.0,False,1.0,15.0,44.0,0.0,1541.0,Hary Owerson,False
6816_02,Earth,False,G/1108/P,TRAPPIST-1e,28.0,,944.0,0.0,0.0,0.0,75.0,Hilly Ewiseston,False
6833_01,Earth,False,E/452/S,,23.0,False,7.0,0.0,0.0,716.0,800.0,Sta Mccarveymon,True
7176_01,Europa,True,C/232/P,55 Cancri e,47.0,False,0.0,0.0,0.0,0.0,0.0,Caston Chhaft,True
9267_02,Europa,True,E/607/S,TRAPPIST-1e,20.0,False,0.0,0.0,0.0,0.0,0.0,Sabi Opshaft,True
2223_01,Earth,False,G/358/S,TRAPPIST-1e,,False,0.0,86.0,0.0,252.0,570.0,Glena Vanglis,False
8928_01,Europa,True,C/333/S,55 Cancri e,52.0,False,0.0,0.0,0.0,,0.0,Meisam Hoodjuded,True
3793_01,Earth,True,G/622/S,55 Cancri e,23.0,False,0.0,0.0,0.0,0.0,0.0,Troyra Moodsey,True
3004_01,Earth,True,G/473/S,TRAPPIST-1e,1.0,False,0.0,0.0,0.0,0.0,0.0,Card Clinantones,True
7442_02,Earth,True,,PSO J318.5-22,17.0,False,0.0,0.0,0.0,0.0,0.0,Franda Morrencis,False
6482_03,Mars,True,F/1237/S,TRAPPIST-1e,7.0,False,0.0,0.0,0.0,0.0,0.0,Nutch Letie,True
9251_01,Mars,True,F/1793/S,TRAPPIST-1e,25.0,False,0.0,0.0,0.0,0.0,0.0,Melios Kashe,True
0727_01,Earth,False,F/133/S,TRAPPIST-1e,23.0,False,139.0,0.0,1.0,152.0,354.0,Branda Potthews,True
1592_02,Europa,False,C/60/S,55 Cancri e,47.0,False,16.0,2127.0,1487.0,0.0,196.0,Arid Idivent,True
5538_01,Mars,True,F/1146/P,TRAPPIST-1e,47.0,False,0.0,0.0,0.0,0.0,0.0,Diedow Gele,True
6858_01,Europa,True,B/229/P,TRAPPIST-1e,26.0,False,0.0,0.0,0.0,0.0,0.0,Asteron Spandisket,True
2143_01,Earth,False,F/419/S,TRAPPIST-1e,21.0,False,0.0,1433.0,0.0,1234.0,0.0,Justie Miltongson,False
2088_02,Earth,False,G/331/S,TRAPPIST-1e,40.0,False,51.0,0.0,1.0,368.0,509.0,Len Weaves,True
6734_02,Europa,True,C/249/S,55 Cancri e,14.0,False,0.0,0.0,0.0,0.0,0.0,Shail Sparsaxle,True
2051_01,Earth,False,E/126/P,TRAPPIST-1e,20.0,False,2.0,0.0,694.0,0.0,22.0,,True
8058_01,Earth,False,F/1664/P,TRAPPIST-1e,29.0,False,12.0,2.0,0.0,432.0,1548.0,Ronard Hayertez,False
3384_02,Earth,False,E/207/P,TRAPPIST-1e,25.0,False,106.0,46.0,,0.0,843.0,Keithy Pettyreeman,False
1086_01,Earth,True,G/166/P,TRAPPIST-1e,0.0,False,0.0,0.0,0.0,0.0,0.0,Hellia Carpennels,True
4183_01,Earth,False,F/784/S,TRAPPIST-1e,36.0,False,1367.0,108.0,,0.0,77.0,Heald Bootez,False
0384_02,Earth,False,G/56/S,TRAPPIST-1e,14.0,False,3.0,0.0,881.0,25.0,0.0,Ellard Simpsonks,True
1705_01,Mars,False,E/126/S,TRAPPIST-1e,29.0,True,0.0,0.0,0.0,0.0,0.0,Barave Chake,False
7849_01,Earth,False,G/1271/S,TRAPPIST-1e,22.0,False,558.0,63.0,0.0,0.0,0.0,Tonnie Ewisentley,False
4891_01,Europa,True,B/194/S,TRAPPIST-1e,22.0,False,0.0,0.0,0.0,0.0,0.0,Cella Ambleetive,True
6514_02,Europa,False,B/251/S,TRAPPIST-1e,42.0,False,0.0,6244.0,0.0,10912.0,4.0,Gravior Stersetery,False
6913_02,Mars,False,E/461/S,,18.0,False,1988.0,0.0,95.0,0.0,0.0,Cakers Hacle,False
1355_01,Earth,True,G/203/P,PSO J318.5-22,22.0,False,0.0,0.0,0.0,0.0,0.0,Timmie Paynard,True
0867_01,Earth,False,F/163/S,TRAPPIST-1e,,False,2.0,850.0,18.0,2.0,0.0,Ernice Stephendsey,False
8516_01,Earth,False,F/1750/P,TRAPPIST-1e,20.0,False,,0.0,0.0,327.0,0.0,Denis Hopez,True
9046_01,Europa,True,C/335/S,55 Cancri e,25.0,False,0.0,0.0,0.0,0.0,0.0,Alphah Cratrave,True
4233_01,Europa,False,B/135/P,TRAPPIST-1e,27.0,False,0.0,144.0,76.0,184.0,3932.0,Tark Parbage,False
9046_02,Europa,False,C/335/S,TRAPPIST-1e,25.0,False,6899.0,265.0,0.0,2234.0,2090.0,Quarke Cratrave,False
8728_08,Earth,False,G/1416/P,TRAPPIST-1e,62.0,False,0.0,592.0,164.0,0.0,0.0,Franda Fulloydez,True
2338_01,Earth,True,G/376/P,55 Cancri e,27.0,False,0.0,0.0,0.0,0.0,0.0,Elenay Moodman,True
8202_02,Europa,False,C/306/S,TRAPPIST-1e,0.0,False,0.0,0.0,0.0,0.0,0.0,Brak Unkcatted,True
8798_01,Earth,False,F/1706/S,TRAPPIST-1e,27.0,False,1771.0,0.0,242.0,0.0,37.0,Guyl Mcculley,False
8826_03,Europa,False,C/290/P,TRAPPIST-1e,46.0,False,1384.0,229.0,0.0,1572.0,1.0,Aston Hednigic,False
7972_02,Europa,False,B/260/P,TRAPPIST-1e,35.0,False,,246.0,25.0,42.0,3730.0,Atinon Cattyried,False
3959_03,Earth,True,G/646/P,55 Cancri e,0.0,False,0.0,0.0,0.0,0.0,0.0,Maya Sullones,True
8036_01,Earth,False,F/1537/S,TRAPPIST-1e,51.0,False,172.0,350.0,0.0,16.0,1005.0,Therie Maldon,False
7234_01,Earth,False,G/1163/P,TRAPPIST-1e,22.0,False,593.0,34.0,0.0,0.0,0.0,Annard Merce,False
3602_01,Mars,,F/678/S,TRAPPIST-1e,11.0,False,0.0,0.0,0.0,0.0,0.0,Dakes Vicke,True
8612_01,,False,G/1399/P,TRAPPIST-1e,31.0,False,4.0,9.0,870.0,0.0,0.0,Carlen Welles,False
6141_01,Earth,False,F/1174/S,PSO J318.5-22,17.0,False,0.0,20.0,0.0,14.0,884.0,Natald Haydenzier,False
3940_01,Mars,False,D/132/P,TRAPPIST-1e,60.0,True,2739.0,0.0,0.0,0.0,0.0,Trisp Apie,False
1424_02,Europa,False,B/47/P,55 Cancri e,29.0,False,2988.0,2147.0,0.0,0.0,1779.0,Goros Sageng,False
6915_01,Mars,True,F/1325/S,TRAPPIST-1e,29.0,False,0.0,0.0,0.0,0.0,0.0,Chrets Conca,True
0277_01,Earth,False,F/61/P,55 Cancri e,50.0,False,44.0,2390.0,0.0,53.0,0.0,Byront Mcdanield,True
6892_01,Earth,,F/1318/S,TRAPPIST-1e,28.0,False,0.0,669.0,0.0,1.0,2.0,Cellex Merkins,True
2760_02,Earth,True,G/438/S,TRAPPIST-1e,2.0,False,0.0,0.0,0.0,0.0,0.0,,False
3658_01,Earth,True,G/593/S,TRAPPIST-1e,4.0,False,0.0,0.0,0.0,0.0,0.0,Kelle Daughttley,True
4667_01,Earth,True,,TRAPPIST-1e,41.0,False,0.0,0.0,0.0,0.0,0.0,Dian Sextones,True
1994_01,Earth,False,E/125/P,TRAPPIST-1e,17.0,False,0.0,0.0,249.0,537.0,5.0,Cary Pagedy,True
7366_01,Earth,False,G/1184/P,TRAPPIST-1e,24.0,False,821.0,0.0,0.0,68.0,0.0,Garion Ayalazquez,False
0221_06,Mars,False,E/13/S,TRAPPIST-1e,16.0,False,915.0,0.0,221.0,234.0,0.0,Gran Reke,False
7899_02,Earth,False,G/1275/S,TRAPPIST-1e,40.0,False,0.0,0.0,14.0,785.0,10.0,Randa Hinesh,False
2901_01,Earth,False,F/601/P,TRAPPIST-1e,16.0,False,0.0,20.0,0.0,300.0,681.0,Jeanna Vandez,False
4726_04,Europa,True,C/187/S,TRAPPIST-1e,28.0,False,0.0,0.0,0.0,0.0,0.0,Hekabih Praugnox,True
0201_02,Europa,True,B/3/S,TRAPPIST-1e,47.0,False,0.0,0.0,0.0,0.0,0.0,Edaruma Bacistion,True
1622_01,Mars,True,F/323/P,TRAPPIST-1e,35.0,False,0.0,0.0,0.0,0.0,0.0,Jayrin Sau,True
4485_02,Mars,False,F/922/P,TRAPPIST-1e,35.0,False,1219.0,0.0,1742.0,740.0,0.0,Mos Tirte,False
5684_02,Europa,True,B/218/S,55 Cancri e,48.0,False,0.0,0.0,0.0,0.0,0.0,Azhah Busive,True
4694_01,Earth,False,F/881/S,55 Cancri e,27.0,False,0.0,630.0,0.0,71.0,0.0,Stald Freder,True
4695_02,Mars,False,F/882/S,TRAPPIST-1e,21.0,False,3148.0,0.0,1.0,0.0,0.0,Wifts Snoff,False
0868_01,Earth,True,G/130/S,TRAPPIST-1e,37.0,False,0.0,0.0,0.0,0.0,0.0,Ianya Peckers,True
4043_01,Earth,False,E/248/P,TRAPPIST-1e,,False,0.0,0.0,0.0,32.0,1577.0,Marvey Mirandry,False
3728_01,Earth,True,G/612/S,PSO J318.5-22,16.0,False,0.0,0.0,0.0,0.0,0.0,Dianya Roachoanand,True
4596_01,,True,G/751/S,TRAPPIST-1e,28.0,False,0.0,0.0,0.0,0.0,0.0,Ale Booneid,True
1568_02,Earth,True,G/248/P,PSO J318.5-22,18.0,False,0.0,0.0,,0.0,0.0,Samany Burchrison,True
6925_01,Earth,False,G/1120/P,TRAPPIST-1e,26.0,False,0.0,0.0,677.0,1.0,108.0,Juanie Hayerson,False
7370_01,Earth,False,F/1525/P,TRAPPIST-1e,21.0,False,0.0,70.0,2.0,0.0,486.0,Frandy Cartiz,False
1558_01,Earth,False,G/247/P,TRAPPIST-1e,62.0,False,877.0,15.0,0.0,0.0,1.0,Benja Mcdowns,False
7671_01,Earth,False,F/1466/S,TRAPPIST-1e,29.0,False,0.0,7.0,31.0,700.0,0.0,Daley Patthews,False
3736_01,Europa,False,B/145/S,TRAPPIST-1e,61.0,False,328.0,5193.0,0.0,20.0,533.0,Genif Amincrerus,True
7219_03,Europa,True,C/235/P,TRAPPIST-1e,64.0,False,0.0,0.0,0.0,0.0,0.0,Dirk Arible,True
0412_01,Europa,False,C/11/P,TRAPPIST-1e,60.0,False,0.0,7255.0,5952.0,1537.0,0.0,Baton Quelfly,True
1403_01,Earth,False,E/86/P,TRAPPIST-1e,18.0,False,1656.0,0.0,0.0,,0.0,Bobbyn Coopelandez,False
1287_01,Mars,True,F/259/P,TRAPPIST-1e,1.0,False,0.0,0.0,0.0,0.0,0.0,Wilves Pimne,True
0020_02,Earth,True,E/0/S,55 Cancri e,49.0,False,0.0,0.0,0.0,0.0,0.0,Glendy Brantuarez,False
7085_01,Mars,False,F/1466/P,TRAPPIST-1e,62.0,False,453.0,1.0,1911.0,0.0,0.0,Stech Pread,False
0756_01,Europa,True,B/27/S,55 Cancri e,54.0,False,0.0,0.0,0.0,0.0,0.0,Ashelik Ainserfle,True
8956_06,Earth,False,F/1838/P,PSO J318.5-22,22.0,False,0.0,29.0,165.0,404.0,0.0,Valex Bonnondry,False
0082_02,Mars,True,F/16/P,TRAPPIST-1e,2.0,False,0.0,0.0,0.0,0.0,0.0,Eaturs Datte,True
3203_01,Earth,True,G/506/S,TRAPPIST-1e,24.0,False,0.0,0.0,0.0,0.0,0.0,Karley Hopez,False
2200_01,Mars,False,F/442/P,TRAPPIST-1e,29.0,False,1443.0,1108.0,47.0,0.0,0.0,Grawk Prité,False
1221_01,Earth,False,G/188/S,TRAPPIST-1e,4.0,False,0.0,0.0,0.0,0.0,0.0,Wine Alfordonard,False
5330_01,Earth,False,F/1094/P,TRAPPIST-1e,20.0,False,0.0,0.0,708.0,101.0,0.0,Race Oconley,True
4663_05,Earth,True,G/765/S,TRAPPIST-1e,33.0,False,0.0,0.0,0.0,0.0,0.0,Eilace Cartez,True
1454_01,Europa,False,D/54/S,TRAPPIST-1e,37.0,False,0.0,13561.0,15.0,4060.0,72.0,Canonon Righturter,False
4587_01,Europa,False,A/42/P,TRAPPIST-1e,,False,0.0,4020.0,0.0,1635.0,4899.0,Asellux Assibler,False
0772_02,Europa,True,E/56/S,55 Cancri e,15.0,False,0.0,0.0,0.0,0.0,0.0,Halleth Plegred,True
9041_01,Earth,True,G/1470/P,PSO J318.5-22,30.0,False,0.0,0.0,0.0,,0.0,Milda Lambucketty,True
7809_01,Mars,True,F/1493/S,TRAPPIST-1e,26.0,False,0.0,0.0,,0.0,0.0,Guts Sty,True
5384_02,Europa,False,A/65/S,TRAPPIST-1e,26.0,False,0.0,4894.0,0.0,62.0,85.0,Sulatik Dinger,True
1428_01,Earth,False,E/109/S,TRAPPIST-1e,44.0,False,0.0,200.0,128.0,460.0,0.0,Artis Hanghanson,False
1100_02,Mars,False,F/226/P,TRAPPIST-1e,5.0,False,,0.0,0.0,0.0,0.0,Jel Cuche,True
6718_03,Earth,True,G/1088/P,TRAPPIST-1e,,False,0.0,0.0,0.0,0.0,0.0,Garlie Mcfaddoxter,True
8303_01,Mars,False,F/1595/S,55 Cancri e,23.0,False,218.0,0.0,2267.0,497.0,0.0,Lios Stead,False
8998_02,Earth,False,E/591/S,TRAPPIST-1e,47.0,False,,1.0,0.0,967.0,5.0,Jonaye Englence,False
2111_01,Mars,False,F/417/P,TRAPPIST-1e,24.0,False,600.0,593.0,1404.0,0.0,1.0,Beals Blan,False
8996_01,Europa,False,D/285/P,TRAPPIST-1e,39.0,False,2101.0,41.0,0.0,525.0,19.0,Dabireo Nalanet,False
0056_02,Europa,True,A/1/S,TRAPPIST-1e,38.0,False,0.0,0.0,0.0,0.0,0.0,Instab Tractive,True
4553_01,Europa,False,C/143/P,PSO J318.5-22,55.0,True,0.0,102.0,0.0,278.0,5353.0,Auvam Watuald,False
7890_03,Earth,True,,TRAPPIST-1e,16.0,False,0.0,0.0,0.0,0.0,0.0,Sonnie Scottney,True
1596_01,Europa,True,B/54/P,TRAPPIST-1e,23.0,False,0.0,0.0,0.0,0.0,0.0,Izarfik Replipent,True
5860_03,Mars,False,F/1118/S,TRAPPIST-1e,0.0,False,0.0,0.0,0.0,0.0,0.0,Chex Raste,True
7029_02,Earth,True,F/1458/P,PSO J318.5-22,49.0,False,0.0,0.0,0.0,0.0,0.0,Tine Cardsay,False
8588_01,Mars,True,E/562/S,TRAPPIST-1e,59.0,False,0.0,0.0,0.0,0.0,0.0,Gramus Wist,True
7834_01,Earth,False,G/1269/S,TRAPPIST-1e,24.0,False,482.0,967.0,349.0,19.0,0.0,Monah Cardner,False
5829_01,Earth,False,F/1113/S,TRAPPIST-1e,23.0,False,0.0,21.0,0.0,0.0,716.0,Jona Sancasey,False
8403_01,Europa,True,C/316/S,55 Cancri e,35.0,False,0.0,0.0,0.0,0.0,0.0,Antitak Goortedant,True
8472_01,Earth,True,G/1380/P,TRAPPIST-1e,56.0,False,0.0,0.0,0.0,0.0,0.0,Rankie Douglasen,False
4336_03,Europa,False,,TRAPPIST-1e,36.0,False,0.0,563.0,0.0,1301.0,830.0,Ziba Gloother,True
7074_02,Earth,False,F/1352/S,TRAPPIST-1e,24.0,False,0.0,,3.0,797.0,5.0,Tyrony Denashipson,False
7952_01,Mars,False,F/1523/S,,62.0,False,100.0,0.0,38.0,1211.0,0.0,Yots Sueke,False
8360_02,Europa,True,B/326/S,TRAPPIST-1e,31.0,False,0.0,,0.0,0.0,0.0,Hekab Valousead,True
1289_02,Earth,False,G/195/S,TRAPPIST-1e,18.0,False,789.0,0.0,2.0,0.0,19.0,Chelsa Fultz,False
0677_01,Earth,True,G/102/S,TRAPPIST-1e,15.0,False,0.0,0.0,0.0,0.0,0.0,Lorian Josey,False
4754_01,Earth,False,E/307/S,55 Cancri e,30.0,False,25.0,245.0,198.0,2.0,321.0,Lorian Milton,False
9069_03,Europa,True,,55 Cancri e,25.0,False,0.0,0.0,0.0,0.0,0.0,Bath Brakeng,True
5161_01,Mars,True,D/156/S,55 Cancri e,41.0,False,0.0,0.0,0.0,0.0,0.0,Goos Cheen,True
5227_01,Earth,True,G/849/S,TRAPPIST-1e,13.0,False,0.0,0.0,0.0,0.0,0.0,Darlie Morrencis,True
7255_01,Earth,False,G/1166/P,TRAPPIST-1e,10.0,False,0.0,0.0,0.0,0.0,0.0,Verney Paynard,False
7565_01,Europa,False,B/247/P,TRAPPIST-1e,37.0,False,2.0,7272.0,0.0,50.0,1282.0,Zaurion Praded,True
3474_03,Europa,True,B/110/P,55 Cancri e,59.0,False,0.0,0.0,0.0,0.0,0.0,Syrmino Pasharne,True
7935_01,Earth,False,F/1520/S,TRAPPIST-1e,41.0,False,84.0,0.0,6.0,811.0,2.0,Ward Rodger,True
0944_02,Earth,False,G/137/P,55 Cancri e,8.0,False,0.0,0.0,0.0,0.0,0.0,Terrie Weaverays,False
8670_01,Earth,True,G/1398/S,PSO J318.5-22,16.0,False,0.0,0.0,0.0,0.0,0.0,Evenna Williotters,True
1712_01,Mars,,F/339/P,TRAPPIST-1e,17.0,False,139.0,0.0,959.0,21.0,0.0,,False
0684_02,Mars,False,F/145/P,TRAPPIST-1e,0.0,False,0.0,0.0,0.0,0.0,0.0,Trohs Conie,True
3520_01,,False,G/578/P,TRAPPIST-1e,26.0,False,0.0,597.0,0.0,0.0,212.0,Lesley Wartyson,False
1621_01,Earth,False,F/308/S,55 Cancri e,25.0,False,553.0,0.0,1.0,239.0,8.0,Jeane Dukertyler,True
4108_01,Europa,True,B/158/S,55 Cancri e,48.0,False,0.0,0.0,0.0,0.0,0.0,Tarino Aroodint,True
7872_04,Earth,False,G/1267/P,TRAPPIST-1e,6.0,False,0.0,0.0,0.0,0.0,0.0,Salley Wardendez,False
3952_01,Earth,False,F/746/S,TRAPPIST-1e,51.0,False,0.0,0.0,0.0,544.0,12.0,Earlie Rodricker,False
8574_01,Mars,True,F/1653/S,TRAPPIST-1e,40.0,False,0.0,0.0,0.0,0.0,0.0,Hork Welte,True
6858_03,Europa,False,B/229/P,55 Cancri e,39.0,False,0.0,60.0,0.0,310.0,4674.0,Zinopus Spandisket,False
6139_04,Europa,True,C/230/S,TRAPPIST-1e,22.0,False,0.0,0.0,0.0,0.0,0.0,Jabba Reedall,True
8475_01,Europa,False,B/331/S,55 Cancri e,49.0,False,0.0,2808.0,1083.0,110.0,1132.0,Sadares Aindlylid,False
8886_03,Earth,False,G/1433/S,PSO J318.5-22,1.0,False,0.0,0.0,0.0,0.0,0.0,Ale Mclarseney,True
1100_01,Mars,False,F/226/P,TRAPPIST-1e,18.0,False,490.0,355.0,298.0,245.0,0.0,Ros Cuche,False
5686_01,Mars,False,,55 Cancri e,44.0,False,2267.0,0.0,107.0,0.0,0.0,Lix Cry,False
3868_05,Earth,False,F/731/S,55 Cancri e,16.0,False,0.0,0.0,623.0,40.0,209.0,Darry Braymon,True
2677_01,Europa,False,D/90/S,TRAPPIST-1e,51.0,False,0.0,302.0,0.0,1367.0,669.0,Eleon Scerodbox,False
1378_01,Earth,False,G/212/P,TRAPPIST-1e,19.0,False,245.0,41.0,550.0,,0.0,Joyces Caineson,False
6211_01,Mars,False,D/193/P,TRAPPIST-1e,19.0,False,2006.0,0.0,,0.0,0.0,Mondax Botie,True
2462_01,Earth,True,G/397/S,PSO J318.5-22,15.0,,0.0,0.0,0.0,0.0,0.0,Yolana Flowensley,False
2831_01,Europa,False,D/86/P,TRAPPIST-1e,23.0,False,0.0,824.0,0.0,495.0,1479.0,Weznif Fandomatty,True
5008_01,Mars,True,F/952/S,TRAPPIST-1e,19.0,False,0.0,0.0,0.0,0.0,0.0,Apies Prity,True
1849_01,Earth,False,F/367/P,TRAPPIST-1e,25.0,False,113.0,0.0,0.0,1282.0,0.0,Antone Sellentry,False
1730_01,Earth,False,E/106/P,55 Cancri e,17.0,False,68.0,0.0,0.0,0.0,795.0,Elson Curton,True
2860_01,Earth,False,F/546/S,PSO J318.5-22,18.0,False,154.0,22.0,77.0,1053.0,0.0,Ianna Antoshipson,True
5115_02,Europa,True,C/199/S,55 Cancri e,28.0,False,0.0,0.0,0.0,0.0,0.0,Megrezn Whibid,True
4990_01,Europa,True,B/164/P,TRAPPIST-1e,35.0,False,0.0,0.0,0.0,0.0,0.0,Nasliak Listive,False
6926_01,,False,F/1435/P,TRAPPIST-1e,43.0,False,1944.0,17.0,657.0,0.0,0.0,Smals Birt,True
3412_01,Europa,False,B/107/P,TRAPPIST-1e,48.0,False,0.0,12.0,0.0,7967.0,15.0,Alraixa Ainserfle,False
0987_01,Earth,False,F/204/P,TRAPPIST-1e,16.0,False,3.0,0.0,35.0,150.0,478.0,Fayen Norrison,False
4871_01,Earth,False,F/990/P,PSO J318.5-22,13.0,False,0.0,611.0,0.0,0.0,0.0,Anniey Mccarry,False
7190_01,Earth,True,G/1171/S,55 Cancri e,14.0,False,0.0,0.0,0.0,,0.0,Lilace Rutler,True
3998_01,Europa,False,C/129/P,55 Cancri e,28.0,False,89.0,4826.0,0.0,2.0,1598.0,Batan Iniouser,True
7504_01,Earth,False,F/1552/P,TRAPPIST-1e,30.0,False,0.0,2.0,0.0,690.0,86.0,,False
2414_01,Europa,False,T/1/P,TRAPPIST-1e,42.0,False,0.0,1829.0,2.0,3133.0,2447.0,Mergak Headfair,False
6992_02,Earth,True,G/1131/P,TRAPPIST-1e,25.0,,0.0,0.0,0.0,0.0,0.0,Lavey Bakerrison,False
1445_01,Earth,False,G/221/S,PSO J318.5-22,8.0,False,0.0,0.0,0.0,0.0,0.0,Walles Wellenez,True
2019_02,Europa,,B/83/S,55 Cancri e,20.0,False,0.0,162.0,0.0,148.0,7619.0,Okulus Oppressive,False
2822_03,Earth,True,G/450/S,55 Cancri e,3.0,False,0.0,,0.0,0.0,0.0,Rayne Harverez,True
3171_01,Earth,True,G/502/S,55 Cancri e,22.0,False,0.0,0.0,0.0,0.0,0.0,Letty Wellenez,True
0260_01,Europa,False,E/16/S,TRAPPIST-1e,26.0,False,0.0,4810.0,0.0,981.0,2054.0,Segino Inderly,False
0699_01,Mars,True,F/126/S,,18.0,False,0.0,0.0,0.0,0.0,0.0,Roswal Sha,True
0545_01,Earth,False,F/111/P,TRAPPIST-1e,23.0,False,59.0,0.0,0.0,681.0,0.0,Kaye Sextones,False
6241_01,Earth,False,F/1198/S,,33.0,False,6.0,0.0,0.0,0.0,950.0,Claine Russelloyd,False
2909_01,Earth,True,G/473/P,55 Cancri e,7.0,False,0.0,0.0,0.0,0.0,0.0,Eddiey Polloantes,False
4732_03,Europa,False,C/151/P,TRAPPIST-1e,44.0,False,0.0,0.0,0.0,0.0,0.0,Okula Slavested,True
7670_01,Mars,True,F/1465/S,TRAPPIST-1e,21.0,False,0.0,0.0,0.0,0.0,0.0,Oats Meau,True
4254_01,Europa,False,B/136/P,55 Cancri e,33.0,False,5493.0,9401.0,23.0,3013.0,303.0,Alasmon Idercaling,False
5052_01,Mars,True,F/961/S,TRAPPIST-1e,17.0,False,0.0,0.0,0.0,0.0,0.0,Crick Khart,True
2207_01,Earth,False,G/354/S,TRAPPIST-1e,20.0,False,546.0,0.0,228.0,0.0,0.0,Andine Hales,False
0686_01,Mars,True,F/146/P,TRAPPIST-1e,18.0,False,0.0,0.0,0.0,0.0,0.0,Permit Bert,True
9136_01,Earth,False,G/1471/S,TRAPPIST-1e,,False,6.0,0.0,0.0,800.0,3.0,Sall Hestes,False
3954_01,Earth,True,G/647/S,TRAPPIST-1e,45.0,False,0.0,0.0,0.0,0.0,0.0,Arlen Blacks,False
2212_01,Earth,False,F/445/P,TRAPPIST-1e,50.0,False,0.0,5.0,0.0,2170.0,0.0,Ebonyd Swanardy,False
6626_01,Earth,True,G/1073/P,TRAPPIST-1e,24.0,False,0.0,0.0,0.0,0.0,0.0,Herry Farrowns,False
0463_01,Mars,False,F/100/P,TRAPPIST-1e,34.0,False,865.0,0.0,257.0,,35.0,Grats Staf,False
7770_02,Earth,False,F/1485/S,55 Cancri e,20.0,False,748.0,0.0,0.0,0.0,487.0,Jerrye Oneiles,False
4361_01,Earth,False,F/819/S,55 Cancri e,27.0,False,0.0,14.0,0.0,734.0,331.0,Carona Coopezmaney,True
7447_01,Mars,False,F/1539/P,TRAPPIST-1e,24.0,False,,0.0,299.0,814.0,0.0,Chees Oncy,False
6724_02,Europa,True,C/213/P,55 Cancri e,17.0,False,0.0,0.0,0.0,0.0,0.0,Scelava Haftent,True
9231_02,Mars,False,F/1888/P,TRAPPIST-1e,0.0,False,0.0,0.0,0.0,0.0,0.0,Walls Paie,True
7871_01,Earth,True,,TRAPPIST-1e,18.0,False,0.0,0.0,0.0,0.0,0.0,Alendy Stannondez,True
2395_01,Earth,False,G/387/P,TRAPPIST-1e,49.0,False,712.0,1.0,0.0,0.0,,Olgary Toddleton,False
6951_01,Europa,False,D/219/P,TRAPPIST-1e,37.0,False,26.0,2898.0,9.0,0.0,40.0,Vegas Lendly,True
3353_03,Europa,False,C/125/S,TRAPPIST-1e,22.0,False,0.0,5.0,0.0,12.0,6111.0,Taurion Reming,False
0149_01,Earth,True,G/27/S,55 Cancri e,,False,0.0,0.0,0.0,0.0,0.0,Billya Hubbarrison,True
8401_01,Europa,True,C/315/S,55 Cancri e,31.0,False,0.0,0.0,0.0,0.0,0.0,Ariton Susent,True
7592_01,Earth,False,F/1450/S,TRAPPIST-1e,18.0,False,0.0,0.0,0.0,1586.0,0.0,Stelly Wolferton,False
7006_01,,True,G/1142/S,PSO J318.5-22,16.0,False,0.0,0.0,0.0,0.0,0.0,Tammyl Fuenton,True
0845_01,Europa,False,B/31/S,55 Cancri e,57.0,False,2651.0,2956.0,0.0,266.0,1300.0,Achbah Fueling,False
2382_01,Earth,False,F/488/P,55 Cancri e,41.0,False,0.0,33.0,0.0,1324.0,0.0,,False
1991_01,Earth,False,F/378/S,55 Cancri e,22.0,,0.0,0.0,30.0,499.0,138.0,Leenny Palmes,False
4878_01,Mars,False,F/929/S,TRAPPIST-1e,36.0,False,108.0,0.0,941.0,861.0,0.0,Cine Gene,False
5813_01,Earth,True,G/936/P,TRAPPIST-1e,41.0,False,0.0,0.0,0.0,0.0,0.0,Coreee Hortis,True
0699_02,Mars,False,D/24/S,55 Cancri e,24.0,False,2698.0,0.0,301.0,8.0,5.0,Flyros Rhuba,False
1434_01,Earth,False,G/222/P,TRAPPIST-1e,20.0,False,0.0,258.0,331.0,133.0,,Dandy Cartez,False
8524_01,Europa,True,B/333/S,55 Cancri e,26.0,False,0.0,0.0,0.0,0.0,0.0,Algeno Conablese,True
7628_02,Mars,False,D/240/P,TRAPPIST-1e,36.0,False,1103.0,3.0,0.0,0.0,659.0,Ban Stre,False
2843_01,Mars,False,E/175/P,TRAPPIST-1e,50.0,False,357.0,0.0,657.0,0.0,0.0,Apsps Terte,False
3220_01,Earth,False,G/522/P,TRAPPIST-1e,33.0,False,0.0,0.0,75.0,709.0,0.0,Jeane Meyerthy,False
6650_01,Earth,False,G/1077/P,TRAPPIST-1e,48.0,False,12.0,0.0,0.0,0.0,796.0,Joelan Beasleyes,False
6742_01,Earth,False,F/1287/S,TRAPPIST-1e,33.0,False,1288.0,2.0,0.0,0.0,1.0,Elanie Talls,True
1452_05,Europa,True,C/53/P,55 Cancri e,44.0,False,0.0,0.0,0.0,0.0,0.0,Gimph Distured,True
4657_01,Earth,False,G/756/P,TRAPPIST-1e,17.0,False,372.0,0.0,477.0,0.0,0.0,Prilly Jacostarks,False
1993_01,Earth,False,F/380/S,TRAPPIST-1e,31.0,False,1062.0,0.0,802.0,71.0,0.0,Lorey Fishopper,False
6609_01,Mars,True,E/420/P,TRAPPIST-1e,17.0,False,0.0,0.0,0.0,0.0,0.0,,False
3465_01,Mars,False,F/711/P,TRAPPIST-1e,19.0,False,506.0,0.0,395.0,159.0,229.0,Mone Flaie,False
8479_01,Earth,False,F/1738/P,TRAPPIST-1e,27.0,,0.0,0.0,0.0,716.0,0.0,Heremy Cardner,False
5523_01,Earth,False,G/885/P,PSO J318.5-22,29.0,False,0.0,0.0,20.0,0.0,402.0,Rician Pearsalason,False
4368_01,Mars,True,F/900/P,55 Cancri e,32.0,False,0.0,0.0,0.0,0.0,0.0,Smats Flate,True
5551_01,Earth,True,G/888/P,TRAPPIST-1e,22.0,False,0.0,0.0,0.0,0.0,0.0,Rayley Foledges,True
0316_01,Europa,False,B/9/S,TRAPPIST-1e,24.0,False,0.0,2628.0,,170.0,0.0,Hallah Sorbitter,True
6318_01,Earth,True,G/1018/P,TRAPPIST-1e,15.0,False,0.0,0.0,0.0,0.0,0.0,Bonya Pughanders,True
3464_02,Earth,True,G/561/S,TRAPPIST-1e,29.0,False,0.0,0.0,0.0,0.0,0.0,Therek Hardsonerry,False
8204_02,Europa,False,E/541/S,TRAPPIST-1e,30.0,False,209.0,157.0,2566.0,171.0,472.0,Terion Distured,False
0520_01,Earth,False,G/78/S,TRAPPIST-1e,55.0,False,62.0,,0.0,0.0,,Bel Mcguirez,False
5739_01,Earth,True,G/930/S,TRAPPIST-1e,20.0,False,0.0,0.0,0.0,0.0,0.0,Courta Cleminglas,True
1547_01,Earth,False,F/301/S,TRAPPIST-1e,21.0,False,163.0,0.0,661.0,32.0,0.0,Aarone Hoppers,False
8026_01,Mars,True,F/1534/S,TRAPPIST-1e,29.0,False,0.0,0.0,0.0,0.0,0.0,Losp Ruité,True
2783_02,Europa,False,D/83/P,55 Cancri e,29.0,False,2.0,8.0,0.0,2864.0,155.0,Gatrin Emetillove,False
5247_01,Earth,False,G/848/P,TRAPPIST-1e,38.0,False,6.0,2324.0,0.0,0.0,0.0,Roydo Yorkland,True
7327_01,Mars,False,F/1520/P,TRAPPIST-1e,37.0,False,1413.0,0.0,584.0,3.0,0.0,Bler Brity,True
6851_01,Earth,False,E/456/S,TRAPPIST-1e,22.0,False,0.0,752.0,18.0,0.0,18.0,Glorey Bookerson,True
5367_03,Europa,False,C/209/S,55 Cancri e,46.0,False,0.0,8221.0,0.0,1010.0,160.0,Anyonon Fruidy,True
6950_01,Europa,True,B/265/S,55 Cancri e,19.0,False,0.0,0.0,0.0,0.0,0.0,Alurops Pringry,True
1384_04,Earth,False,F/269/S,TRAPPIST-1e,41.0,False,338.0,0.0,377.0,2.0,86.0,Shard Mayods,True
3645_04,Mars,True,D/124/P,TRAPPIST-1e,43.0,False,0.0,0.0,0.0,0.0,0.0,Tifet Pepie,True
2256_01,Earth,True,G/360/S,TRAPPIST-1e,47.0,False,0.0,0.0,0.0,0.0,0.0,Aarone Batestonley,True
1264_01,Earth,False,E/79/P,TRAPPIST-1e,51.0,False,0.0,1.0,0.0,51.0,945.0,Franda Roberrenn,False
0313_02,Earth,True,G/50/P,55 Cancri e,,False,0.0,0.0,,0.0,0.0,Jona Mckinsond,True
3921_01,Earth,False,E/262/S,TRAPPIST-1e,26.0,False,35.0,42.0,711.0,0.0,0.0,Felice Kramosley,True
7186_01,Europa,True,E/461/P,TRAPPIST-1e,14.0,False,0.0,0.0,0.0,0.0,0.0,Aske Pretive,True
9126_01,Mars,True,E/600/S,TRAPPIST-1e,50.0,False,0.0,0.0,0.0,0.0,0.0,Hones Knie,True
9218_01,Europa,True,B/353/S,55 Cancri e,43.0,False,0.0,0.0,0.0,0.0,0.0,,True
3336_01,Mars,True,F/693/P,TRAPPIST-1e,60.0,False,0.0,0.0,0.0,0.0,0.0,Heat Tirt,True
5036_02,Earth,False,G/814/P,TRAPPIST-1e,24.0,False,5.0,1.0,7.0,0.0,895.0,Eleah Walterson,False
0957_01,Mars,True,F/201/P,TRAPPIST-1e,41.0,False,0.0,0.0,0.0,0.0,0.0,Waffs Hapie,True
6419_01,Earth,,E/428/S,TRAPPIST-1e,31.0,False,,0.0,873.0,0.0,0.0,Estina Holcompson,True
7513_01,Earth,,E/488/P,TRAPPIST-1e,25.0,False,0.0,779.0,0.0,2.0,6.0,Marynk Welles,False
7027_01,Earth,False,E/451/P,TRAPPIST-1e,23.0,,26.0,266.0,404.0,0.0,0.0,Jonaye Ashipeck,True
1005_01,Earth,False,G/156/S,TRAPPIST-1e,20.0,False,0.0,0.0,4.0,9.0,773.0,Coreee Juartis,False
1621_02,Earth,False,F/308/S,PSO J318.5-22,25.0,False,172.0,129.0,41.0,0.0,341.0,Valex Dukertyler,False
5484_01,Mars,True,F/1050/S,55 Cancri e,45.0,False,0.0,0.0,0.0,0.0,0.0,Masal Monie,True
2998_01,Europa,False,C/113/S,,47.0,False,0.0,5252.0,0.0,124.0,300.0,Dirfak Mosteraked,True
2936_01,Earth,False,G/468/S,TRAPPIST-1e,21.0,False,15.0,30.0,11.0,2.0,388.0,Jimmyn Berreranks,False
2063_01,Earth,True,G/328/S,PSO J318.5-22,38.0,False,0.0,0.0,0.0,0.0,0.0,Mistie Leonaldez,False
1255_02,Mars,True,F/242/S,TRAPPIST-1e,15.0,False,0.0,0.0,0.0,0.0,0.0,Razzle Potte,True
4001_02,Earth,True,G/659/S,TRAPPIST-1e,3.0,False,0.0,0.0,0.0,0.0,0.0,Loresa Lowelliott,True
0164_01,Earth,False,G/28/S,TRAPPIST-1e,57.0,False,50.0,1688.0,0.0,,135.0,Fany Hutchinton,True
9034_05,Europa,False,D/288/P,TRAPPIST-1e,33.0,False,0.0,1876.0,0.0,1432.0,14.0,Mothab Crakete,False
1747_01,Earth,False,G/271/S,55 Cancri e,19.0,False,0.0,0.0,496.0,13.0,0.0,Line Santantines,True
7808_01,Earth,False,G/1256/P,TRAPPIST-1e,26.0,False,0.0,79.0,53.0,,0.0,Arllia Sweenez,False
2054_01,Europa,False,C/69/P,55 Cancri e,39.0,False,0.0,,0.0,1528.0,1119.0,Alark Stivelte,False
4651_01,Europa,False,C/179/S,TRAPPIST-1e,33.0,False,0.0,7039.0,0.0,902.0,405.0,Aludram Dectory,True
0242_01,,False,F/46/S,TRAPPIST-1e,18.0,False,313.0,1.0,691.0,283.0,0.0,Almone Sté,False
3630_01,Earth,False,F/754/P,PSO J318.5-22,61.0,False,0.0,1.0,276.0,410.0,54.0,Darry Micknightt,False
5954_01,Mars,False,E/391/S,TRAPPIST-1e,25.0,False,2093.0,0.0,6.0,0.0,0.0,Lift Port,False
7208_01,Earth,False,G/1161/P,TRAPPIST-1e,0.0,False,0.0,0.0,0.0,0.0,0.0,Nelle Gibbsonton,True
5679_01,Earth,True,G/920/S,PSO J318.5-22,18.0,False,0.0,0.0,0.0,0.0,0.0,Loise Casonston,True
1770_01,Europa,True,B/75/S,55 Cancri e,15.0,False,0.0,0.0,0.0,0.0,0.0,Tauxon Wincer,True
3926_01,Earth,False,F/810/P,TRAPPIST-1e,18.0,False,716.0,,0.0,0.0,0.0,Wine Fowlesterez,False
3342_01,Earth,True,G/531/S,TRAPPIST-1e,24.0,False,0.0,0.0,0.0,0.0,0.0,Jordy Hayder,True
7776_01,Europa,False,D/246/P,,57.0,False,0.0,412.0,0.0,5491.0,234.0,Pollum Craleve,False
3938_03,Mars,True,F/743/S,TRAPPIST-1e,12.0,False,0.0,0.0,0.0,0.0,0.0,Gut Flité,True
7298_01,Earth,,F/1510/P,TRAPPIST-1e,24.0,False,185.0,0.0,478.0,29.0,0.0,Blanda Blangibson,True
3462_01,Europa,True,C/115/P,TRAPPIST-1e,28.0,,0.0,,0.0,0.0,0.0,Achib Ingascomet,True
1828_01,Earth,False,F/361/P,,19.0,False,0.0,1333.0,3.0,624.0,254.0,Thelix Hultz,True
8119_03,Earth,False,F/1555/S,55 Cancri e,20.0,,97.0,279.0,0.0,301.0,39.0,Thew Tersimpson,False
8431_01,Europa,True,B/277/P,55 Cancri e,24.0,False,0.0,0.0,0.0,0.0,0.0,Alcorab Myling,True
4796_02,Mars,True,E/311/S,,43.0,False,0.0,0.0,0.0,0.0,0.0,Stmeal Cre,True
3218_02,Earth,False,F/606/S,55 Cancri e,58.0,False,52.0,0.0,5.0,517.0,0.0,Lonna Bardinard,False
9196_02,Europa,False,C/339/S,TRAPPIST-1e,31.0,False,1.0,104.0,1338.0,698.0,126.0,Majorab Poustive,True
0680_02,Earth,True,G/105/P,TRAPPIST-1e,7.0,False,0.0,0.0,0.0,0.0,0.0,Annard Garnes,False
1024_01,Earth,False,F/209/P,55 Cancri e,18.0,False,187.0,12.0,0.0,1277.0,0.0,Verly Chavezalez,False
6525_01,Earth,,F/1248/S,TRAPPIST-1e,21.0,False,0.0,20.0,1540.0,80.0,512.0,Neila Cardners,False
0067_02,Earth,False,G/10/S,TRAPPIST-1e,18.0,False,1.0,258.0,446.0,0.0,0.0,Celine Leeves,True
9230_01,Europa,False,C/342/S,TRAPPIST-1e,36.0,True,0.0,5600.0,715.0,2868.0,971.0,,True
0098_01,Earth,False,G/11/P,TRAPPIST-1e,26.0,False,0.0,856.0,5.0,32.0,0.0,Doria Carezquez,False
9128_02,Earth,True,G/1484/P,PSO J318.5-22,33.0,False,0.0,0.0,0.0,0.0,0.0,Melice Briggston,False
8811_01,Earth,False,E/577/S,PSO J318.5-22,63.0,False,0.0,0.0,80.0,0.0,2322.0,Karley Goods,False
1178_01,Earth,False,F/224/S,TRAPPIST-1e,20.0,False,0.0,0.0,600.0,0.0,0.0,Walla Summington,False
5524_01,Earth,False,F/1060/S,55 Cancri e,36.0,False,85.0,0.0,545.0,15.0,0.0,Melica Hendrys,True
3348_01,Earth,False,E/225/S,TRAPPIST-1e,32.0,False,180.0,25.0,584.0,0.0,0.0,Julies Bradlerson,False
7699_01,Earth,False,G/1235/P,55 Cancri e,0.0,False,0.0,0.0,0.0,0.0,0.0,Chesty Morez,True
5722_01,Earth,False,G/928/S,TRAPPIST-1e,44.0,False,69.0,0.0,17.0,176.0,2105.0,Joyces Ington,False
5353_02,Europa,False,B/205/S,TRAPPIST-1e,39.0,False,43.0,9365.0,144.0,0.0,118.0,Weidus Reelest,True
4225_01,Mars,True,E/266/P,TRAPPIST-1e,22.0,False,0.0,0.0,0.0,0.0,0.0,Chid Melie,False
2306_02,Europa,False,C/82/P,TRAPPIST-1e,,False,0.0,0.0,0.0,0.0,0.0,Gomeron Colensid,True
0930_01,Earth,False,F/192/P,TRAPPIST-1e,38.0,False,646.0,0.0,0.0,135.0,260.0,Arlie Sweett,False
8741_01,Europa,True,A/91/P,TRAPPIST-1e,14.0,False,0.0,0.0,0.0,0.0,0.0,Neutrak Alaring,True
4750_02,Europa,False,A/57/S,TRAPPIST-1e,31.0,False,0.0,1382.0,0.0,1795.0,588.0,Hekab Asolipery,False
7533_01,Earth,False,G/1223/S,55 Cancri e,12.0,False,0.0,0.0,0.0,0.0,0.0,Thell Farrez,True
4371_03,,True,C/158/S,TRAPPIST-1e,22.0,False,0.0,0.0,0.0,0.0,0.0,Ranon Shricatory,True
2890_02,Europa,True,B/89/P,TRAPPIST-1e,36.0,False,0.0,0.0,0.0,0.0,0.0,Suhain Cattyried,True
3553_01,Mars,False,,TRAPPIST-1e,28.0,False,3.0,0.0,0.0,327.0,2054.0,Wafox Maie,False
6853_01,Europa,False,C/218/P,55 Cancri e,31.0,False,0.0,1604.0,4058.0,4094.0,124.0,Menkaa Cathome,False
6132_01,Mars,True,F/1170/S,TRAPPIST-1e,46.0,False,0.0,0.0,,0.0,0.0,Bares Concy,True
4539_01,Earth,False,G/740/S,55 Cancri e,0.0,False,0.0,0.0,0.0,0.0,0.0,Sanda Carterson,True
1105_01,Earth,False,F/208/S,TRAPPIST-1e,17.0,False,82.0,0.0,263.0,16.0,515.0,Leen Willangsey,False
3121_01,Earth,True,G/491/S,PSO J318.5-22,6.0,False,0.0,0.0,0.0,0.0,0.0,Trice Moreman,True
8205_01,Earth,,G/1331/P,TRAPPIST-1e,20.0,False,625.0,0.0,2.0,0.0,0.0,Lyde Fulloydez,False
6839_01,Earth,False,F/1307/S,TRAPPIST-1e,36.0,False,1912.0,0.0,0.0,2.0,0.0,Ellena Fryan,False
6472_02,Europa,True,B/250/S,55 Cancri e,13.0,False,0.0,0.0,0.0,0.0,0.0,Cellah Steary,True
2856_01,Europa,False,C/108/S,55 Cancri e,38.0,False,0.0,896.0,0.0,,4168.0,Duhra Fulous,False
4032_01,Earth,,G/661/P,PSO J318.5-22,13.0,False,0.0,0.0,0.0,0.0,0.0,Deaney Waltonnedy,True
2752_02,Earth,True,G/444/P,PSO J318.5-22,,False,0.0,0.0,0.0,0.0,0.0,Ollip Ballocks,False
5846_01,Mars,False,E/376/S,TRAPPIST-1e,27.0,True,149.0,0.0,890.0,9.0,0.0,Morny Gerin,False
0504_06,,True,B/19/S,55 Cancri e,53.0,False,0.0,0.0,0.0,0.0,0.0,Alheneb Unpasine,True
0889_02,Europa,False,C/32/P,55 Cancri e,27.0,,1.0,12804.0,0.0,10.0,52.0,Izaron Polksy,True
8386_01,Earth,False,G/1369/P,55 Cancri e,27.0,False,0.0,1283.0,0.0,2256.0,0.0,Ferry Chavezalez,False
7004_01,Earth,False,F/1337/S,55 Cancri e,14.0,False,,1.0,400.0,297.0,0.0,Karena Woodwardy,False
1307_01,Earth,True,G/193/P,TRAPPIST-1e,22.0,False,0.0,0.0,0.0,0.0,0.0,Andrey Norrison,False
4561_01,Europa,False,C/168/S,55 Cancri e,45.0,False,0.0,496.0,0.0,1940.0,4195.0,Alrair Unhearfus,False
1024_03,,False,G/152/P,55 Cancri e,54.0,False,0.0,5.0,0.0,594.0,209.0,Bellee Chavezalez,False
0092_03,Earth,True,G/9/P,TRAPPIST-1e,3.0,False,0.0,0.0,0.0,0.0,0.0,Tiney Hewson,True
1688_02,Earth,True,,TRAPPIST-1e,7.0,False,,0.0,0.0,0.0,0.0,Claura Webstenson,False
4829_01,Mars,False,F/982/P,TRAPPIST-1e,45.0,False,944.0,292.0,2.0,,0.0,Ale Shpie,False
6643_01,Earth,False,F/1272/S,TRAPPIST-1e,20.0,False,0.0,6.0,24.0,0.0,672.0,Hughy Foxter,False
2778_02,Mars,True,F/576/P,55 Cancri e,53.0,False,,0.0,0.0,0.0,0.0,Yogal Fisty,True
3147_01,Earth,False,F/594/S,TRAPPIST-1e,21.0,False,17.0,427.0,31.0,257.0,0.0,Colle Steinardson,True
5702_01,Earth,True,G/912/P,55 Cancri e,28.0,False,0.0,0.0,0.0,0.0,0.0,Katiey Estron,True
9049_01,Europa,True,C/336/S,TRAPPIST-1e,41.0,False,0.0,0.0,0.0,0.0,0.0,Luxion Grentual,True
4613_01,Europa,True,B/152/P,TRAPPIST-1e,40.0,False,0.0,0.0,0.0,0.0,0.0,Tabdhib Inghtal,True
1453_01,Earth,,G/229/P,55 Cancri e,16.0,,0.0,2838.0,32.0,5.0,3404.0,Kimena Thorney,False
5238_01,Earth,True,G/845/P,PSO J318.5-22,13.0,False,0.0,0.0,0.0,0.0,0.0,Gailia Blainson,False
6236_01,Earth,False,F/1194/S,TRAPPIST-1e,22.0,False,395.0,0.0,0.0,300.0,125.0,Kell Hickson,False
3475_01,Europa,True,C/126/S,TRAPPIST-1e,33.0,False,0.0,0.0,0.0,0.0,0.0,Pentard Spoilling,True
8883_01,,False,G/1438/P,TRAPPIST-1e,8.0,False,0.0,0.0,0.0,0.0,0.0,Rence Monroellynn,False
3528_01,Earth,False,F/666/S,TRAPPIST-1e,23.0,False,1.0,0.0,778.0,8.0,,Bryany Rocknight,True
6509_01,Earth,False,F/1243/S,PSO J318.5-22,23.0,False,601.0,0.0,113.0,0.0,39.0,Belix Adavisons,True
4005_02,Earth,False,G/657/P,TRAPPIST-1e,17.0,False,3.0,83.0,927.0,0.0,1.0,Aarone Castannison,True
5834_01,Earth,False,F/1206/P,,19.0,False,546.0,11.0,0.0,325.0,218.0,Sterry Brenney,False
1783_02,Earth,True,G/281/S,PSO J318.5-22,21.0,False,0.0,0.0,0.0,,0.0,Francy Garnettiz,False
6293_01,Earth,False,F/1301/P,TRAPPIST-1e,24.0,False,0.0,1049.0,1.0,0.0,0.0,Thel Sweekstarks,False
1199_01,Earth,False,E/73/P,TRAPPIST-1e,16.0,False,0.0,0.0,752.0,0.0,235.0,Lillen Hubbarnett,False
1279_01,Europa,True,C/50/P,55 Cancri e,31.0,False,0.0,0.0,0.0,0.0,0.0,Sadark Dynigic,True
2215_04,Europa,False,A/27/S,,36.0,False,0.0,3206.0,0.0,698.0,72.0,Ranons Ingent,False
6351_01,Earth,False,E/403/P,55 Cancri e,14.0,False,0.0,973.0,0.0,1.0,0.0,France Mirezavis,True
8458_05,Europa,False,C/319/S,TRAPPIST-1e,28.0,False,1004.0,2423.0,0.0,0.0,17.0,Hezenif Sempreate,True
3592_01,Mars,False,D/121/P,PSO J318.5-22,22.0,False,193.0,1.0,640.0,15.0,30.0,Ungles Prité,True
0823_02,Earth,False,,55 Cancri e,42.0,False,0.0,0.0,739.0,0.0,0.0,Wenten Carrishley,True
6365_01,Europa,False,A/64/P,55 Cancri e,33.0,False,0.0,38.0,0.0,1.0,3167.0,Atino Glogry,False
2423_01,Earth,True,G/395/P,TRAPPIST-1e,20.0,False,0.0,0.0,0.0,0.0,0.0,Bonya Boltond,False
5390_02,Earth,True,G/872/S,PSO J318.5-22,20.0,False,0.0,0.0,0.0,0.0,0.0,Mayne Owerson,True
3034_01,Europa,False,,TRAPPIST-1e,40.0,False,0.0,0.0,0.0,0.0,0.0,Dscheat Noxnuther,False
1978_01,,True,G/311/S,TRAPPIST-1e,19.0,False,0.0,0.0,0.0,0.0,0.0,,True
8248_02,Earth,False,G/1339/P,PSO J318.5-22,72.0,False,309.0,0.0,0.0,0.0,463.0,Netty Casez,False
7149_01,Mars,True,F/1482/P,PSO J318.5-22,25.0,False,0.0,0.0,0.0,0.0,0.0,Clech Dato,True
2137_03,Mars,False,F/423/P,55 Cancri e,4.0,False,0.0,0.0,0.0,0.0,0.0,Slig Queke,True
3530_01,Earth,True,G/568/S,TRAPPIST-1e,15.0,False,0.0,0.0,0.0,0.0,0.0,Besse Whitez,True
8038_02,Europa,True,C/301/S,55 Cancri e,26.0,False,0.0,0.0,0.0,0.0,0.0,Asellab Gocent,True
8214_01,Europa,True,D/242/S,TRAPPIST-1e,30.0,False,0.0,0.0,0.0,0.0,0.0,Atinon Exnutchor,True
9098_01,Earth,False,F/1864/P,TRAPPIST-1e,21.0,False,8.0,796.0,0.0,0.0,0.0,Sergie Barnolaney,True
6756_02,Earth,False,G/1095/P,PSO J318.5-22,46.0,False,0.0,0.0,743.0,4.0,6.0,Monah Pittson,True
0373_01,Earth,True,G/62/P,TRAPPIST-1e,41.0,False,0.0,0.0,0.0,0.0,0.0,Billex Mcneiderson,False
2190_01,Earth,False,F/430/S,,20.0,False,1750.0,0.0,446.0,0.0,76.0,Allia Barris,False
1255_01,Mars,True,F/242/S,TRAPPIST-1e,52.0,False,0.0,0.0,0.0,,0.0,Shres Potte,True
2003_01,Earth,False,G/323/P,TRAPPIST-1e,19.0,,3.0,6.0,20.0,60.0,719.0,Viviay Oconley,False
1781_01,Europa,False,C/66/S,55 Cancri e,28.0,False,0.0,11026.0,0.0,0.0,12.0,Alballa Brailidy,True
9008_01,Earth,False,F/1745/S,TRAPPIST-1e,31.0,False,0.0,173.0,409.0,102.0,43.0,Robina Herreras,False
6957_01,Europa,False,B/266/S,TRAPPIST-1e,26.0,False,135.0,2080.0,7.0,34.0,84.0,Minoton Sloweber,True
9193_01,Earth,,G/1483/S,PSO J318.5-22,35.0,False,0.0,0.0,0.0,0.0,0.0,Camily Howence,False
2993_01,Earth,False,F/571/S,TRAPPIST-1e,24.0,False,1252.0,6.0,,123.0,706.0,Nelly Gordanieves,False
6167_01,Earth,True,G/998/S,PSO J318.5-22,42.0,False,0.0,0.0,0.0,0.0,0.0,Cellex Garrincent,True
2426_02,Mars,True,F/466/S,TRAPPIST-1e,18.0,False,0.0,0.0,0.0,0.0,0.0,Kies Gine,True
4102_01,Europa,True,B/128/P,TRAPPIST-1e,48.0,False,0.0,0.0,0.0,0.0,0.0,Brark Whetedy,True
2301_03,Earth,False,F/449/S,55 Cancri e,24.0,False,1367.0,0.0,1.0,0.0,0.0,Marine Hodgesss,False
6708_02,Europa,False,A/67/P,TRAPPIST-1e,2.0,False,0.0,0.0,0.0,0.0,,,True
8584_01,Earth,False,F/1655/S,TRAPPIST-1e,22.0,False,4.0,0.0,72.0,21.0,600.0,Marvey Coopelandez,False
2233_01,Earth,False,G/359/P,TRAPPIST-1e,39.0,False,9.0,18.0,0.0,2.0,878.0,Nelle Alfordonard,False
8770_06,Earth,False,F/1808/P,TRAPPIST-1e,0.0,False,0.0,0.0,0.0,0.0,0.0,Nadie Waderoachez,True
3280_01,Earth,True,G/534/P,PSO J318.5-22,31.0,False,0.0,0.0,0.0,0.0,0.0,Idace Ricks,True
2198_01,Earth,False,E/156/S,55 Cancri e,61.0,False,0.0,654.0,902.0,0.0,68.0,Joela Franey,True
2853_01,Earth,False,F/544/S,TRAPPIST-1e,20.0,False,56.0,757.0,111.0,0.0,0.0,Lonnez Browlerson,True
1822_01,Earth,False,G/299/P,TRAPPIST-1e,31.0,False,2.0,811.0,0.0,0.0,0.0,Charly Mirez,True
7926_01,Earth,False,E/514/P,TRAPPIST-1e,32.0,False,0.0,0.0,,365.0,1216.0,Kenda Paynard,False
5994_01,Earth,False,F/1236/P,55 Cancri e,23.0,,94.0,132.0,0.0,967.0,5.0,Emilla Kerristicey,False
7498_03,Mars,False,F/1550/P,TRAPPIST-1e,27.0,True,30.0,0.0,910.0,0.0,0.0,Beals Cola,True
1458_01,,False,G/223/S,TRAPPIST-1e,46.0,False,0.0,0.0,2020.0,323.0,0.0,Arllia Mccarveymon,False
8191_01,Earth,False,G/1320/S,PSO J318.5-22,18.0,False,0.0,0.0,19.0,751.0,4.0,Gracy Gaington,False
4730_01,Europa,False,B/158/P,,50.0,False,0.0,1338.0,0.0,40.0,6178.0,Tabiton Earmeter,False
3939_01,Earth,False,E/237/P,TRAPPIST-1e,37.0,False,772.0,0.0,840.0,1.0,5.0,Eriana Alberts,False
7635_01,Europa,True,B/289/S,55 Cancri e,58.0,False,0.0,0.0,0.0,0.0,0.0,Caphird Aneetle,True
6355_01,Earth,False,F/1213/S,55 Cancri e,21.0,False,0.0,641.0,0.0,0.0,0.0,Joanry Foledges,True
8617_01,Earth,False,F/1768/P,TRAPPIST-1e,21.0,False,11.0,1475.0,0.0,0.0,0.0,Jeroy Cartiz,True
6787_05,Earth,True,F/1411/P,TRAPPIST-1e,16.0,False,0.0,0.0,,0.0,,Reneen Booneid,True
4828_01,Earth,False,G/778/P,55 Cancri e,14.0,False,363.0,44.0,0.0,0.0,512.0,,True
1170_01,Earth,False,E/83/S,TRAPPIST-1e,23.0,False,0.0,0.0,279.0,0.0,512.0,Samie Mcneiley,False
0020_01,Earth,True,E/0/S,TRAPPIST-1e,1.0,False,0.0,0.0,0.0,0.0,0.0,Almary Brantuarez,False
7277_01,Earth,True,G/1184/S,TRAPPIST-1e,36.0,False,0.0,0.0,,0.0,0.0,Neila Pittson,True
8938_01,,True,F/1729/S,TRAPPIST-1e,22.0,False,0.0,0.0,0.0,0.0,0.0,Quites Must,True
5497_01,Europa,True,B/210/S,TRAPPIST-1e,13.0,False,0.0,0.0,0.0,0.0,0.0,Taurah Covetive,True
1393_02,Mars,False,F/270/S,TRAPPIST-1e,19.0,False,2058.0,0.0,224.0,298.0,19.0,,False
8858_01,Europa,False,B/285/P,TRAPPIST-1e,36.0,True,0.0,0.0,0.0,0.0,0.0,Medib Ricled,False
0820_01,Earth,False,F/154/S,55 Cancri e,15.0,False,0.0,59.0,714.0,0.0,3.0,Hanry Strongers,True
4704_01,Europa,False,D/156/P,55 Cancri e,30.0,False,818.0,44.0,2.0,2956.0,2311.0,Grafi Grentual,False
4837_01,Earth,False,F/912/S,TRAPPIST-1e,21.0,,0.0,198.0,559.0,19.0,44.0,Jorgie Jarvey,True
7396_02,Europa,True,C/271/S,TRAPPIST-1e,31.0,True,0.0,0.0,0.0,0.0,0.0,Muontak Ingent,True
3082_01,Earth,False,G/503/P,PSO J318.5-22,15.0,False,1.0,30.0,1793.0,0.0,0.0,Kayd Wilkinner,True
8535_01,Earth,False,F/1642/S,55 Cancri e,23.0,False,348.0,210.0,0.0,0.0,1.0,Hilley Petton,False
6321_02,Europa,False,C/194/P,TRAPPIST-1e,19.0,False,0.0,1234.0,0.0,1956.0,0.0,Azhat Pusive,False
3785_01,Earth,True,G/619/P,TRAPPIST-1e,22.0,False,0.0,0.0,0.0,0.0,0.0,Viviay Hanner,False
3520_02,Earth,True,,PSO J318.5-22,13.0,False,0.0,0.0,0.0,0.0,0.0,Lyny Wartyson,True
8944_03,Earth,False,G/1442/S,TRAPPIST-1e,18.0,False,327.0,170.0,0.0,0.0,130.0,Darley Hobbinson,False
6137_06,Earth,False,G/994/S,TRAPPIST-1e,6.0,False,0.0,0.0,0.0,0.0,0.0,Race Serry,True
7709_02,Earth,True,G/1238/P,PSO J318.5-22,24.0,False,0.0,,0.0,0.0,0.0,Lerome Sweett,False
1957_01,Earth,True,G/309/S,TRAPPIST-1e,25.0,False,0.0,0.0,0.0,0.0,0.0,Patoya Maynardner,False
1008_01,Europa,True,C/39/S,55 Cancri e,39.0,False,0.0,0.0,0.0,0.0,0.0,Wasatz Spistory,True
2593_01,Earth,False,G/421/P,TRAPPIST-1e,28.0,False,804.0,2.0,13.0,0.0,62.0,Terta Villenson,False
0809_04,Mars,False,F/151/S,TRAPPIST-1e,0.0,False,0.0,0.0,0.0,0.0,0.0,Wales Meake,True
1149_01,Earth,False,G/178/S,55 Cancri e,8.0,False,0.0,0.0,0.0,0.0,0.0,Lyne Logannon,True
5566_01,Europa,False,E/349/P,55 Cancri e,72.0,False,2445.0,3023.0,0.0,704.0,20.0,Gluinon Gloyanthy,False
7944_02,Europa,True,D/230/S,TRAPPIST-1e,39.0,False,0.0,0.0,0.0,0.0,0.0,Alarkab Reewerpic,True
3796_01,Europa,False,B/121/P,55 Cancri e,33.0,False,90.0,26830.0,0.0,27.0,703.0,Dhena Semageary,True
7376_01,Europa,True,E/477/P,TRAPPIST-1e,26.0,False,0.0,0.0,0.0,0.0,0.0,Neutrin Mirinanty,True
7340_01,Europa,False,E/475/P,TRAPPIST-1e,60.0,False,0.0,307.0,0.0,484.0,1967.0,Giedion Blanspe,False
7105_01,,False,F/1473/P,55 Cancri e,20.0,False,0.0,6.0,552.0,20.0,0.0,Idarry Norrison,True
4324_04,Mars,True,F/810/S,55 Cancri e,1.0,False,0.0,0.0,0.0,0.0,0.0,Trion Brie,True
4980_03,Earth,False,G/805/P,TRAPPIST-1e,11.0,False,0.0,0.0,0.0,0.0,0.0,,False
1634_01,Earth,True,G/253/S,55 Cancri e,25.0,False,0.0,0.0,0.0,0.0,0.0,Armen Conleydenan,False
8235_01,Earth,False,F/1576/S,TRAPPIST-1e,15.0,False,0.0,21.0,22.0,1149.0,249.0,Joyton Coxterez,False
5050_01,Earth,False,F/1028/P,TRAPPIST-1e,31.0,False,433.0,111.0,238.0,86.0,0.0,Loree Wolfernan,False
2919_03,Mars,True,F/555/S,TRAPPIST-1e,6.0,False,,0.0,0.0,0.0,0.0,Stmeal Kra,True
3805_01,Earth,False,F/784/P,TRAPPIST-1e,36.0,False,357.0,0.0,114.0,0.0,,Frandy Pacerty,False
3597_01,Earth,False,G/589/P,TRAPPIST-1e,25.0,False,0.0,813.0,89.0,12.0,0.0,Loise Parrett,False
2158_01,Earth,False,F/423/S,TRAPPIST-1e,21.0,False,0.0,820.0,0.0,45.0,0.0,Joyn Moraleney,True
3609_03,Europa,,C/118/P,55 Cancri e,28.0,False,0.0,0.0,0.0,0.0,0.0,Eltais Fralledic,True
0568_01,Europa,,D/20/S,TRAPPIST-1e,33.0,False,1908.0,33.0,0.0,1.0,4.0,Enibik Baciffhaut,False
1872_01,Mars,True,E/139/S,TRAPPIST-1e,25.0,False,0.0,0.0,0.0,0.0,0.0,Stote Wala,False
0084_01,Earth,False,G/14/S,TRAPPIST-1e,24.0,False,688.0,0.0,0.0,0.0,17.0,Coren Coopezmaney,True
8557_02,Europa,True,B/334/S,55 Cancri e,40.0,False,0.0,0.0,0.0,0.0,0.0,Golaran Swingse,True
3392_01,Earth,False,G/541/S,TRAPPIST-1e,20.0,False,0.0,39.0,830.0,17.0,0.0,Philia Gallard,True
1287_03,Mars,False,F/259/P,TRAPPIST-1e,21.0,False,733.0,0.0,1084.0,1.0,43.0,Diles Pimne,False
8541_01,Mars,False,D/266/P,TRAPPIST-1e,45.0,True,1093.0,950.0,341.0,0.0,0.0,Squars Rekle,False
1521_01,Mars,True,F/295/S,TRAPPIST-1e,28.0,False,0.0,0.0,0.0,0.0,0.0,Repart Flité,True
8658_02,Mars,False,F/1673/S,TRAPPIST-1e,39.0,False,345.0,0.0,848.0,0.0,116.0,Batech Forne,False
2823_01,Mars,True,F/587/P,TRAPPIST-1e,21.0,False,0.0,0.0,0.0,0.0,0.0,Smark Parté,True
8452_01,Europa,False,C/279/P,55 Cancri e,52.0,True,0.0,831.0,1536.0,0.0,7953.0,Alraia Voliat,False
7775_01,Europa,False,C/253/P,55 Cancri e,28.0,False,7.0,489.0,0.0,4.0,6027.0,Alraium Disivering,False
0163_01,Europa,True,B/8/P,TRAPPIST-1e,26.0,False,0.0,0.0,0.0,0.0,0.0,Kabiton Hetforhaft,True
0922_01,Europa,True,B/35/P,55 Cancri e,33.0,False,0.0,0.0,0.0,0.0,,Shaiam Obedaming,True
5568_02,Europa,True,B/188/P,55 Cancri e,29.0,True,0.0,0.0,0.0,0.0,0.0,Merabik Covetive,True
2837_01,Earth,False,F/588/P,PSO J318.5-22,23.0,False,0.0,0.0,,3.0,1919.0,Sergia Mcgoway,False
1234_01,Earth,False,F/236/S,PSO J318.5-22,23.0,False,0.0,0.0,1250.0,0.0,0.0,Derina Lambles,True
4656_02,Earth,False,G/763/S,TRAPPIST-1e,9.0,False,0.0,0.0,0.0,0.0,0.0,Vanney Miranciash,False
3468_01,Earth,True,G/562/S,TRAPPIST-1e,64.0,False,0.0,0.0,0.0,0.0,0.0,Kayne Rivanseney,True
5977_03,Europa,False,B/230/S,TRAPPIST-1e,,False,0.0,0.0,0.0,0.0,0.0,Alhaula Inesely,True
1013_01,Earth,True,G/158/S,TRAPPIST-1e,29.0,False,0.0,0.0,0.0,0.0,0.0,Weslie Farleyatton,False
4547_01,Earth,False,E/297/S,TRAPPIST-1e,20.0,False,0.0,25.0,0.0,0.0,803.0,Warry Navages,True
5097_01,Earth,True,G/823/P,55 Cancri e,7.0,False,0.0,0.0,0.0,0.0,0.0,Hughan Peterstarks,True
5133_04,Earth,False,F/1046/P,55 Cancri e,19.0,False,107.0,0.0,505.0,48.0,0.0,Done Litthews,False
3715_01,Earth,True,G/602/P,PSO J318.5-22,2.0,False,,0.0,0.0,0.0,0.0,Jasony Hubbarton,False
2356_03,Mars,True,D/80/S,TRAPPIST-1e,21.0,False,0.0,,0.0,0.0,0.0,Lios Peane,True
1671_01,Europa,False,B/73/S,55 Cancri e,,False,0.0,859.0,0.0,6704.0,64.0,Muonan Mosteraked,False
4017_03,Mars,True,F/761/S,TRAPPIST-1e,,False,0.0,0.0,0.0,0.0,0.0,Chrice Mele,True
2790_02,Europa,False,B/86/P,55 Cancri e,41.0,False,0.0,320.0,4333.0,1313.0,51.0,Cheliak Simous,False
4592_01,Mars,False,F/862/S,TRAPPIST-1e,9.0,False,0.0,0.0,0.0,0.0,0.0,Crunch Carté,True
6030_05,Earth,True,G/981/S,TRAPPIST-1e,15.0,False,0.0,0.0,,0.0,0.0,Mollen Ellson,True
4264_01,Earth,False,F/797/S,TRAPPIST-1e,24.0,False,0.0,0.0,0.0,0.0,1300.0,Bland Houseson,False
3495_01,Europa,False,C/127/S,TRAPPIST-1e,47.0,False,0.0,10679.0,0.0,273.0,80.0,Saiphda Volloor,True
6906_03,Mars,True,F/1432/P,TRAPPIST-1e,7.0,False,0.0,0.0,0.0,0.0,0.0,Sesh Pelte,True
4738_01,Mars,False,F/893/S,TRAPPIST-1e,30.0,False,531.0,807.0,35.0,200.0,0.0,Suls Pread,False
0594_02,,False,E/39/S,TRAPPIST-1e,24.0,False,,4.0,0.0,670.0,113.0,Cores Flynner,False
6702_01,Earth,True,G/1087/P,TRAPPIST-1e,50.0,False,0.0,0.0,0.0,0.0,0.0,Dell Carverson,True
6638_01,Earth,True,G/1074/P,TRAPPIST-1e,29.0,False,0.0,0.0,0.0,0.0,0.0,Scotty Hurchez,False
7972_01,Europa,True,B/260/P,55 Cancri e,33.0,False,0.0,0.0,0.0,0.0,0.0,Hadlam Cattyried,True
5809_01,Earth,False,F/1205/P,TRAPPIST-1e,22.0,False,104.0,511.0,254.0,425.0,4.0,Violan Clemondsey,False
2929_01,Earth,True,G/467/S,PSO J318.5-22,48.0,False,0.0,0.0,0.0,0.0,0.0,Alancy Mcbritts,True
1800_02,Earth,True,G/283/S,55 Cancri e,10.0,False,0.0,0.0,0.0,0.0,0.0,Nelle Goffey,False
6982_01,Earth,True,G/1128/P,TRAPPIST-1e,21.0,False,0.0,0.0,0.0,0.0,0.0,Johna Garnes,True
0401_01,Mars,False,D/14/S,TRAPPIST-1e,30.0,True,1056.0,0.0,0.0,0.0,0.0,Luse Pimne,False
6030_04,Earth,False,G/981/S,TRAPPIST-1e,30.0,False,0.0,0.0,47.0,703.0,4.0,Fanne Steinardson,True
2295_02,Earth,False,F/466/P,TRAPPIST-1e,37.0,False,0.0,8.0,70.0,360.0,258.0,Jillie Emenez,False
0356_01,Europa,True,B/15/P,55 Cancri e,36.0,False,0.0,0.0,0.0,0.0,0.0,Pharmus Gloyanthy,True
7200_01,Europa,False,C/264/S,TRAPPIST-1e,37.0,False,300.0,3434.0,0.0,1.0,171.0,Aldah Coustive,True
2596_02,Mars,True,F/534/P,TRAPPIST-1e,20.0,False,0.0,0.0,0.0,0.0,0.0,Carde Kniva,True
3514_01,Earth,False,G/576/P,TRAPPIST-1e,19.0,False,122.0,170.0,52.0,0.0,465.0,Mara Batestonley,False
8316_01,Earth,False,F/1709/P,55 Cancri e,21.0,False,532.0,4.0,37.0,1.0,0.0,Gailia Beckerson,False
6614_01,Mars,True,F/1268/S,TRAPPIST-1e,29.0,False,0.0,0.0,0.0,0.0,0.0,Naffsh Katte,True
2228_01,Mars,False,E/158/S,TRAPPIST-1e,63.0,False,1172.0,0.0,1.0,,0.0,Basps Rasty,False
5466_04,Europa,False,B/185/P,55 Cancri e,35.0,False,0.0,4618.0,0.0,324.0,12061.0,Asterf Boltund,False
1193_02,Europa,True,B/50/S,55 Cancri e,25.0,False,0.0,0.0,0.0,0.0,0.0,Solam Presstic,True
5243_01,Earth,False,F/1005/S,TRAPPIST-1e,24.0,False,1231.0,0.0,0.0,1.0,3.0,Lanedy Mclardson,True
7235_01,Europa,False,B/241/P,,36.0,False,0.0,1606.0,511.0,89.0,2220.0,Cherkab Bruthydre,False
2597_01,Mars,True,F/500/S,TRAPPIST-1e,25.0,False,0.0,0.0,0.0,0.0,0.0,Want Jamai,True
0411_01,Earth,False,F/91/P,TRAPPIST-1e,16.0,False,691.0,0.0,101.0,140.0,0.0,Benny Rushorney,False
7155_01,Earth,False,F/1375/S,PSO J318.5-22,28.0,False,0.0,0.0,0.0,669.0,16.0,Troyra Cames,False
2445_01,Earth,False,E/170/S,,43.0,False,602.0,3.0,27.0,89.0,69.0,Sanney Lerez,False
4185_01,Earth,False,G/688/P,TRAPPIST-1e,24.0,False,0.0,1725.0,0.0,0.0,0.0,Coreee Waderoachez,True
5366_01,Europa,True,E/338/P,TRAPPIST-1e,31.0,False,0.0,0.0,0.0,0.0,0.0,Asellan Calved,True
7924_01,Earth,False,F/1642/P,TRAPPIST-1e,28.0,False,589.0,57.0,0.0,0.0,0.0,Ninaha Mondalley,False
6698_01,Earth,False,F/1393/P,PSO J318.5-22,31.0,False,239.0,321.0,0.0,0.0,124.0,Julion Hayersents,False
5811_02,Europa,False,A/54/P,55 Cancri e,46.0,False,35.0,3953.0,0.0,2108.0,0.0,Sadlam Fulatorly,True
3609_01,Europa,False,C/118/P,55 Cancri e,28.0,False,5.0,2052.0,0.0,3340.0,,Grumak Fralledic,False
8410_01,Earth,False,F/1615/S,TRAPPIST-1e,52.0,False,289.0,302.0,0.0,112.0,0.0,Joyn Guezaley,False
4650_01,Earth,False,G/762/S,TRAPPIST-1e,42.0,False,84.0,323.0,0.0,1251.0,120.0,Eddiey Kramosley,False
1580_01,Earth,False,G/246/S,TRAPPIST-1e,13.0,False,0.0,0.0,8.0,0.0,714.0,Enrie Hinesh,False
6222_01,Earth,False,F/1190/S,PSO J318.5-22,29.0,False,25.0,0.0,2.0,0.0,657.0,Ellard Lewintos,False
1424_03,Europa,False,B/47/P,TRAPPIST-1e,8.0,False,0.0,0.0,0.0,0.0,0.0,Elebola Sageng,True
6947_02,Europa,False,B/264/S,TRAPPIST-1e,49.0,False,0.0,1757.0,0.0,797.0,567.0,Cellum Obnoble,True
7561_01,Earth,False,F/1445/S,TRAPPIST-1e,18.0,False,388.0,182.0,0.0,66.0,140.0,,False
2273_01,Earth,False,E/162/S,TRAPPIST-1e,22.0,False,0.0,0.0,0.0,10.0,778.0,Timmy Hanner,False
1704_01,Mars,False,D/60/S,TRAPPIST-1e,13.0,False,1112.0,0.0,687.0,0.0,3.0,Tors Breke,False
2877_01,Earth,False,F/592/P,TRAPPIST-1e,36.0,False,418.0,40.0,7.0,338.0,0.0,Berly Vinozarks,False
6041_01,Mars,False,F/1248/P,TRAPPIST-1e,34.0,False,419.0,0.0,15.0,0.0,0.0,Gut Potie,False
9168_02,Europa,True,C/338/S,TRAPPIST-1e,41.0,False,0.0,0.0,0.0,0.0,0.0,Algiedi Cassiding,True
5922_01,Earth,False,G/960/P,TRAPPIST-1e,32.0,False,0.0,0.0,0.0,0.0,0.0,Elia Bairdyork,False
3783_01,Earth,False,F/780/P,55 Cancri e,51.0,False,183.0,0.0,1.0,0.0,1103.0,Hilly Wolffy,False
6016_01,Earth,False,E/383/P,TRAPPIST-1e,24.0,False,718.0,0.0,265.0,302.0,384.0,Robyny Gardonadox,False
4508_03,Mars,False,F/926/P,TRAPPIST-1e,25.0,False,1340.0,0.0,8.0,0.0,0.0,Cornys Pepie,False
2732_02,Earth,False,G/435/S,55 Cancri e,6.0,False,0.0,0.0,0.0,0.0,0.0,Jilly Hurles,False
9020_01,Earth,False,F/1747/S,PSO J318.5-22,18.0,False,0.0,0.0,0.0,391.0,283.0,Billia Pottonalden,True
7402_01,Europa,,C/272/S,TRAPPIST-1e,16.0,False,0.0,1417.0,3.0,27.0,186.0,Wimpha Stioutody,True
7171_01,Earth,True,G/1155/P,TRAPPIST-1e,37.0,False,0.0,0.0,0.0,0.0,0.0,Stancy Wardendez,True
7518_02,Europa,False,B/246/P,PSO J318.5-22,32.0,True,2502.0,700.0,1104.0,13902.0,484.0,Aviton Droning,False
7336_01,,False,F/1411/S,TRAPPIST-1e,30.0,False,2.0,0.0,5.0,1.0,962.0,Dianie Lambles,False
1897_01,Europa,False,C/72/S,55 Cancri e,39.0,False,0.0,10153.0,1.0,78.0,5063.0,Zaurion Gocent,True
1798_01,Earth,False,E/137/S,TRAPPIST-1e,39.0,False,1.0,275.0,33.0,376.0,105.0,Bel Mcfarley,False
4181_05,Europa,False,C/133/P,55 Cancri e,31.0,False,2.0,8747.0,0.0,4840.0,14485.0,Wezena Frattyring,False
1365_02,Europa,True,B/58/S,TRAPPIST-1e,20.0,False,0.0,0.0,0.0,0.0,0.0,Anchird Exnutch,True
3614_01,Earth,False,F/749/P,TRAPPIST-1e,20.0,False,2.0,0.0,7.0,2.0,547.0,Eduard Quinnerry,False
8369_01,Mars,True,F/1604/S,TRAPPIST-1e,61.0,False,0.0,0.0,0.0,0.0,0.0,Honjay Chene,True
3626_01,Earth,True,G/586/S,TRAPPIST-1e,36.0,False,0.0,0.0,0.0,0.0,0.0,Wine Patthews,True
1500_03,Earth,False,G/230/S,55 Cancri e,17.0,False,0.0,55.0,913.0,0.0,55.0,Joandy Barbes,True
0114_01,Earth,False,G/20/S,TRAPPIST-1e,27.0,False,82.0,157.0,429.0,238.0,1.0,Maura Beckerson,False
7858_02,Earth,False,F/1630/P,55 Cancri e,16.0,False,0.0,11.0,0.0,863.0,0.0,Ward Kramorry,False
8027_02,Earth,False,F/1535/S,55 Cancri e,27.0,False,31.0,225.0,331.0,0.0,14.0,Wally Logannon,False
7828_01,Earth,True,G/1266/S,TRAPPIST-1e,28.0,False,0.0,0.0,0.0,0.0,0.0,Jimmyn Deckley,False
5193_01,Europa,False,C/202/S,TRAPPIST-1e,34.0,False,0.0,914.0,0.0,2433.0,647.0,Betenar Craing,True
1086_05,Earth,False,G/166/P,TRAPPIST-1e,7.0,False,0.0,0.0,0.0,0.0,0.0,Elly Willangsey,True
7698_01,Mars,False,F/1602/P,TRAPPIST-1e,39.0,False,332.0,0.0,728.0,2.0,86.0,Beres Derte,True
4602_01,Earth,False,F/945/P,55 Cancri e,36.0,False,0.0,0.0,0.0,725.0,2.0,Jerek Whitakers,False
9244_01,Earth,True,G/1489/S,PSO J318.5-22,13.0,False,0.0,0.0,0.0,0.0,0.0,Chrisa Francock,True
5957_02,Europa,True,B/203/P,55 Cancri e,15.0,False,0.0,0.0,0.0,0.0,0.0,Zedark Chuble,True
7748_02,Europa,False,A/94/S,TRAPPIST-1e,39.0,True,0.0,395.0,0.0,1012.0,1080.0,Almino Obsentork,False
1210_01,Earth,True,G/179/P,TRAPPIST-1e,45.0,,0.0,0.0,0.0,0.0,0.0,Helean Brooker,True
8998_01,Earth,True,G/1449/S,TRAPPIST-1e,41.0,False,0.0,0.0,0.0,0.0,0.0,Gerry Englence,False
6979_01,Earth,False,E/447/P,TRAPPIST-1e,22.0,False,712.0,6.0,70.0,0.0,0.0,Arla Morelly,False
1975_01,Earth,False,G/310/S,TRAPPIST-1e,22.0,False,0.0,0.0,0.0,10.0,761.0,Jeandy Hobbinson,False
1507_02,Earth,False,F/289/S,TRAPPIST-1e,14.0,False,1.0,1.0,683.0,419.0,0.0,Jerek Jeffey,False
2115_01,Europa,True,D/72/S,TRAPPIST-1e,27.0,False,0.0,0.0,0.0,0.0,0.0,Schird Oinded,True
6219_01,Earth,False,F/1283/P,TRAPPIST-1e,14.0,False,71.0,0.0,0.0,0.0,,Aliedy Carrishley,False
0599_01,Mars,False,F/124/P,TRAPPIST-1e,0.0,False,0.0,0.0,0.0,0.0,0.0,Losp Crité,True
7208_02,Earth,False,F/1492/P,TRAPPIST-1e,16.0,False,23.0,479.0,0.0,0.0,373.0,Alene Gibbsonton,False
0808_01,Earth,False,E/57/S,TRAPPIST-1e,31.0,False,159.0,110.0,701.0,0.0,10.0,Benew Ramoran,False
1669_02,Mars,True,F/317/S,TRAPPIST-1e,0.0,False,0.0,0.0,0.0,0.0,0.0,Spuffs Spane,True
4066_01,Europa,,B/155/S,55 Cancri e,18.0,False,0.0,30.0,0.0,67.0,2790.0,Taurius Objeciane,False
1748_03,Earth,False,G/287/P,TRAPPIST-1e,4.0,False,0.0,0.0,0.0,0.0,0.0,Keithy Burchrison,True
7787_02,Europa,True,,TRAPPIST-1e,18.0,False,0.0,0.0,0.0,0.0,0.0,Sular Cousel,True
0460_01,Earth,True,G/65/S,PSO J318.5-22,24.0,False,0.0,0.0,0.0,0.0,0.0,Shawne Jenningley,True
1310_01,Europa,False,C/52/S,TRAPPIST-1e,57.0,False,0.0,987.0,1.0,4948.0,53.0,Kitauon Coillery,False
3040_01,Mars,False,F/577/S,TRAPPIST-1e,32.0,False,2616.0,0.0,2.0,5.0,0.0,Nilly Purle,False
0653_01,Mars,,E/45/S,TRAPPIST-1e,39.0,False,0.0,0.0,0.0,0.0,0.0,Rionk Paska,True
4610_01,Earth,False,G/752/P,TRAPPIST-1e,28.0,False,5.0,0.0,0.0,1014.0,0.0,Enryn Alfordonard,False
4360_01,Mars,True,F/896/P,TRAPPIST-1e,18.0,False,0.0,0.0,0.0,0.0,0.0,Possh Crie,True
4256_08,Earth,False,F/880/P,55 Cancri e,44.0,False,0.0,0.0,608.0,0.0,91.0,Gerte Garnes,False
5998_01,Earth,False,G/977/S,TRAPPIST-1e,30.0,False,477.0,0.0,8.0,0.0,323.0,Mara Haydenzier,True
3773_03,Earth,False,F/711/S,PSO J318.5-22,23.0,False,0.0,552.0,44.0,0.0,661.0,Wena Prestonard,True
7856_01,Earth,False,F/1503/S,TRAPPIST-1e,34.0,,0.0,0.0,0.0,156.0,620.0,Darrie Contrevins,False
3405_02,Earth,False,G/546/S,TRAPPIST-1e,11.0,False,0.0,0.0,0.0,0.0,0.0,Elicia Bakerson,True
1962_01,Earth,False,F/390/P,TRAPPIST-1e,24.0,False,3.0,361.0,94.0,824.0,160.0,Verek Buckeenez,False
2470_01,Earth,False,G/398/S,TRAPPIST-1e,23.0,False,139.0,0.0,0.0,567.0,0.0,Mollen Bookst,False
1897_02,Europa,False,C/72/S,TRAPPIST-1e,38.0,False,0.0,354.0,0.0,1806.0,0.0,Arino Gocent,True
3862_03,Mars,True,E/256/S,TRAPPIST-1e,31.0,False,0.0,0.0,0.0,0.0,0.0,,False
0583_01,Mars,True,F/109/S,TRAPPIST-1e,3.0,False,0.0,0.0,0.0,0.0,0.0,Muebix Erle,True
7001_01,Europa,True,D/213/S,TRAPPIST-1e,31.0,False,0.0,0.0,0.0,0.0,0.0,Majora Guieroolow,True
1767_04,Europa,True,C/65/S,TRAPPIST-1e,46.0,False,0.0,0.0,0.0,0.0,0.0,Coxah Gleroling,True
5867_01,Earth,False,F/1212/P,TRAPPIST-1e,45.0,False,,0.0,0.0,1501.0,24.0,Noria Rocknight,False
1041_01,Europa,True,,TRAPPIST-1e,46.0,False,0.0,0.0,0.0,0.0,0.0,Algrafi Heedry,True
7649_01,Earth,True,G/1241/S,TRAPPIST-1e,24.0,False,0.0,0.0,0.0,0.0,0.0,Toniel Reenon,True
8764_01,Mars,True,F/1697/S,55 Cancri e,25.0,False,0.0,0.0,0.0,0.0,0.0,Zers Gene,True
3823_01,Mars,False,F/719/S,TRAPPIST-1e,27.0,False,1192.0,0.0,0.0,0.0,0.0,Crisp Spore,True
5260_01,Earth,True,G/849/P,55 Cancri e,17.0,False,0.0,0.0,0.0,0.0,0.0,Racy Fulloydez,True
7802_01,Mars,False,F/1620/P,TRAPPIST-1e,33.0,False,166.0,634.0,419.0,201.0,1178.0,Backse Pead,False
2682_01,Earth,False,G/434/P,TRAPPIST-1e,31.0,False,880.0,0.0,0.0,8.0,0.0,Berty Whiters,False
3361_01,Mars,True,F/635/S,TRAPPIST-1e,25.0,False,0.0,0.0,0.0,0.0,0.0,Ming Sinda,True
8781_01,Earth,False,G/1415/S,TRAPPIST-1e,20.0,False,0.0,91.0,2.0,623.0,93.0,Kencey Flowensley,False
3189_01,Mars,True,D/102/P,55 Cancri e,40.0,False,0.0,0.0,0.0,0.0,0.0,Weers Che,True
0984_08,Earth,True,G/150/S,TRAPPIST-1e,71.0,False,0.0,0.0,0.0,0.0,0.0,Alancy Flemaney,True
0115_01,Mars,,F/24/P,TRAPPIST-1e,26.0,False,0.0,0.0,0.0,0.0,,Rohs Pead,True
1544_01,Earth,False,G/245/P,TRAPPIST-1e,21.0,False,9.0,0.0,0.0,0.0,800.0,Rosiey Ayalazquez,False
4743_01,Europa,False,E/306/S,TRAPPIST-1e,38.0,False,0.0,4504.0,0.0,13.0,302.0,Suhaion Ametic,True
0776_01,Earth,False,F/161/P,TRAPPIST-1e,19.0,False,0.0,2.0,1399.0,0.0,18.0,Breney Roycentes,True
6905_03,Earth,False,F/1322/S,55 Cancri e,16.0,False,43.0,3.0,750.0,0.0,0.0,Gaylah Acobson,True
3331_01,,False,F/631/S,TRAPPIST-1e,40.0,False,666.0,4.0,83.0,0.0,50.0,,True
2404_02,Europa,True,C/86/S,TRAPPIST-1e,17.0,False,0.0,0.0,0.0,0.0,0.0,Alatik Disheract,True
5390_03,Earth,False,F/1032/S,TRAPPIST-1e,48.0,False,83.0,110.0,0.0,690.0,8.0,Brank Owerson,True
6805_01,Europa,False,E/449/S,TRAPPIST-1e,50.0,False,52.0,996.0,0.0,700.0,1.0,Alathim Suasharic,False
6066_01,Europa,False,C/226/S,TRAPPIST-1e,33.0,False,0.0,357.0,2366.0,1612.0,2137.0,Altan Mallisly,False
6346_02,Mars,False,F/1212/S,TRAPPIST-1e,54.0,False,676.0,0.0,231.0,379.0,0.0,Anch Perta,False
8595_01,Mars,True,E/551/P,TRAPPIST-1e,22.0,False,0.0,0.0,0.0,0.0,0.0,Froos Stche,True
7495_01,Mars,False,F/1431/S,TRAPPIST-1e,45.0,False,2.0,36.0,1110.0,9.0,0.0,Weres Ropie,False
0128_02,Mars,False,E/8/S,TRAPPIST-1e,45.0,False,2103.0,6.0,0.0,0.0,0.0,Barave Fles,False
2518_02,Europa,True,C/87/P,55 Cancri e,28.0,False,0.0,0.0,0.0,0.0,0.0,Alsafik Fouseding,True
1543_01,Europa,True,C/56/P,55 Cancri e,34.0,False,0.0,0.0,0.0,0.0,0.0,Izarkab Clidly,True
4473_02,Mars,False,E/292/S,TRAPPIST-1e,27.0,False,994.0,0.0,26.0,1.0,0.0,Terek Welte,False
2919_02,Mars,False,F/555/S,TRAPPIST-1e,0.0,False,0.0,0.0,0.0,0.0,0.0,Soyos Kra,True
2712_01,Europa,True,B/105/S,TRAPPIST-1e,44.0,False,0.0,0.0,0.0,0.0,0.0,Mothab Doorge,True
8897_01,Earth,True,G/1440/P,PSO J318.5-22,24.0,False,0.0,0.0,0.0,0.0,0.0,Courta Hoppers,True
3390_01,Mars,True,F/643/S,TRAPPIST-1e,39.0,False,0.0,0.0,0.0,0.0,,Stech Mane,True
9272_01,Earth,False,G/1507/P,TRAPPIST-1e,26.0,False,240.0,242.0,510.0,0.0,0.0,Ireene Simson,True
1038_01,Earth,False,G/163/S,TRAPPIST-1e,47.0,False,0.0,306.0,84.0,499.0,0.0,Naomie Knoxonway,False
8119_01,Earth,True,F/1555/S,55 Cancri e,2.0,False,0.0,0.0,0.0,0.0,0.0,Harvin Tersimpson,False
5729_01,Mars,True,F/1186/P,TRAPPIST-1e,29.0,False,0.0,0.0,0.0,0.0,0.0,Honjay Merie,True
3060_03,Mars,,E/201/S,TRAPPIST-1e,55.0,False,0.0,0.0,0.0,0.0,0.0,Torms Chman,False
6156_01,Earth,False,F/1179/S,TRAPPIST-1e,40.0,,0.0,1.0,0.0,888.0,80.0,Aleroy Gaineyerson,False
1988_01,Earth,True,G/321/P,TRAPPIST-1e,44.0,False,0.0,0.0,0.0,0.0,0.0,Eleaha Wallerson,False
5412_01,Earth,,G/870/P,TRAPPIST-1e,23.0,False,0.0,806.0,0.0,2.0,0.0,Erie Patthews,True
3628_01,Earth,False,F/752/P,55 Cancri e,18.0,False,42.0,103.0,0.0,498.0,0.0,Vanez Hammonton,False
4719_01,Mars,True,E/305/S,TRAPPIST-1e,35.0,False,0.0,,0.0,0.0,0.0,Cakers Bra,True
7563_01,Mars,True,F/1570/P,55 Cancri e,39.0,False,0.0,0.0,0.0,0.0,0.0,,True
7830_02,Earth,True,G/1268/S,PSO J318.5-22,2.0,False,0.0,0.0,0.0,0.0,0.0,Gordo Belley,True
7905_03,Europa,False,C/296/S,55 Cancri e,26.0,,1432.0,1283.0,0.0,178.0,5034.0,Meram Axlentindy,False
1615_03,Earth,False,G/259/P,TRAPPIST-1e,0.0,False,0.0,0.0,0.0,0.0,0.0,Terina Lopelases,True
0379_01,Earth,False,G/63/P,TRAPPIST-1e,31.0,False,198.0,0.0,591.0,0.0,164.0,Brita Moodson,True
9073_01,Europa,False,A/107/S,TRAPPIST-1e,13.0,False,24.0,838.0,1069.0,1376.0,181.0,Marazha Shricatory,False
3384_01,Earth,False,F/699/P,TRAPPIST-1e,18.0,False,1.0,56.0,0.0,602.0,205.0,Harlen Gilesonston,False
3772_01,Earth,False,G/616/P,55 Cancri e,8.0,False,0.0,0.0,0.0,0.0,0.0,Tarah Castron,True
4483_01,Mars,False,D/151/P,TRAPPIST-1e,25.0,False,1956.0,0.0,161.0,239.0,28.0,Price Tepie,False
7628_01,Mars,False,F/1584/P,TRAPPIST-1e,19.0,False,37.0,0.0,1288.0,0.0,0.0,Hoces Wala,True
8023_01,Europa,False,D/249/P,TRAPPIST-1e,14.0,False,0.0,4545.0,271.0,199.0,1377.0,Cella Mallisly,True
4035_01,Earth,True,G/662/P,55 Cancri e,21.0,False,0.0,0.0,0.0,0.0,0.0,Pamiea Bryants,True
0062_01,Earth,False,F/13/S,TRAPPIST-1e,62.0,False,0.0,592.0,0.0,17.0,25.0,Sterry Greeves,False
6116_01,Mars,,F/1167/S,TRAPPIST-1e,28.0,False,828.0,0.0,72.0,6.0,0.0,Boon Hart,False
4656_01,Earth,False,F/875/S,TRAPPIST-1e,23.0,False,0.0,1125.0,0.0,,993.0,Alvira Miranciash,False
5810_02,,False,E/366/P,TRAPPIST-1e,31.0,False,0.0,1489.0,68.0,6.0,0.0,Annez Chapmaney,True
6166_01,Earth,False,E/394/P,TRAPPIST-1e,25.0,False,980.0,0.0,3.0,0.0,0.0,Andan Handertiz,False
8032_02,Europa,True,A/85/P,,40.0,False,0.0,0.0,0.0,0.0,0.0,Alasym Couresteer,True
0560_01,Earth,False,G/81/S,TRAPPIST-1e,4.0,False,0.0,0.0,0.0,0.0,0.0,Anniey Hortez,False
8891_01,Earth,False,F/1831/P,TRAPPIST-1e,24.0,False,1186.0,0.0,381.0,3.0,173.0,Jimmyn Pooley,True
7660_01,Europa,True,B/294/S,55 Cancri e,25.0,False,0.0,0.0,0.0,0.0,0.0,Atrino Lisholtery,True
0012_01,Earth,False,,TRAPPIST-1e,31.0,False,32.0,0.0,876.0,0.0,0.0,Justie Pooles,False
4466_01,Europa,False,A/40/P,55 Cancri e,31.0,True,0.0,2461.0,0.0,51.0,2141.0,Ainkard Crakete,False
4400_03,Mars,True,F/830/S,,5.0,False,0.0,0.0,0.0,0.0,0.0,Flyros Sepie,True
3933_01,Earth,True,G/642/S,55 Cancri e,34.0,False,0.0,0.0,0.0,0.0,0.0,Gileen Coleyanglas,True
6090_01,Mars,True,F/1259/P,TRAPPIST-1e,36.0,False,0.0,0.0,0.0,0.0,0.0,Cants Bra,True
8930_01,Earth,False,F/1725/S,PSO J318.5-22,23.0,False,0.0,471.0,120.0,13.0,6.0,Alvira Cleachrand,True
1603_01,Earth,False,F/317/P,TRAPPIST-1e,42.0,False,0.0,594.0,0.0,0.0,119.0,Tyle Carreralend,False
5194_02,Europa,True,B/176/P,55 Cancri e,16.0,False,0.0,0.0,0.0,0.0,0.0,Astonon Ainatint,True
3660_01,Earth,False,G/594/S,TRAPPIST-1e,,False,42.0,0.0,671.0,71.0,0.0,Rhonya Chroeders,False
2720_01,Earth,False,G/439/P,PSO J318.5-22,23.0,False,171.0,2373.0,1.0,30.0,985.0,Felice Beckeey,False
4501_01,,True,G/735/S,TRAPPIST-1e,22.0,False,0.0,0.0,0.0,0.0,0.0,Eilace Castannison,True
8438_01,Mars,False,F/1624/S,TRAPPIST-1e,32.0,False,725.0,0.0,1641.0,0.0,0.0,Kohs Prist,False
8384_01,Earth,False,F/1722/P,TRAPPIST-1e,20.0,False,0.0,0.0,0.0,1535.0,0.0,Carry Contrevins,False
1082_01,Mars,False,F/205/S,TRAPPIST-1e,33.0,False,694.0,0.0,60.0,564.0,0.0,Grake Traie,False
3852_01,Mars,True,F/796/P,TRAPPIST-1e,,False,0.0,0.0,0.0,0.0,0.0,Tive Tepie,True
7056_01,Europa,False,D/217/S,55 Cancri e,43.0,False,0.0,2093.0,0.0,3409.0,30.0,Alramix Secont,False
8086_01,Earth,True,G/1306/P,PSO J318.5-22,44.0,False,0.0,0.0,,0.0,0.0,Denis Rochaserry,True
3769_01,Mars,False,E/251/S,TRAPPIST-1e,47.0,False,1037.0,0.0,258.0,4.0,0.0,Guar Stead,False
7083_02,Europa,,C/259/S,55 Cancri e,57.0,False,0.0,0.0,0.0,0.0,0.0,Minoton Pirejus,True
5416_03,Mars,True,F/1114/P,TRAPPIST-1e,18.0,False,0.0,0.0,0.0,0.0,0.0,Ech Saf,True
8341_01,Earth,False,F/1601/S,TRAPPIST-1e,37.0,False,477.0,0.0,167.0,0.0,46.0,Etha Pughlinsons,False
3747_04,Europa,True,B/118/P,55 Cancri e,18.0,False,0.0,0.0,0.0,0.0,0.0,Tabiton Ambleetive,True
9108_02,Earth,False,G/1468/S,TRAPPIST-1e,37.0,False,15.0,7.0,0.0,786.0,0.0,Alvia Shawforden,False
4898_01,Earth,False,F/933/S,TRAPPIST-1e,28.0,False,647.0,1.0,32.0,71.0,140.0,Lorian Bertsontry,True
4031_01,Europa,True,C/131/P,55 Cancri e,,False,0.0,,0.0,0.0,0.0,Algeno Listive,True
1887_01,Earth,False,G/295/S,TRAPPIST-1e,35.0,False,0.0,88.0,718.0,46.0,0.0,Wilmay Pooley,False
3120_01,Mars,True,E/204/S,TRAPPIST-1e,25.0,False,0.0,0.0,0.0,0.0,0.0,Rionk Rhuba,True
5048_01,Earth,False,,TRAPPIST-1e,38.0,False,0.0,0.0,0.0,0.0,0.0,Lerion Moodson,True
0108_02,Earth,False,G/19/S,TRAPPIST-1e,31.0,False,562.0,0.0,326.0,0.0,0.0,,False
1717_01,Earth,False,E/105/P,TRAPPIST-1e,40.0,False,813.0,0.0,473.0,236.0,0.0,Alicey Franankson,True
1304_02,Earth,False,E/82/P,TRAPPIST-1e,4.0,False,0.0,0.0,0.0,0.0,0.0,Mamina Carrishley,False
6273_02,Mars,False,D/196/P,TRAPPIST-1e,32.0,False,2031.0,0.0,28.0,519.0,0.0,Basps Fisty,False
2133_02,Mars,True,F/416/S,TRAPPIST-1e,16.0,False,0.0,0.0,0.0,0.0,0.0,Elfs Chrie,True
2006_01,Earth,False,F/386/S,TRAPPIST-1e,24.0,False,,856.0,0.0,0.0,5.0,Eriky Moorez,False
7442_01,Earth,False,E/495/S,TRAPPIST-1e,43.0,False,20.0,0.0,726.0,,0.0,Antony Morrencis,False
3896_01,,,C/140/S,55 Cancri e,18.0,False,0.0,4387.0,0.0,2241.0,0.0,Ainoxa Preeldy,True
2442_01,Mars,True,F/505/P,TRAPPIST-1e,34.0,,0.0,0.0,0.0,0.0,0.0,Beals Perie,True
7367_01,Mars,False,D/234/P,TRAPPIST-1e,21.0,False,2611.0,0.0,103.0,4.0,0.0,Lidex Letty,False
5036_01,Earth,True,G/814/P,PSO J318.5-22,34.0,False,0.0,0.0,0.0,0.0,0.0,Robyny Walterson,False
0043_01,Europa,False,B/3/P,TRAPPIST-1e,45.0,False,0.0,164.0,45.0,2511.0,855.0,Ankalik Cylistrand,False
9084_01,,False,E/582/P,TRAPPIST-1e,25.0,False,1258.0,0.0,22.0,19.0,0.0,Jurs Mone,False
2925_02,Mars,True,F/609/P,55 Cancri e,23.0,False,0.0,0.0,0.0,0.0,0.0,Goleer Minen,True
2527_01,Earth,True,G/405/S,PSO J318.5-22,38.0,,0.0,0.0,0.0,0.0,0.0,Dianie Brownings,True
2729_01,Earth,True,G/432/S,TRAPPIST-1e,15.0,False,0.0,0.0,0.0,0.0,0.0,Jodip Burchrison,True
2722_01,Mars,True,D/93/S,55 Cancri e,25.0,False,0.0,0.0,0.0,0.0,0.0,Frunch Sutte,True
7118_01,Earth,False,F/1475/P,PSO J318.5-22,17.0,False,0.0,1381.0,2.0,0.0,0.0,Jimmya Campson,False
4732_01,Europa,True,C/151/P,TRAPPIST-1e,4.0,False,0.0,,0.0,0.0,0.0,Thabius Slavested,True
6660_01,Earth,False,F/1384/P,TRAPPIST-1e,47.0,False,590.0,0.0,47.0,3.0,53.0,Debora Horndley,False
5109_01,Earth,False,G/835/S,PSO J318.5-22,47.0,False,83.0,1.0,0.0,654.0,3.0,Hilia Joycerton,True
4350_01,Earth,True,G/709/S,TRAPPIST-1e,21.0,False,0.0,0.0,0.0,0.0,0.0,Rence Robersondez,True
4302_01,Earth,True,G/706/P,55 Cancri e,6.0,False,0.0,0.0,0.0,0.0,0.0,Sethew Chaellerty,True
5127_02,Earth,False,F/983/S,TRAPPIST-1e,16.0,False,43.0,0.0,0.0,1893.0,119.0,Faithy Yanton,False
0771_01,Earth,True,G/112/P,TRAPPIST-1e,25.0,False,0.0,0.0,0.0,0.0,0.0,Troyra Steeletters,False
3648_01,Earth,False,F/687/S,PSO J318.5-22,39.0,False,0.0,0.0,0.0,1144.0,0.0,Tany Mcculley,False
5711_01,Earth,False,F/1183/P,TRAPPIST-1e,19.0,False,,0.0,0.0,692.0,164.0,Daryla Mullericer,False
3216_01,Earth,True,G/509/S,TRAPPIST-1e,3.0,False,0.0,0.0,0.0,0.0,0.0,Eristy Haydenzier,True
3872_01,Mars,True,F/799/P,TRAPPIST-1e,30.0,False,0.0,0.0,0.0,0.0,0.0,Cupers Quart,True
0538_01,Earth,False,F/110/P,TRAPPIST-1e,28.0,False,0.0,1073.0,0.0,0.0,5.0,Walla Swanardy,True
0133_02,Mars,False,D/5/S,TRAPPIST-1e,36.0,False,2738.0,0.0,0.0,0.0,0.0,Egrasp Blie,False
5006_01,Europa,True,B/166/P,TRAPPIST-1e,15.0,False,0.0,0.0,0.0,0.0,0.0,Kochard Stingive,True
7351_01,Europa,True,D/221/S,55 Cancri e,36.0,False,0.0,0.0,0.0,,0.0,Sularon Loring,True
4189_01,Earth,False,G/686/S,55 Cancri e,17.0,False,558.0,0.0,3.0,0.0,1226.0,Wayney Petermandez,False
1455_05,Europa,False,B/62/S,55 Cancri e,76.0,False,0.0,2732.0,422.0,16594.0,330.0,Antino Wassird,False
8077_01,Earth,False,G/1304/P,TRAPPIST-1e,20.0,False,721.0,122.0,0.0,0.0,0.0,Racy Watsongley,False
2755_01,Europa,True,B/85/P,55 Cancri e,36.0,False,0.0,0.0,0.0,0.0,0.0,Beneba Glousspidy,True
0938_02,Earth,False,E/68/S,TRAPPIST-1e,30.0,False,0.0,0.0,871.0,0.0,0.0,Walles Solinez,True
8297_01,,False,F/1592/S,TRAPPIST-1e,21.0,False,5.0,0.0,0.0,22.0,639.0,Hilley Charpelaney,False
8265_01,Earth,True,G/1344/P,TRAPPIST-1e,18.0,False,0.0,0.0,0.0,0.0,0.0,Curtle Winsley,False
3001_01,Europa,False,C/101/P,55 Cancri e,38.0,True,0.0,1577.0,0.0,425.0,4359.0,Phecca Shming,False
7639_01,Europa,True,B/290/S,55 Cancri e,44.0,False,0.0,0.0,0.0,,0.0,Wimps Invebodene,True
7872_01,Earth,,G/1267/P,TRAPPIST-1e,1.0,False,0.0,0.0,0.0,0.0,0.0,Elancy Wardendez,False
6032_02,,False,E/397/S,TRAPPIST-1e,40.0,False,521.0,4.0,53.0,70.0,141.0,Lison Mcdowns,False
3131_03,,True,G/492/S,TRAPPIST-1e,4.0,False,0.0,0.0,0.0,0.0,0.0,Jamela Griffy,True
5796_01,Mars,False,F/1107/S,TRAPPIST-1e,32.0,False,6769.0,0.0,,113.0,1.0,Grog Pre,False
8115_02,Europa,True,B/318/S,TRAPPIST-1e,40.0,False,0.0,0.0,0.0,0.0,0.0,Eltais Prieress,True
6844_01,Mars,False,E/455/S,55 Cancri e,23.0,False,71.0,0.0,1376.0,0.0,890.0,Chones Brin,False
7990_01,Earth,True,G/1294/P,55 Cancri e,21.0,False,0.0,0.0,0.0,0.0,0.0,Becca Dorsenry,True
0885_01,Earth,True,G/133/S,TRAPPIST-1e,31.0,False,0.0,0.0,0.0,0.0,0.0,Chelsa Pittson,False
4482_05,Earth,True,G/732/S,TRAPPIST-1e,3.0,False,0.0,0.0,0.0,0.0,0.0,Allia Bartines,True
1782_01,Earth,True,,TRAPPIST-1e,28.0,False,0.0,0.0,0.0,0.0,0.0,Stald Moodson,False
0629_01,Earth,False,G/96/P,TRAPPIST-1e,38.0,False,0.0,0.0,0.0,1018.0,0.0,Rickie Portananney,False
5303_04,Earth,True,G/857/P,TRAPPIST-1e,2.0,False,0.0,0.0,0.0,0.0,0.0,Yvonna Lambleyoun,True
6583_02,Europa,False,B/254/S,55 Cancri e,53.0,False,0.0,2606.0,0.0,1170.0,0.0,Zinon Asivetfuel,True
2006_02,Earth,False,G/317/S,TRAPPIST-1e,4.0,False,0.0,0.0,0.0,0.0,0.0,Crisey Moorez,False
7156_03,Mars,True,E/475/S,TRAPPIST-1e,31.0,False,0.0,0.0,0.0,0.0,0.0,Pigars Ramad,True
2671_01,Earth,False,F/554/P,55 Cancri e,17.0,False,0.0,33.0,0.0,56.0,708.0,Anae Oconley,False
8203_02,Europa,True,C/307/S,TRAPPIST-1e,24.0,False,0.0,0.0,0.0,0.0,0.0,Geno Pernised,True
7304_01,Mars,True,F/1512/P,TRAPPIST-1e,10.0,,0.0,0.0,0.0,0.0,0.0,Jet Sinda,True
1142_01,Earth,False,G/173/P,TRAPPIST-1e,54.0,False,0.0,0.0,0.0,0.0,908.0,Evaned Pugherman,True
